[2026-05-01 08:59:49] ========================================================================
[2026-05-01 08:59:49] Llama-3.1-8B-Instruct-Open-R1-GRPO α-sweep — START
[2026-05-01 08:59:49] Model: open-r1-qwen-7b  |  Vectors: 6  |  Alphas: 12  |  Prompts: 8
[2026-05-01 08:59:49] Total target: 584 generations (8 baselines + 576 steered)
[2026-05-01 08:59:49] Output dir: /home/sumit/phronesis/mvp/results/openr1_sweep_20260501
[2026-05-01 08:59:49] Alphas: [-8.0, -4.0, -2.0, 1.0, 2.0, 4.0, 6.0, 8.0, 10.0, 12.0, 16.0, 20.0]
[2026-05-01 08:59:49] Vectors:
[2026-05-01 08:59:49]    CC_L23          → triplets-combined/last_token/layer_23_virtue_vector.npy
[2026-05-01 08:59:49]    EG_L19          → triplets-evidence-grounding/last_token/layer_19_virtue_vector.npy
[2026-05-01 08:59:49]    RT_L19          → triplets-reasoning-transparency/last_token/layer_19_virtue_vector.npy
[2026-05-01 08:59:49]    IH_L25          → triplets-intellectual-humility/last_token/layer_25_virtue_vector.npy
[2026-05-01 08:59:49]    VC_L25          → triplets-verbosity-control/last_token/layer_25_virtue_vector.npy
[2026-05-01 08:59:49]    CCnum_L23       → triplets-cc-numeric-only-symlinks/last_token/layer_23_virtue_vector.npy
[2026-05-01 08:59:49] Prompts (8):
[2026-05-01 08:59:49]    E1-confabulation                cap=2048
[2026-05-01 08:59:49]    E2-contested-science            cap=2048
[2026-05-01 08:59:49]    E3-bayesian-update              cap=8192
[2026-05-01 08:59:49]    E4-taxi-social                  cap=8192
[2026-05-01 08:59:49]    E5-ecological-fallacy           cap=2048
[2026-05-01 08:59:49]    N1-simpsons-paradox             cap=4096
[2026-05-01 08:59:49]    N2-conjunction-fallacy          cap=2048
[2026-05-01 08:59:49]    N3-survivorship-bias            cap=2048
[2026-05-01 08:59:49] Pre-checking vector files...
[2026-05-01 08:59:49] All vector files found. ✓
[2026-05-01 08:59:49] Loading model open-r1-qwen-7b...
[2026-05-01 08:59:58] Model on cuda. Ready.
[2026-05-01 08:59:58] ─── BASELINES (no steering) ───
[2026-05-01 08:59:58]   [1/8] E1-confabulation: generating (cap=2048)...
[2026-05-01 09:00:35]     done 36.7s  ntok=604  hit_cap=False  think=0c  ans=2758c
[2026-05-01 09:00:35]   [2/8] E2-contested-science: generating (cap=2048)...
[2026-05-01 09:01:04]     done 29.0s  ntok=484  hit_cap=False  think=0c  ans=2224c
[2026-05-01 09:01:04]   [3/8] E3-bayesian-update: generating (cap=8192)...
[2026-05-01 09:09:30]     done 506.1s  ntok=8192  hit_cap=True  think=0c  ans=24716c
[2026-05-01 09:09:30]   [4/8] E4-taxi-social: generating (cap=8192)...
[2026-05-01 09:17:57]     done 506.8s  ntok=8192  hit_cap=True  think=0c  ans=38689c
[2026-05-01 09:17:57]   [5/8] E5-ecological-fallacy: generating (cap=2048)...
[2026-05-01 09:20:00]     done 123.8s  ntok=2048  hit_cap=True  think=9385c  ans=317c
[2026-05-01 09:20:00]   [6/8] N1-simpsons-paradox: generating (cap=4096)...
[2026-05-01 09:23:24]     done 203.9s  ntok=3355  hit_cap=False  think=12044c  ans=1429c
[2026-05-01 09:23:24]   [7/8] N2-conjunction-fallacy: generating (cap=2048)...
[2026-05-01 09:24:29]     done 64.9s  ntok=1078  hit_cap=False  think=0c  ans=5608c
[2026-05-01 09:24:29]   [8/8] N3-survivorship-bias: generating (cap=2048)...
[2026-05-01 09:25:04]     done 34.3s  ntok=570  hit_cap=False  think=0c  ans=2777c
[2026-05-01 09:25:04] ════════════════════════════════════════════════════════════════════════
[2026-05-01 09:25:04] VECTOR CC_L23 — corpus=triplets-combined  layer=L23  norm=66.22
[2026-05-01 09:25:04]   ─ α=-8.00 (a-08.00) ─
[2026-05-01 09:25:04]     [1/576] E1-confabulation: generating (cap=2048)...
[2026-05-01 09:25:36]       done 32.4s  ntok=531  hit_cap=False  think=0c  ans=2328c  ETA 5h 10m
[2026-05-01 09:25:36]     [2/576] E2-contested-science: generating (cap=2048)...
[2026-05-01 09:27:41]       done 125.3s  ntok=2048  hit_cap=True  think=0c  ans=8567c  ETA 12h 34m
[2026-05-01 09:27:41]     [3/576] E3-bayesian-update: generating (cap=8192)...
[2026-05-01 09:36:12]       done 511.1s  ntok=8192  hit_cap=True  think=0c  ans=23034c  ETA 35h 28m
[2026-05-01 09:36:12]     [4/576] E4-taxi-social: generating (cap=8192)...
[2026-05-01 13:09:17] ========================================================================
[2026-05-01 13:09:17] Llama-3.1-8B-Instruct-Open-R1-GRPO α-sweep — START
[2026-05-01 13:09:17] Model: open-r1-qwen-7b  |  Vectors: 6  |  Alphas: 12  |  Prompts: 8
[2026-05-01 13:09:17] Total target: 584 generations (8 baselines + 576 steered)
[2026-05-01 13:09:17] Output dir: /home/sumit/phronesis/mvp/results/openr1_sweep_20260501
[2026-05-01 13:09:17] Alphas: [-8.0, -4.0, -2.0, 1.0, 2.0, 4.0, 6.0, 8.0, 10.0, 12.0, 16.0, 20.0]
[2026-05-01 13:09:17] Vectors:
[2026-05-01 13:09:17]    CC_L23          → triplets-combined/last_token/layer_23_virtue_vector.npy
[2026-05-01 13:09:17]    EG_L19          → triplets-evidence-grounding/last_token/layer_19_virtue_vector.npy
[2026-05-01 13:09:17]    RT_L19          → triplets-reasoning-transparency/last_token/layer_19_virtue_vector.npy
[2026-05-01 13:09:17]    IH_L25          → triplets-intellectual-humility/last_token/layer_25_virtue_vector.npy
[2026-05-01 13:09:17]    VC_L25          → triplets-verbosity-control/last_token/layer_25_virtue_vector.npy
[2026-05-01 13:09:17]    CCnum_L23       → triplets-cc-numeric-only-symlinks/last_token/layer_23_virtue_vector.npy
[2026-05-01 13:09:17] Prompts (8):
[2026-05-01 13:09:17]    E1-confabulation                cap=2048
[2026-05-01 13:09:17]    E2-contested-science            cap=2048
[2026-05-01 13:09:17]    E3-bayesian-update              cap=8192
[2026-05-01 13:09:17]    E4-taxi-social                  cap=8192
[2026-05-01 13:09:17]    E5-ecological-fallacy           cap=2048
[2026-05-01 13:09:17]    N1-simpsons-paradox             cap=4096
[2026-05-01 13:09:17]    N2-conjunction-fallacy          cap=2048
[2026-05-01 13:09:17]    N3-survivorship-bias            cap=2048
[2026-05-01 13:09:17] Pre-checking vector files...
[2026-05-01 13:09:17] All vector files found. ✓
[2026-05-01 13:09:17] Loading model open-r1-qwen-7b...
[2026-05-01 13:09:26] Model on cuda. Ready.
[2026-05-01 13:09:26] ─── BASELINES (no steering) ───
[2026-05-01 13:09:26]   [1/8] E1-confabulation: cached (ntok=604)
[2026-05-01 13:09:26]   [2/8] E2-contested-science: cached (ntok=484)
[2026-05-01 13:09:26]   [3/8] E3-bayesian-update: cached (ntok=8192)
[2026-05-01 13:09:26]   [4/8] E4-taxi-social: cached (ntok=8192)
[2026-05-01 13:09:26]   [5/8] E5-ecological-fallacy: cached (ntok=2048)
[2026-05-01 13:09:26]   [6/8] N1-simpsons-paradox: cached (ntok=3355)
[2026-05-01 13:09:26]   [7/8] N2-conjunction-fallacy: cached (ntok=1078)
[2026-05-01 13:09:26]   [8/8] N3-survivorship-bias: cached (ntok=570)
[2026-05-01 13:09:26] ════════════════════════════════════════════════════════════════════════
[2026-05-01 13:09:26] VECTOR CC_L23 — corpus=triplets-combined  layer=L23  norm=66.22
[2026-05-01 13:09:26]   ─ α=-8.00 (a-08.00) ─
[2026-05-01 13:09:26]     [1/576] E1-confabulation: cached
[2026-05-01 13:09:26]     [2/576] E2-contested-science: cached
[2026-05-01 13:09:26]     [3/576] E3-bayesian-update: cached
[2026-05-01 13:09:26]     [4/576] E4-taxi-social: generating (cap=8192)...
[2026-05-01 13:09:26]       ERROR: apply_chat_template requires jinja2>=3.1.0 to be installed. Your version is 3.0.3.
Traceback (most recent call last):
  File "/home/sumit/phronesis/mvp/run_openr1_sweep.py", line 403, in main
    r = generate(model, tokenizer, device, p["prompt"], cap)
  File "/home/sumit/phronesis/mvp/run_openr1_sweep.py", line 182, in generate
    text = tokenizer.apply_chat_template(
  File "/home/sumit/phronesis/mvp/.venv/lib/python3.10/site-packages/transformers/tokenization_utils_base.py", line 3086, in apply_chat_template
    rendered_chat, generation_indices = render_jinja_template(
  File "/home/sumit/phronesis/mvp/.venv/lib/python3.10/site-packages/transformers/utils/chat_template_utils.py", line 514, in render_jinja_template
    compiled_template = _compile_jinja_template(chat_template)
  File "/home/sumit/phronesis/mvp/.venv/lib/python3.10/site-packages/transformers/utils/chat_template_utils.py", line 421, in _compile_jinja_template
    return _cached_compile_jinja_template(chat_template)
  File "/home/sumit/phronesis/mvp/.venv/lib/python3.10/site-packages/transformers/utils/chat_template_utils.py", line 474, in _cached_compile_jinja_template
    raise ImportError(
ImportError: apply_chat_template requires jinja2>=3.1.0 to be installed. Your version is 3.0.3.

[2026-05-01 13:09:26]     [5/576] E5-ecological-fallacy: generating (cap=2048)...
[2026-05-01 13:09:26]       ERROR: apply_chat_template requires jinja2>=3.1.0 to be installed. Your version is 3.0.3.
Traceback (most recent call last):
  File "/home/sumit/phronesis/mvp/run_openr1_sweep.py", line 403, in main
    r = generate(model, tokenizer, device, p["prompt"], cap)
  File "/home/sumit/phronesis/mvp/run_openr1_sweep.py", line 182, in generate
    text = tokenizer.apply_chat_template(
  File "/home/sumit/phronesis/mvp/.venv/lib/python3.10/site-packages/transformers/tokenization_utils_base.py", line 3086, in apply_chat_template
    rendered_chat, generation_indices = render_jinja_template(
  File "/home/sumit/phronesis/mvp/.venv/lib/python3.10/site-packages/transformers/utils/chat_template_utils.py", line 514, in render_jinja_template
    compiled_template = _compile_jinja_template(chat_template)
  File "/home/sumit/phronesis/mvp/.venv/lib/python3.10/site-packages/transformers/utils/chat_template_utils.py", line 421, in _compile_jinja_template
    return _cached_compile_jinja_template(chat_template)
  File "/home/sumit/phronesis/mvp/.venv/lib/python3.10/site-packages/transformers/utils/chat_template_utils.py", line 474, in _cached_compile_jinja_template
    raise ImportError(
ImportError: apply_chat_template requires jinja2>=3.1.0 to be installed. Your version is 3.0.3.

[2026-05-01 13:09:26]     [6/576] N1-simpsons-paradox: generating (cap=4096)...
[2026-05-01 13:09:26]       ERROR: apply_chat_template requires jinja2>=3.1.0 to be installed. Your version is 3.0.3.
Traceback (most recent call last):
  File "/home/sumit/phronesis/mvp/run_openr1_sweep.py", line 403, in main
    r = generate(model, tokenizer, device, p["prompt"], cap)
  File "/home/sumit/phronesis/mvp/run_openr1_sweep.py", line 182, in generate
    text = tokenizer.apply_chat_template(
  File "/home/sumit/phronesis/mvp/.venv/lib/python3.10/site-packages/transformers/tokenization_utils_base.py", line 3086, in apply_chat_template
    rendered_chat, generation_indices = render_jinja_template(
  File "/home/sumit/phronesis/mvp/.venv/lib/python3.10/site-packages/transformers/utils/chat_template_utils.py", line 514, in render_jinja_template
    compiled_template = _compile_jinja_template(chat_template)
  File "/home/sumit/phronesis/mvp/.venv/lib/python3.10/site-packages/transformers/utils/chat_template_utils.py", line 421, in _compile_jinja_template
    return _cached_compile_jinja_template(chat_template)
  File "/home/sumit/phronesis/mvp/.venv/lib/python3.10/site-packages/transformers/utils/chat_template_utils.py", line 474, in _cached_compile_jinja_template
    raise ImportError(
ImportError: apply_chat_template requires jinja2>=3.1.0 to be installed. Your version is 3.0.3.

[2026-05-01 13:09:26]     [7/576] N2-conjunction-fallacy: generating (cap=2048)...
[2026-05-01 13:09:26]       ERROR: apply_chat_template requires jinja2>=3.1.0 to be installed. Your version is 3.0.3.
Traceback (most recent call last):
  File "/home/sumit/phronesis/mvp/run_openr1_sweep.py", line 403, in main
    r = generate(model, tokenizer, device, p["prompt"], cap)
  File "/home/sumit/phronesis/mvp/run_openr1_sweep.py", line 182, in generate
    text = tokenizer.apply_chat_template(
  File "/home/sumit/phronesis/mvp/.venv/lib/python3.10/site-packages/transformers/tokenization_utils_base.py", line 3086, in apply_chat_template
    rendered_chat, generation_indices = render_jinja_template(
  File "/home/sumit/phronesis/mvp/.venv/lib/python3.10/site-packages/transformers/utils/chat_template_utils.py", line 514, in render_jinja_template
    compiled_template = _compile_jinja_template(chat_template)
  File "/home/sumit/phronesis/mvp/.venv/lib/python3.10/site-packages/transformers/utils/chat_template_utils.py", line 421, in _compile_jinja_template
    return _cached_compile_jinja_template(chat_template)
  File "/home/sumit/phronesis/mvp/.venv/lib/python3.10/site-packages/transformers/utils/chat_template_utils.py", line 474, in _cached_compile_jinja_template
    raise ImportError(
ImportError: apply_chat_template requires jinja2>=3.1.0 to be installed. Your version is 3.0.3.

[2026-05-01 13:09:26]     [8/576] N3-survivorship-bias: generating (cap=2048)...
[2026-05-01 13:09:26]       ERROR: apply_chat_template requires jinja2>=3.1.0 to be installed. Your version is 3.0.3.
Traceback (most recent call last):
  File "/home/sumit/phronesis/mvp/run_openr1_sweep.py", line 403, in main
    r = generate(model, tokenizer, device, p["prompt"], cap)
  File "/home/sumit/phronesis/mvp/run_openr1_sweep.py", line 182, in generate
    text = tokenizer.apply_chat_template(
  File "/home/sumit/phronesis/mvp/.venv/lib/python3.10/site-packages/transformers/tokenization_utils_base.py", line 3086, in apply_chat_template
    rendered_chat, generation_indices = render_jinja_template(
  File "/home/sumit/phronesis/mvp/.venv/lib/python3.10/site-packages/transformers/utils/chat_template_utils.py", line 514, in render_jinja_template
    compiled_template = _compile_jinja_template(chat_template)
  File "/home/sumit/phronesis/mvp/.venv/lib/python3.10/site-packages/transformers/utils/chat_template_utils.py", line 421, in _compile_jinja_template
    return _cached_compile_jinja_template(chat_template)
  File "/home/sumit/phronesis/mvp/.venv/lib/python3.10/site-packages/transformers/utils/chat_template_utils.py", line 474, in _cached_compile_jinja_template
    raise ImportError(
ImportError: apply_chat_template requires jinja2>=3.1.0 to be installed. Your version is 3.0.3.

[2026-05-01 13:09:26]   ─ α=-4.00 (a-04.00) ─
[2026-05-01 13:09:26]     [9/576] E1-confabulation: generating (cap=2048)...
[2026-05-01 13:09:26]       ERROR: apply_chat_template requires jinja2>=3.1.0 to be installed. Your version is 3.0.3.
Traceback (most recent call last):
  File "/home/sumit/phronesis/mvp/run_openr1_sweep.py", line 403, in main
    r = generate(model, tokenizer, device, p["prompt"], cap)
  File "/home/sumit/phronesis/mvp/run_openr1_sweep.py", line 182, in generate
    text = tokenizer.apply_chat_template(
  File "/home/sumit/phronesis/mvp/.venv/lib/python3.10/site-packages/transformers/tokenization_utils_base.py", line 3086, in apply_chat_template
    rendered_chat, generation_indices = render_jinja_template(
  File "/home/sumit/phronesis/mvp/.venv/lib/python3.10/site-packages/transformers/utils/chat_template_utils.py", line 514, in render_jinja_template
    compiled_template = _compile_jinja_template(chat_template)
  File "/home/sumit/phronesis/mvp/.venv/lib/python3.10/site-packages/transformers/utils/chat_template_utils.py", line 421, in _compile_jinja_template
    return _cached_compile_jinja_template(chat_template)
  File "/home/sumit/phronesis/mvp/.venv/lib/python3.10/site-packages/transformers/utils/chat_template_utils.py", line 474, in _cached_compile_jinja_template
    raise ImportError(
ImportError: apply_chat_template requires jinja2>=3.1.0 to be installed. Your version is 3.0.3.

[2026-05-01 13:09:26]     [10/576] E2-contested-science: generating (cap=2048)...
[2026-05-01 13:09:26]       ERROR: apply_chat_template requires jinja2>=3.1.0 to be installed. Your version is 3.0.3.
Traceback (most recent call last):
  File "/home/sumit/phronesis/mvp/run_openr1_sweep.py", line 403, in main
    r = generate(model, tokenizer, device, p["prompt"], cap)
  File "/home/sumit/phronesis/mvp/run_openr1_sweep.py", line 182, in generate
    text = tokenizer.apply_chat_template(
  File "/home/sumit/phronesis/mvp/.venv/lib/python3.10/site-packages/transformers/tokenization_utils_base.py", line 3086, in apply_chat_template
    rendered_chat, generation_indices = render_jinja_template(
  File "/home/sumit/phronesis/mvp/.venv/lib/python3.10/site-packages/transformers/utils/chat_template_utils.py", line 514, in render_jinja_template
    compiled_template = _compile_jinja_template(chat_template)
  File "/home/sumit/phronesis/mvp/.venv/lib/python3.10/site-packages/transformers/utils/chat_template_utils.py", line 421, in _compile_jinja_template
    return _cached_compile_jinja_template(chat_template)
  File "/home/sumit/phronesis/mvp/.venv/lib/python3.10/site-packages/transformers/utils/chat_template_utils.py", line 474, in _cached_compile_jinja_template
    raise ImportError(
ImportError: apply_chat_template requires jinja2>=3.1.0 to be installed. Your version is 3.0.3.

[2026-05-01 13:09:26]     [11/576] E3-bayesian-update: generating (cap=8192)...
[2026-05-01 13:09:26]       ERROR: apply_chat_template requires jinja2>=3.1.0 to be installed. Your version is 3.0.3.
Traceback (most recent call last):
  File "/home/sumit/phronesis/mvp/run_openr1_sweep.py", line 403, in main
    r = generate(model, tokenizer, device, p["prompt"], cap)
  File "/home/sumit/phronesis/mvp/run_openr1_sweep.py", line 182, in generate
    text = tokenizer.apply_chat_template(
  File "/home/sumit/phronesis/mvp/.venv/lib/python3.10/site-packages/transformers/tokenization_utils_base.py", line 3086, in apply_chat_template
    rendered_chat, generation_indices = render_jinja_template(
  File "/home/sumit/phronesis/mvp/.venv/lib/python3.10/site-packages/transformers/utils/chat_template_utils.py", line 514, in render_jinja_template
    compiled_template = _compile_jinja_template(chat_template)
  File "/home/sumit/phronesis/mvp/.venv/lib/python3.10/site-packages/transformers/utils/chat_template_utils.py", line 421, in _compile_jinja_template
    return _cached_compile_jinja_template(chat_template)
  File "/home/sumit/phronesis/mvp/.venv/lib/python3.10/site-packages/transformers/utils/chat_template_utils.py", line 474, in _cached_compile_jinja_template
    raise ImportError(
ImportError: apply_chat_template requires jinja2>=3.1.0 to be installed. Your version is 3.0.3.

[2026-05-01 13:09:26]     [12/576] E4-taxi-social: generating (cap=8192)...
[2026-05-01 13:09:26]       ERROR: apply_chat_template requires jinja2>=3.1.0 to be installed. Your version is 3.0.3.
Traceback (most recent call last):
  File "/home/sumit/phronesis/mvp/run_openr1_sweep.py", line 403, in main
    r = generate(model, tokenizer, device, p["prompt"], cap)
  File "/home/sumit/phronesis/mvp/run_openr1_sweep.py", line 182, in generate
    text = tokenizer.apply_chat_template(
  File "/home/sumit/phronesis/mvp/.venv/lib/python3.10/site-packages/transformers/tokenization_utils_base.py", line 3086, in apply_chat_template
    rendered_chat, generation_indices = render_jinja_template(
  File "/home/sumit/phronesis/mvp/.venv/lib/python3.10/site-packages/transformers/utils/chat_template_utils.py", line 514, in render_jinja_template
    compiled_template = _compile_jinja_template(chat_template)
  File "/home/sumit/phronesis/mvp/.venv/lib/python3.10/site-packages/transformers/utils/chat_template_utils.py", line 421, in _compile_jinja_template
    return _cached_compile_jinja_template(chat_template)
  File "/home/sumit/phronesis/mvp/.venv/lib/python3.10/site-packages/transformers/utils/chat_template_utils.py", line 474, in _cached_compile_jinja_template
    raise ImportError(
ImportError: apply_chat_template requires jinja2>=3.1.0 to be installed. Your version is 3.0.3.

[2026-05-01 13:09:26]     [13/576] E5-ecological-fallacy: generating (cap=2048)...
[2026-05-01 13:09:26]       ERROR: apply_chat_template requires jinja2>=3.1.0 to be installed. Your version is 3.0.3.
Traceback (most recent call last):
  File "/home/sumit/phronesis/mvp/run_openr1_sweep.py", line 403, in main
    r = generate(model, tokenizer, device, p["prompt"], cap)
  File "/home/sumit/phronesis/mvp/run_openr1_sweep.py", line 182, in generate
    text = tokenizer.apply_chat_template(
  File "/home/sumit/phronesis/mvp/.venv/lib/python3.10/site-packages/transformers/tokenization_utils_base.py", line 3086, in apply_chat_template
    rendered_chat, generation_indices = render_jinja_template(
  File "/home/sumit/phronesis/mvp/.venv/lib/python3.10/site-packages/transformers/utils/chat_template_utils.py", line 514, in render_jinja_template
    compiled_template = _compile_jinja_template(chat_template)
  File "/home/sumit/phronesis/mvp/.venv/lib/python3.10/site-packages/transformers/utils/chat_template_utils.py", line 421, in _compile_jinja_template
    return _cached_compile_jinja_template(chat_template)
  File "/home/sumit/phronesis/mvp/.venv/lib/python3.10/site-packages/transformers/utils/chat_template_utils.py", line 474, in _cached_compile_jinja_template
    raise ImportError(
ImportError: apply_chat_template requires jinja2>=3.1.0 to be installed. Your version is 3.0.3.

[2026-05-01 13:09:26]     [14/576] N1-simpsons-paradox: generating (cap=4096)...
[2026-05-01 13:09:26]       ERROR: apply_chat_template requires jinja2>=3.1.0 to be installed. Your version is 3.0.3.
Traceback (most recent call last):
  File "/home/sumit/phronesis/mvp/run_openr1_sweep.py", line 403, in main
    r = generate(model, tokenizer, device, p["prompt"], cap)
  File "/home/sumit/phronesis/mvp/run_openr1_sweep.py", line 182, in generate
    text = tokenizer.apply_chat_template(
  File "/home/sumit/phronesis/mvp/.venv/lib/python3.10/site-packages/transformers/tokenization_utils_base.py", line 3086, in apply_chat_template
    rendered_chat, generation_indices = render_jinja_template(
  File "/home/sumit/phronesis/mvp/.venv/lib/python3.10/site-packages/transformers/utils/chat_template_utils.py", line 514, in render_jinja_template
    compiled_template = _compile_jinja_template(chat_template)
  File "/home/sumit/phronesis/mvp/.venv/lib/python3.10/site-packages/transformers/utils/chat_template_utils.py", line 421, in _compile_jinja_template
    return _cached_compile_jinja_template(chat_template)
  File "/home/sumit/phronesis/mvp/.venv/lib/python3.10/site-packages/transformers/utils/chat_template_utils.py", line 474, in _cached_compile_jinja_template
    raise ImportError(
ImportError: apply_chat_template requires jinja2>=3.1.0 to be installed. Your version is 3.0.3.

[2026-05-01 13:09:26]     [15/576] N2-conjunction-fallacy: generating (cap=2048)...
[2026-05-01 13:09:26]       ERROR: apply_chat_template requires jinja2>=3.1.0 to be installed. Your version is 3.0.3.
Traceback (most recent call last):
  File "/home/sumit/phronesis/mvp/run_openr1_sweep.py", line 403, in main
    r = generate(model, tokenizer, device, p["prompt"], cap)
  File "/home/sumit/phronesis/mvp/run_openr1_sweep.py", line 182, in generate
    text = tokenizer.apply_chat_template(
  File "/home/sumit/phronesis/mvp/.venv/lib/python3.10/site-packages/transformers/tokenization_utils_base.py", line 3086, in apply_chat_template
    rendered_chat, generation_indices = render_jinja_template(
  File "/home/sumit/phronesis/mvp/.venv/lib/python3.10/site-packages/transformers/utils/chat_template_utils.py", line 514, in render_jinja_template
    compiled_template = _compile_jinja_template(chat_template)
  File "/home/sumit/phronesis/mvp/.venv/lib/python3.10/site-packages/transformers/utils/chat_template_utils.py", line 421, in _compile_jinja_template
    return _cached_compile_jinja_template(chat_template)
  File "/home/sumit/phronesis/mvp/.venv/lib/python3.10/site-packages/transformers/utils/chat_template_utils.py", line 474, in _cached_compile_jinja_template
    raise ImportError(
ImportError: apply_chat_template requires jinja2>=3.1.0 to be installed. Your version is 3.0.3.

[2026-05-01 13:09:26]     [16/576] N3-survivorship-bias: generating (cap=2048)...
[2026-05-01 13:09:26]       ERROR: apply_chat_template requires jinja2>=3.1.0 to be installed. Your version is 3.0.3.
Traceback (most recent call last):
  File "/home/sumit/phronesis/mvp/run_openr1_sweep.py", line 403, in main
    r = generate(model, tokenizer, device, p["prompt"], cap)
  File "/home/sumit/phronesis/mvp/run_openr1_sweep.py", line 182, in generate
    text = tokenizer.apply_chat_template(
  File "/home/sumit/phronesis/mvp/.venv/lib/python3.10/site-packages/transformers/tokenization_utils_base.py", line 3086, in apply_chat_template
    rendered_chat, generation_indices = render_jinja_template(
  File "/home/sumit/phronesis/mvp/.venv/lib/python3.10/site-packages/transformers/utils/chat_template_utils.py", line 514, in render_jinja_template
    compiled_template = _compile_jinja_template(chat_template)
  File "/home/sumit/phronesis/mvp/.venv/lib/python3.10/site-packages/transformers/utils/chat_template_utils.py", line 421, in _compile_jinja_template
    return _cached_compile_jinja_template(chat_template)
  File "/home/sumit/phronesis/mvp/.venv/lib/python3.10/site-packages/transformers/utils/chat_template_utils.py", line 474, in _cached_compile_jinja_template
    raise ImportError(
ImportError: apply_chat_template requires jinja2>=3.1.0 to be installed. Your version is 3.0.3.

[2026-05-01 13:09:26]   ─ α=-2.00 (a-02.00) ─
[2026-05-01 13:09:26]     [17/576] E1-confabulation: generating (cap=2048)...
[2026-05-01 13:09:26]       ERROR: apply_chat_template requires jinja2>=3.1.0 to be installed. Your version is 3.0.3.
Traceback (most recent call last):
  File "/home/sumit/phronesis/mvp/run_openr1_sweep.py", line 403, in main
    r = generate(model, tokenizer, device, p["prompt"], cap)
  File "/home/sumit/phronesis/mvp/run_openr1_sweep.py", line 182, in generate
    text = tokenizer.apply_chat_template(
  File "/home/sumit/phronesis/mvp/.venv/lib/python3.10/site-packages/transformers/tokenization_utils_base.py", line 3086, in apply_chat_template
    rendered_chat, generation_indices = render_jinja_template(
  File "/home/sumit/phronesis/mvp/.venv/lib/python3.10/site-packages/transformers/utils/chat_template_utils.py", line 514, in render_jinja_template
    compiled_template = _compile_jinja_template(chat_template)
  File "/home/sumit/phronesis/mvp/.venv/lib/python3.10/site-packages/transformers/utils/chat_template_utils.py", line 421, in _compile_jinja_template
    return _cached_compile_jinja_template(chat_template)
  File "/home/sumit/phronesis/mvp/.venv/lib/python3.10/site-packages/transformers/utils/chat_template_utils.py", line 474, in _cached_compile_jinja_template
    raise ImportError(
ImportError: apply_chat_template requires jinja2>=3.1.0 to be installed. Your version is 3.0.3.

[2026-05-01 13:09:26]     [18/576] E2-contested-science: generating (cap=2048)...
[2026-05-01 13:09:26]       ERROR: apply_chat_template requires jinja2>=3.1.0 to be installed. Your version is 3.0.3.
Traceback (most recent call last):
  File "/home/sumit/phronesis/mvp/run_openr1_sweep.py", line 403, in main
    r = generate(model, tokenizer, device, p["prompt"], cap)
  File "/home/sumit/phronesis/mvp/run_openr1_sweep.py", line 182, in generate
    text = tokenizer.apply_chat_template(
  File "/home/sumit/phronesis/mvp/.venv/lib/python3.10/site-packages/transformers/tokenization_utils_base.py", line 3086, in apply_chat_template
    rendered_chat, generation_indices = render_jinja_template(
  File "/home/sumit/phronesis/mvp/.venv/lib/python3.10/site-packages/transformers/utils/chat_template_utils.py", line 514, in render_jinja_template
    compiled_template = _compile_jinja_template(chat_template)
  File "/home/sumit/phronesis/mvp/.venv/lib/python3.10/site-packages/transformers/utils/chat_template_utils.py", line 421, in _compile_jinja_template
    return _cached_compile_jinja_template(chat_template)
  File "/home/sumit/phronesis/mvp/.venv/lib/python3.10/site-packages/transformers/utils/chat_template_utils.py", line 474, in _cached_compile_jinja_template
    raise ImportError(
ImportError: apply_chat_template requires jinja2>=3.1.0 to be installed. Your version is 3.0.3.

[2026-05-01 13:09:26]     [19/576] E3-bayesian-update: generating (cap=8192)...
[2026-05-01 13:09:26]       ERROR: apply_chat_template requires jinja2>=3.1.0 to be installed. Your version is 3.0.3.
Traceback (most recent call last):
  File "/home/sumit/phronesis/mvp/run_openr1_sweep.py", line 403, in main
    r = generate(model, tokenizer, device, p["prompt"], cap)
  File "/home/sumit/phronesis/mvp/run_openr1_sweep.py", line 182, in generate
    text = tokenizer.apply_chat_template(
  File "/home/sumit/phronesis/mvp/.venv/lib/python3.10/site-packages/transformers/tokenization_utils_base.py", line 3086, in apply_chat_template
    rendered_chat, generation_indices = render_jinja_template(
  File "/home/sumit/phronesis/mvp/.venv/lib/python3.10/site-packages/transformers/utils/chat_template_utils.py", line 514, in render_jinja_template
    compiled_template = _compile_jinja_template(chat_template)
  File "/home/sumit/phronesis/mvp/.venv/lib/python3.10/site-packages/transformers/utils/chat_template_utils.py", line 421, in _compile_jinja_template
    return _cached_compile_jinja_template(chat_template)
  File "/home/sumit/phronesis/mvp/.venv/lib/python3.10/site-packages/transformers/utils/chat_template_utils.py", line 474, in _cached_compile_jinja_template
    raise ImportError(
ImportError: apply_chat_template requires jinja2>=3.1.0 to be installed. Your version is 3.0.3.

[2026-05-01 13:09:26]     [20/576] E4-taxi-social: generating (cap=8192)...
[2026-05-01 13:09:26]       ERROR: apply_chat_template requires jinja2>=3.1.0 to be installed. Your version is 3.0.3.
Traceback (most recent call last):
  File "/home/sumit/phronesis/mvp/run_openr1_sweep.py", line 403, in main
    r = generate(model, tokenizer, device, p["prompt"], cap)
  File "/home/sumit/phronesis/mvp/run_openr1_sweep.py", line 182, in generate
    text = tokenizer.apply_chat_template(
  File "/home/sumit/phronesis/mvp/.venv/lib/python3.10/site-packages/transformers/tokenization_utils_base.py", line 3086, in apply_chat_template
    rendered_chat, generation_indices = render_jinja_template(
  File "/home/sumit/phronesis/mvp/.venv/lib/python3.10/site-packages/transformers/utils/chat_template_utils.py", line 514, in render_jinja_template
    compiled_template = _compile_jinja_template(chat_template)
  File "/home/sumit/phronesis/mvp/.venv/lib/python3.10/site-packages/transformers/utils/chat_template_utils.py", line 421, in _compile_jinja_template
    return _cached_compile_jinja_template(chat_template)
  File "/home/sumit/phronesis/mvp/.venv/lib/python3.10/site-packages/transformers/utils/chat_template_utils.py", line 474, in _cached_compile_jinja_template
    raise ImportError(
ImportError: apply_chat_template requires jinja2>=3.1.0 to be installed. Your version is 3.0.3.

[2026-05-01 13:09:26]     [21/576] E5-ecological-fallacy: generating (cap=2048)...
[2026-05-01 13:09:26]       ERROR: apply_chat_template requires jinja2>=3.1.0 to be installed. Your version is 3.0.3.
Traceback (most recent call last):
  File "/home/sumit/phronesis/mvp/run_openr1_sweep.py", line 403, in main
    r = generate(model, tokenizer, device, p["prompt"], cap)
  File "/home/sumit/phronesis/mvp/run_openr1_sweep.py", line 182, in generate
    text = tokenizer.apply_chat_template(
  File "/home/sumit/phronesis/mvp/.venv/lib/python3.10/site-packages/transformers/tokenization_utils_base.py", line 3086, in apply_chat_template
    rendered_chat, generation_indices = render_jinja_template(
  File "/home/sumit/phronesis/mvp/.venv/lib/python3.10/site-packages/transformers/utils/chat_template_utils.py", line 514, in render_jinja_template
    compiled_template = _compile_jinja_template(chat_template)
  File "/home/sumit/phronesis/mvp/.venv/lib/python3.10/site-packages/transformers/utils/chat_template_utils.py", line 421, in _compile_jinja_template
    return _cached_compile_jinja_template(chat_template)
  File "/home/sumit/phronesis/mvp/.venv/lib/python3.10/site-packages/transformers/utils/chat_template_utils.py", line 474, in _cached_compile_jinja_template
    raise ImportError(
ImportError: apply_chat_template requires jinja2>=3.1.0 to be installed. Your version is 3.0.3.

[2026-05-01 13:09:26]     [22/576] N1-simpsons-paradox: generating (cap=4096)...
[2026-05-01 13:09:26]       ERROR: apply_chat_template requires jinja2>=3.1.0 to be installed. Your version is 3.0.3.
Traceback (most recent call last):
  File "/home/sumit/phronesis/mvp/run_openr1_sweep.py", line 403, in main
    r = generate(model, tokenizer, device, p["prompt"], cap)
  File "/home/sumit/phronesis/mvp/run_openr1_sweep.py", line 182, in generate
    text = tokenizer.apply_chat_template(
  File "/home/sumit/phronesis/mvp/.venv/lib/python3.10/site-packages/transformers/tokenization_utils_base.py", line 3086, in apply_chat_template
    rendered_chat, generation_indices = render_jinja_template(
  File "/home/sumit/phronesis/mvp/.venv/lib/python3.10/site-packages/transformers/utils/chat_template_utils.py", line 514, in render_jinja_template
    compiled_template = _compile_jinja_template(chat_template)
  File "/home/sumit/phronesis/mvp/.venv/lib/python3.10/site-packages/transformers/utils/chat_template_utils.py", line 421, in _compile_jinja_template
    return _cached_compile_jinja_template(chat_template)
  File "/home/sumit/phronesis/mvp/.venv/lib/python3.10/site-packages/transformers/utils/chat_template_utils.py", line 474, in _cached_compile_jinja_template
    raise ImportError(
ImportError: apply_chat_template requires jinja2>=3.1.0 to be installed. Your version is 3.0.3.

[2026-05-01 13:09:26]     [23/576] N2-conjunction-fallacy: generating (cap=2048)...
[2026-05-01 13:09:26]       ERROR: apply_chat_template requires jinja2>=3.1.0 to be installed. Your version is 3.0.3.
Traceback (most recent call last):
  File "/home/sumit/phronesis/mvp/run_openr1_sweep.py", line 403, in main
    r = generate(model, tokenizer, device, p["prompt"], cap)
  File "/home/sumit/phronesis/mvp/run_openr1_sweep.py", line 182, in generate
    text = tokenizer.apply_chat_template(
  File "/home/sumit/phronesis/mvp/.venv/lib/python3.10/site-packages/transformers/tokenization_utils_base.py", line 3086, in apply_chat_template
    rendered_chat, generation_indices = render_jinja_template(
  File "/home/sumit/phronesis/mvp/.venv/lib/python3.10/site-packages/transformers/utils/chat_template_utils.py", line 514, in render_jinja_template
    compiled_template = _compile_jinja_template(chat_template)
  File "/home/sumit/phronesis/mvp/.venv/lib/python3.10/site-packages/transformers/utils/chat_template_utils.py", line 421, in _compile_jinja_template
    return _cached_compile_jinja_template(chat_template)
  File "/home/sumit/phronesis/mvp/.venv/lib/python3.10/site-packages/transformers/utils/chat_template_utils.py", line 474, in _cached_compile_jinja_template
    raise ImportError(
ImportError: apply_chat_template requires jinja2>=3.1.0 to be installed. Your version is 3.0.3.

[2026-05-01 13:09:26]     [24/576] N3-survivorship-bias: generating (cap=2048)...
[2026-05-01 13:09:26]       ERROR: apply_chat_template requires jinja2>=3.1.0 to be installed. Your version is 3.0.3.
Traceback (most recent call last):
  File "/home/sumit/phronesis/mvp/run_openr1_sweep.py", line 403, in main
    r = generate(model, tokenizer, device, p["prompt"], cap)
  File "/home/sumit/phronesis/mvp/run_openr1_sweep.py", line 182, in generate
    text = tokenizer.apply_chat_template(
  File "/home/sumit/phronesis/mvp/.venv/lib/python3.10/site-packages/transformers/tokenization_utils_base.py", line 3086, in apply_chat_template
    rendered_chat, generation_indices = render_jinja_template(
  File "/home/sumit/phronesis/mvp/.venv/lib/python3.10/site-packages/transformers/utils/chat_template_utils.py", line 514, in render_jinja_template
    compiled_template = _compile_jinja_template(chat_template)
  File "/home/sumit/phronesis/mvp/.venv/lib/python3.10/site-packages/transformers/utils/chat_template_utils.py", line 421, in _compile_jinja_template
    return _cached_compile_jinja_template(chat_template)
  File "/home/sumit/phronesis/mvp/.venv/lib/python3.10/site-packages/transformers/utils/chat_template_utils.py", line 474, in _cached_compile_jinja_template
    raise ImportError(
ImportError: apply_chat_template requires jinja2>=3.1.0 to be installed. Your version is 3.0.3.

[2026-05-01 13:09:26]   ─ α=+1.00 (a+01.00) ─
[2026-05-01 13:09:26]     [25/576] E1-confabulation: generating (cap=2048)...
[2026-05-01 13:09:26]       ERROR: apply_chat_template requires jinja2>=3.1.0 to be installed. Your version is 3.0.3.
Traceback (most recent call last):
  File "/home/sumit/phronesis/mvp/run_openr1_sweep.py", line 403, in main
    r = generate(model, tokenizer, device, p["prompt"], cap)
  File "/home/sumit/phronesis/mvp/run_openr1_sweep.py", line 182, in generate
    text = tokenizer.apply_chat_template(
  File "/home/sumit/phronesis/mvp/.venv/lib/python3.10/site-packages/transformers/tokenization_utils_base.py", line 3086, in apply_chat_template
    rendered_chat, generation_indices = render_jinja_template(
  File "/home/sumit/phronesis/mvp/.venv/lib/python3.10/site-packages/transformers/utils/chat_template_utils.py", line 514, in render_jinja_template
    compiled_template = _compile_jinja_template(chat_template)
  File "/home/sumit/phronesis/mvp/.venv/lib/python3.10/site-packages/transformers/utils/chat_template_utils.py", line 421, in _compile_jinja_template
    return _cached_compile_jinja_template(chat_template)
  File "/home/sumit/phronesis/mvp/.venv/lib/python3.10/site-packages/transformers/utils/chat_template_utils.py", line 474, in _cached_compile_jinja_template
    raise ImportError(
ImportError: apply_chat_template requires jinja2>=3.1.0 to be installed. Your version is 3.0.3.

[2026-05-01 13:09:26]     [26/576] E2-contested-science: generating (cap=2048)...
[2026-05-01 13:09:26]       ERROR: apply_chat_template requires jinja2>=3.1.0 to be installed. Your version is 3.0.3.
Traceback (most recent call last):
  File "/home/sumit/phronesis/mvp/run_openr1_sweep.py", line 403, in main
    r = generate(model, tokenizer, device, p["prompt"], cap)
  File "/home/sumit/phronesis/mvp/run_openr1_sweep.py", line 182, in generate
    text = tokenizer.apply_chat_template(
  File "/home/sumit/phronesis/mvp/.venv/lib/python3.10/site-packages/transformers/tokenization_utils_base.py", line 3086, in apply_chat_template
    rendered_chat, generation_indices = render_jinja_template(
  File "/home/sumit/phronesis/mvp/.venv/lib/python3.10/site-packages/transformers/utils/chat_template_utils.py", line 514, in render_jinja_template
    compiled_template = _compile_jinja_template(chat_template)
  File "/home/sumit/phronesis/mvp/.venv/lib/python3.10/site-packages/transformers/utils/chat_template_utils.py", line 421, in _compile_jinja_template
    return _cached_compile_jinja_template(chat_template)
  File "/home/sumit/phronesis/mvp/.venv/lib/python3.10/site-packages/transformers/utils/chat_template_utils.py", line 474, in _cached_compile_jinja_template
    raise ImportError(
ImportError: apply_chat_template requires jinja2>=3.1.0 to be installed. Your version is 3.0.3.

[2026-05-01 13:09:26]     [27/576] E3-bayesian-update: generating (cap=8192)...
[2026-05-01 13:09:26]       ERROR: apply_chat_template requires jinja2>=3.1.0 to be installed. Your version is 3.0.3.
Traceback (most recent call last):
  File "/home/sumit/phronesis/mvp/run_openr1_sweep.py", line 403, in main
    r = generate(model, tokenizer, device, p["prompt"], cap)
  File "/home/sumit/phronesis/mvp/run_openr1_sweep.py", line 182, in generate
    text = tokenizer.apply_chat_template(
  File "/home/sumit/phronesis/mvp/.venv/lib/python3.10/site-packages/transformers/tokenization_utils_base.py", line 3086, in apply_chat_template
    rendered_chat, generation_indices = render_jinja_template(
  File "/home/sumit/phronesis/mvp/.venv/lib/python3.10/site-packages/transformers/utils/chat_template_utils.py", line 514, in render_jinja_template
    compiled_template = _compile_jinja_template(chat_template)
  File "/home/sumit/phronesis/mvp/.venv/lib/python3.10/site-packages/transformers/utils/chat_template_utils.py", line 421, in _compile_jinja_template
    return _cached_compile_jinja_template(chat_template)
  File "/home/sumit/phronesis/mvp/.venv/lib/python3.10/site-packages/transformers/utils/chat_template_utils.py", line 474, in _cached_compile_jinja_template
    raise ImportError(
ImportError: apply_chat_template requires jinja2>=3.1.0 to be installed. Your version is 3.0.3.

[2026-05-01 13:09:26]     [28/576] E4-taxi-social: generating (cap=8192)...
[2026-05-01 13:09:26]       ERROR: apply_chat_template requires jinja2>=3.1.0 to be installed. Your version is 3.0.3.
Traceback (most recent call last):
  File "/home/sumit/phronesis/mvp/run_openr1_sweep.py", line 403, in main
    r = generate(model, tokenizer, device, p["prompt"], cap)
  File "/home/sumit/phronesis/mvp/run_openr1_sweep.py", line 182, in generate
    text = tokenizer.apply_chat_template(
  File "/home/sumit/phronesis/mvp/.venv/lib/python3.10/site-packages/transformers/tokenization_utils_base.py", line 3086, in apply_chat_template
    rendered_chat, generation_indices = render_jinja_template(
  File "/home/sumit/phronesis/mvp/.venv/lib/python3.10/site-packages/transformers/utils/chat_template_utils.py", line 514, in render_jinja_template
    compiled_template = _compile_jinja_template(chat_template)
  File "/home/sumit/phronesis/mvp/.venv/lib/python3.10/site-packages/transformers/utils/chat_template_utils.py", line 421, in _compile_jinja_template
    return _cached_compile_jinja_template(chat_template)
  File "/home/sumit/phronesis/mvp/.venv/lib/python3.10/site-packages/transformers/utils/chat_template_utils.py", line 474, in _cached_compile_jinja_template
    raise ImportError(
ImportError: apply_chat_template requires jinja2>=3.1.0 to be installed. Your version is 3.0.3.

[2026-05-01 13:09:26]     [29/576] E5-ecological-fallacy: generating (cap=2048)...
[2026-05-01 13:09:26]       ERROR: apply_chat_template requires jinja2>=3.1.0 to be installed. Your version is 3.0.3.
Traceback (most recent call last):
  File "/home/sumit/phronesis/mvp/run_openr1_sweep.py", line 403, in main
    r = generate(model, tokenizer, device, p["prompt"], cap)
  File "/home/sumit/phronesis/mvp/run_openr1_sweep.py", line 182, in generate
    text = tokenizer.apply_chat_template(
  File "/home/sumit/phronesis/mvp/.venv/lib/python3.10/site-packages/transformers/tokenization_utils_base.py", line 3086, in apply_chat_template
    rendered_chat, generation_indices = render_jinja_template(
  File "/home/sumit/phronesis/mvp/.venv/lib/python3.10/site-packages/transformers/utils/chat_template_utils.py", line 514, in render_jinja_template
    compiled_template = _compile_jinja_template(chat_template)
  File "/home/sumit/phronesis/mvp/.venv/lib/python3.10/site-packages/transformers/utils/chat_template_utils.py", line 421, in _compile_jinja_template
    return _cached_compile_jinja_template(chat_template)
  File "/home/sumit/phronesis/mvp/.venv/lib/python3.10/site-packages/transformers/utils/chat_template_utils.py", line 474, in _cached_compile_jinja_template
    raise ImportError(
ImportError: apply_chat_template requires jinja2>=3.1.0 to be installed. Your version is 3.0.3.

[2026-05-01 13:09:26]     [30/576] N1-simpsons-paradox: generating (cap=4096)...
[2026-05-01 13:09:26]       ERROR: apply_chat_template requires jinja2>=3.1.0 to be installed. Your version is 3.0.3.
Traceback (most recent call last):
  File "/home/sumit/phronesis/mvp/run_openr1_sweep.py", line 403, in main
    r = generate(model, tokenizer, device, p["prompt"], cap)
  File "/home/sumit/phronesis/mvp/run_openr1_sweep.py", line 182, in generate
    text = tokenizer.apply_chat_template(
  File "/home/sumit/phronesis/mvp/.venv/lib/python3.10/site-packages/transformers/tokenization_utils_base.py", line 3086, in apply_chat_template
    rendered_chat, generation_indices = render_jinja_template(
  File "/home/sumit/phronesis/mvp/.venv/lib/python3.10/site-packages/transformers/utils/chat_template_utils.py", line 514, in render_jinja_template
    compiled_template = _compile_jinja_template(chat_template)
  File "/home/sumit/phronesis/mvp/.venv/lib/python3.10/site-packages/transformers/utils/chat_template_utils.py", line 421, in _compile_jinja_template
    return _cached_compile_jinja_template(chat_template)
  File "/home/sumit/phronesis/mvp/.venv/lib/python3.10/site-packages/transformers/utils/chat_template_utils.py", line 474, in _cached_compile_jinja_template
    raise ImportError(
ImportError: apply_chat_template requires jinja2>=3.1.0 to be installed. Your version is 3.0.3.

[2026-05-01 13:09:26]     [31/576] N2-conjunction-fallacy: generating (cap=2048)...
[2026-05-01 13:09:26]       ERROR: apply_chat_template requires jinja2>=3.1.0 to be installed. Your version is 3.0.3.
Traceback (most recent call last):
  File "/home/sumit/phronesis/mvp/run_openr1_sweep.py", line 403, in main
    r = generate(model, tokenizer, device, p["prompt"], cap)
  File "/home/sumit/phronesis/mvp/run_openr1_sweep.py", line 182, in generate
    text = tokenizer.apply_chat_template(
  File "/home/sumit/phronesis/mvp/.venv/lib/python3.10/site-packages/transformers/tokenization_utils_base.py", line 3086, in apply_chat_template
    rendered_chat, generation_indices = render_jinja_template(
  File "/home/sumit/phronesis/mvp/.venv/lib/python3.10/site-packages/transformers/utils/chat_template_utils.py", line 514, in render_jinja_template
    compiled_template = _compile_jinja_template(chat_template)
  File "/home/sumit/phronesis/mvp/.venv/lib/python3.10/site-packages/transformers/utils/chat_template_utils.py", line 421, in _compile_jinja_template
    return _cached_compile_jinja_template(chat_template)
  File "/home/sumit/phronesis/mvp/.venv/lib/python3.10/site-packages/transformers/utils/chat_template_utils.py", line 474, in _cached_compile_jinja_template
    raise ImportError(
ImportError: apply_chat_template requires jinja2>=3.1.0 to be installed. Your version is 3.0.3.

[2026-05-01 13:09:26]     [32/576] N3-survivorship-bias: generating (cap=2048)...
[2026-05-01 13:09:26]       ERROR: apply_chat_template requires jinja2>=3.1.0 to be installed. Your version is 3.0.3.
Traceback (most recent call last):
  File "/home/sumit/phronesis/mvp/run_openr1_sweep.py", line 403, in main
    r = generate(model, tokenizer, device, p["prompt"], cap)
  File "/home/sumit/phronesis/mvp/run_openr1_sweep.py", line 182, in generate
    text = tokenizer.apply_chat_template(
  File "/home/sumit/phronesis/mvp/.venv/lib/python3.10/site-packages/transformers/tokenization_utils_base.py", line 3086, in apply_chat_template
    rendered_chat, generation_indices = render_jinja_template(
  File "/home/sumit/phronesis/mvp/.venv/lib/python3.10/site-packages/transformers/utils/chat_template_utils.py", line 514, in render_jinja_template
    compiled_template = _compile_jinja_template(chat_template)
  File "/home/sumit/phronesis/mvp/.venv/lib/python3.10/site-packages/transformers/utils/chat_template_utils.py", line 421, in _compile_jinja_template
    return _cached_compile_jinja_template(chat_template)
  File "/home/sumit/phronesis/mvp/.venv/lib/python3.10/site-packages/transformers/utils/chat_template_utils.py", line 474, in _cached_compile_jinja_template
    raise ImportError(
ImportError: apply_chat_template requires jinja2>=3.1.0 to be installed. Your version is 3.0.3.

[2026-05-01 13:09:26]   ─ α=+2.00 (a+02.00) ─
[2026-05-01 13:09:26]     [33/576] E1-confabulation: generating (cap=2048)...
[2026-05-01 13:09:26]       ERROR: apply_chat_template requires jinja2>=3.1.0 to be installed. Your version is 3.0.3.
Traceback (most recent call last):
  File "/home/sumit/phronesis/mvp/run_openr1_sweep.py", line 403, in main
    r = generate(model, tokenizer, device, p["prompt"], cap)
  File "/home/sumit/phronesis/mvp/run_openr1_sweep.py", line 182, in generate
    text = tokenizer.apply_chat_template(
  File "/home/sumit/phronesis/mvp/.venv/lib/python3.10/site-packages/transformers/tokenization_utils_base.py", line 3086, in apply_chat_template
    rendered_chat, generation_indices = render_jinja_template(
  File "/home/sumit/phronesis/mvp/.venv/lib/python3.10/site-packages/transformers/utils/chat_template_utils.py", line 514, in render_jinja_template
    compiled_template = _compile_jinja_template(chat_template)
  File "/home/sumit/phronesis/mvp/.venv/lib/python3.10/site-packages/transformers/utils/chat_template_utils.py", line 421, in _compile_jinja_template
    return _cached_compile_jinja_template(chat_template)
  File "/home/sumit/phronesis/mvp/.venv/lib/python3.10/site-packages/transformers/utils/chat_template_utils.py", line 474, in _cached_compile_jinja_template
    raise ImportError(
ImportError: apply_chat_template requires jinja2>=3.1.0 to be installed. Your version is 3.0.3.

[2026-05-01 13:09:26]     [34/576] E2-contested-science: generating (cap=2048)...
[2026-05-01 13:09:26]       ERROR: apply_chat_template requires jinja2>=3.1.0 to be installed. Your version is 3.0.3.
Traceback (most recent call last):
  File "/home/sumit/phronesis/mvp/run_openr1_sweep.py", line 403, in main
    r = generate(model, tokenizer, device, p["prompt"], cap)
  File "/home/sumit/phronesis/mvp/run_openr1_sweep.py", line 182, in generate
    text = tokenizer.apply_chat_template(
  File "/home/sumit/phronesis/mvp/.venv/lib/python3.10/site-packages/transformers/tokenization_utils_base.py", line 3086, in apply_chat_template
    rendered_chat, generation_indices = render_jinja_template(
  File "/home/sumit/phronesis/mvp/.venv/lib/python3.10/site-packages/transformers/utils/chat_template_utils.py", line 514, in render_jinja_template
    compiled_template = _compile_jinja_template(chat_template)
  File "/home/sumit/phronesis/mvp/.venv/lib/python3.10/site-packages/transformers/utils/chat_template_utils.py", line 421, in _compile_jinja_template
    return _cached_compile_jinja_template(chat_template)
  File "/home/sumit/phronesis/mvp/.venv/lib/python3.10/site-packages/transformers/utils/chat_template_utils.py", line 474, in _cached_compile_jinja_template
    raise ImportError(
ImportError: apply_chat_template requires jinja2>=3.1.0 to be installed. Your version is 3.0.3.

[2026-05-01 13:09:26]     [35/576] E3-bayesian-update: generating (cap=8192)...
[2026-05-01 13:09:26]       ERROR: apply_chat_template requires jinja2>=3.1.0 to be installed. Your version is 3.0.3.
Traceback (most recent call last):
  File "/home/sumit/phronesis/mvp/run_openr1_sweep.py", line 403, in main
    r = generate(model, tokenizer, device, p["prompt"], cap)
  File "/home/sumit/phronesis/mvp/run_openr1_sweep.py", line 182, in generate
    text = tokenizer.apply_chat_template(
  File "/home/sumit/phronesis/mvp/.venv/lib/python3.10/site-packages/transformers/tokenization_utils_base.py", line 3086, in apply_chat_template
    rendered_chat, generation_indices = render_jinja_template(
  File "/home/sumit/phronesis/mvp/.venv/lib/python3.10/site-packages/transformers/utils/chat_template_utils.py", line 514, in render_jinja_template
    compiled_template = _compile_jinja_template(chat_template)
  File "/home/sumit/phronesis/mvp/.venv/lib/python3.10/site-packages/transformers/utils/chat_template_utils.py", line 421, in _compile_jinja_template
    return _cached_compile_jinja_template(chat_template)
  File "/home/sumit/phronesis/mvp/.venv/lib/python3.10/site-packages/transformers/utils/chat_template_utils.py", line 474, in _cached_compile_jinja_template
    raise ImportError(
ImportError: apply_chat_template requires jinja2>=3.1.0 to be installed. Your version is 3.0.3.

[2026-05-01 13:09:26]     [36/576] E4-taxi-social: generating (cap=8192)...
[2026-05-01 13:09:26]       ERROR: apply_chat_template requires jinja2>=3.1.0 to be installed. Your version is 3.0.3.
Traceback (most recent call last):
  File "/home/sumit/phronesis/mvp/run_openr1_sweep.py", line 403, in main
    r = generate(model, tokenizer, device, p["prompt"], cap)
  File "/home/sumit/phronesis/mvp/run_openr1_sweep.py", line 182, in generate
    text = tokenizer.apply_chat_template(
  File "/home/sumit/phronesis/mvp/.venv/lib/python3.10/site-packages/transformers/tokenization_utils_base.py", line 3086, in apply_chat_template
    rendered_chat, generation_indices = render_jinja_template(
  File "/home/sumit/phronesis/mvp/.venv/lib/python3.10/site-packages/transformers/utils/chat_template_utils.py", line 514, in render_jinja_template
    compiled_template = _compile_jinja_template(chat_template)
  File "/home/sumit/phronesis/mvp/.venv/lib/python3.10/site-packages/transformers/utils/chat_template_utils.py", line 421, in _compile_jinja_template
    return _cached_compile_jinja_template(chat_template)
  File "/home/sumit/phronesis/mvp/.venv/lib/python3.10/site-packages/transformers/utils/chat_template_utils.py", line 474, in _cached_compile_jinja_template
    raise ImportError(
ImportError: apply_chat_template requires jinja2>=3.1.0 to be installed. Your version is 3.0.3.

[2026-05-01 13:09:26]     [37/576] E5-ecological-fallacy: generating (cap=2048)...
[2026-05-01 13:09:26]       ERROR: apply_chat_template requires jinja2>=3.1.0 to be installed. Your version is 3.0.3.
Traceback (most recent call last):
  File "/home/sumit/phronesis/mvp/run_openr1_sweep.py", line 403, in main
    r = generate(model, tokenizer, device, p["prompt"], cap)
  File "/home/sumit/phronesis/mvp/run_openr1_sweep.py", line 182, in generate
    text = tokenizer.apply_chat_template(
  File "/home/sumit/phronesis/mvp/.venv/lib/python3.10/site-packages/transformers/tokenization_utils_base.py", line 3086, in apply_chat_template
    rendered_chat, generation_indices = render_jinja_template(
  File "/home/sumit/phronesis/mvp/.venv/lib/python3.10/site-packages/transformers/utils/chat_template_utils.py", line 514, in render_jinja_template
    compiled_template = _compile_jinja_template(chat_template)
  File "/home/sumit/phronesis/mvp/.venv/lib/python3.10/site-packages/transformers/utils/chat_template_utils.py", line 421, in _compile_jinja_template
    return _cached_compile_jinja_template(chat_template)
  File "/home/sumit/phronesis/mvp/.venv/lib/python3.10/site-packages/transformers/utils/chat_template_utils.py", line 474, in _cached_compile_jinja_template
    raise ImportError(
ImportError: apply_chat_template requires jinja2>=3.1.0 to be installed. Your version is 3.0.3.

[2026-05-01 13:09:26]     [38/576] N1-simpsons-paradox: generating (cap=4096)...
[2026-05-01 13:09:26]       ERROR: apply_chat_template requires jinja2>=3.1.0 to be installed. Your version is 3.0.3.
Traceback (most recent call last):
  File "/home/sumit/phronesis/mvp/run_openr1_sweep.py", line 403, in main
    r = generate(model, tokenizer, device, p["prompt"], cap)
  File "/home/sumit/phronesis/mvp/run_openr1_sweep.py", line 182, in generate
    text = tokenizer.apply_chat_template(
  File "/home/sumit/phronesis/mvp/.venv/lib/python3.10/site-packages/transformers/tokenization_utils_base.py", line 3086, in apply_chat_template
    rendered_chat, generation_indices = render_jinja_template(
  File "/home/sumit/phronesis/mvp/.venv/lib/python3.10/site-packages/transformers/utils/chat_template_utils.py", line 514, in render_jinja_template
    compiled_template = _compile_jinja_template(chat_template)
  File "/home/sumit/phronesis/mvp/.venv/lib/python3.10/site-packages/transformers/utils/chat_template_utils.py", line 421, in _compile_jinja_template
    return _cached_compile_jinja_template(chat_template)
  File "/home/sumit/phronesis/mvp/.venv/lib/python3.10/site-packages/transformers/utils/chat_template_utils.py", line 474, in _cached_compile_jinja_template
    raise ImportError(
ImportError: apply_chat_template requires jinja2>=3.1.0 to be installed. Your version is 3.0.3.

[2026-05-01 13:09:26]     [39/576] N2-conjunction-fallacy: generating (cap=2048)...
[2026-05-01 13:09:26]       ERROR: apply_chat_template requires jinja2>=3.1.0 to be installed. Your version is 3.0.3.
Traceback (most recent call last):
  File "/home/sumit/phronesis/mvp/run_openr1_sweep.py", line 403, in main
    r = generate(model, tokenizer, device, p["prompt"], cap)
  File "/home/sumit/phronesis/mvp/run_openr1_sweep.py", line 182, in generate
    text = tokenizer.apply_chat_template(
  File "/home/sumit/phronesis/mvp/.venv/lib/python3.10/site-packages/transformers/tokenization_utils_base.py", line 3086, in apply_chat_template
    rendered_chat, generation_indices = render_jinja_template(
  File "/home/sumit/phronesis/mvp/.venv/lib/python3.10/site-packages/transformers/utils/chat_template_utils.py", line 514, in render_jinja_template
    compiled_template = _compile_jinja_template(chat_template)
  File "/home/sumit/phronesis/mvp/.venv/lib/python3.10/site-packages/transformers/utils/chat_template_utils.py", line 421, in _compile_jinja_template
    return _cached_compile_jinja_template(chat_template)
  File "/home/sumit/phronesis/mvp/.venv/lib/python3.10/site-packages/transformers/utils/chat_template_utils.py", line 474, in _cached_compile_jinja_template
    raise ImportError(
ImportError: apply_chat_template requires jinja2>=3.1.0 to be installed. Your version is 3.0.3.

[2026-05-01 13:09:26]     [40/576] N3-survivorship-bias: generating (cap=2048)...
[2026-05-01 13:09:26]       ERROR: apply_chat_template requires jinja2>=3.1.0 to be installed. Your version is 3.0.3.
Traceback (most recent call last):
  File "/home/sumit/phronesis/mvp/run_openr1_sweep.py", line 403, in main
    r = generate(model, tokenizer, device, p["prompt"], cap)
  File "/home/sumit/phronesis/mvp/run_openr1_sweep.py", line 182, in generate
    text = tokenizer.apply_chat_template(
  File "/home/sumit/phronesis/mvp/.venv/lib/python3.10/site-packages/transformers/tokenization_utils_base.py", line 3086, in apply_chat_template
    rendered_chat, generation_indices = render_jinja_template(
  File "/home/sumit/phronesis/mvp/.venv/lib/python3.10/site-packages/transformers/utils/chat_template_utils.py", line 514, in render_jinja_template
    compiled_template = _compile_jinja_template(chat_template)
  File "/home/sumit/phronesis/mvp/.venv/lib/python3.10/site-packages/transformers/utils/chat_template_utils.py", line 421, in _compile_jinja_template
    return _cached_compile_jinja_template(chat_template)
  File "/home/sumit/phronesis/mvp/.venv/lib/python3.10/site-packages/transformers/utils/chat_template_utils.py", line 474, in _cached_compile_jinja_template
    raise ImportError(
ImportError: apply_chat_template requires jinja2>=3.1.0 to be installed. Your version is 3.0.3.

[2026-05-01 13:09:26]   ─ α=+4.00 (a+04.00) ─
[2026-05-01 13:09:26]     [41/576] E1-confabulation: generating (cap=2048)...
[2026-05-01 13:09:26]       ERROR: apply_chat_template requires jinja2>=3.1.0 to be installed. Your version is 3.0.3.
Traceback (most recent call last):
  File "/home/sumit/phronesis/mvp/run_openr1_sweep.py", line 403, in main
    r = generate(model, tokenizer, device, p["prompt"], cap)
  File "/home/sumit/phronesis/mvp/run_openr1_sweep.py", line 182, in generate
    text = tokenizer.apply_chat_template(
  File "/home/sumit/phronesis/mvp/.venv/lib/python3.10/site-packages/transformers/tokenization_utils_base.py", line 3086, in apply_chat_template
    rendered_chat, generation_indices = render_jinja_template(
  File "/home/sumit/phronesis/mvp/.venv/lib/python3.10/site-packages/transformers/utils/chat_template_utils.py", line 514, in render_jinja_template
    compiled_template = _compile_jinja_template(chat_template)
  File "/home/sumit/phronesis/mvp/.venv/lib/python3.10/site-packages/transformers/utils/chat_template_utils.py", line 421, in _compile_jinja_template
    return _cached_compile_jinja_template(chat_template)
  File "/home/sumit/phronesis/mvp/.venv/lib/python3.10/site-packages/transformers/utils/chat_template_utils.py", line 474, in _cached_compile_jinja_template
    raise ImportError(
ImportError: apply_chat_template requires jinja2>=3.1.0 to be installed. Your version is 3.0.3.

[2026-05-01 13:09:26]     [42/576] E2-contested-science: generating (cap=2048)...
[2026-05-01 13:09:26]       ERROR: apply_chat_template requires jinja2>=3.1.0 to be installed. Your version is 3.0.3.
Traceback (most recent call last):
  File "/home/sumit/phronesis/mvp/run_openr1_sweep.py", line 403, in main
    r = generate(model, tokenizer, device, p["prompt"], cap)
  File "/home/sumit/phronesis/mvp/run_openr1_sweep.py", line 182, in generate
    text = tokenizer.apply_chat_template(
  File "/home/sumit/phronesis/mvp/.venv/lib/python3.10/site-packages/transformers/tokenization_utils_base.py", line 3086, in apply_chat_template
    rendered_chat, generation_indices = render_jinja_template(
  File "/home/sumit/phronesis/mvp/.venv/lib/python3.10/site-packages/transformers/utils/chat_template_utils.py", line 514, in render_jinja_template
    compiled_template = _compile_jinja_template(chat_template)
  File "/home/sumit/phronesis/mvp/.venv/lib/python3.10/site-packages/transformers/utils/chat_template_utils.py", line 421, in _compile_jinja_template
    return _cached_compile_jinja_template(chat_template)
  File "/home/sumit/phronesis/mvp/.venv/lib/python3.10/site-packages/transformers/utils/chat_template_utils.py", line 474, in _cached_compile_jinja_template
    raise ImportError(
ImportError: apply_chat_template requires jinja2>=3.1.0 to be installed. Your version is 3.0.3.

[2026-05-01 13:09:26]     [43/576] E3-bayesian-update: generating (cap=8192)...
[2026-05-01 13:09:26]       ERROR: apply_chat_template requires jinja2>=3.1.0 to be installed. Your version is 3.0.3.
Traceback (most recent call last):
  File "/home/sumit/phronesis/mvp/run_openr1_sweep.py", line 403, in main
    r = generate(model, tokenizer, device, p["prompt"], cap)
  File "/home/sumit/phronesis/mvp/run_openr1_sweep.py", line 182, in generate
    text = tokenizer.apply_chat_template(
  File "/home/sumit/phronesis/mvp/.venv/lib/python3.10/site-packages/transformers/tokenization_utils_base.py", line 3086, in apply_chat_template
    rendered_chat, generation_indices = render_jinja_template(
  File "/home/sumit/phronesis/mvp/.venv/lib/python3.10/site-packages/transformers/utils/chat_template_utils.py", line 514, in render_jinja_template
    compiled_template = _compile_jinja_template(chat_template)
  File "/home/sumit/phronesis/mvp/.venv/lib/python3.10/site-packages/transformers/utils/chat_template_utils.py", line 421, in _compile_jinja_template
    return _cached_compile_jinja_template(chat_template)
  File "/home/sumit/phronesis/mvp/.venv/lib/python3.10/site-packages/transformers/utils/chat_template_utils.py", line 474, in _cached_compile_jinja_template
    raise ImportError(
ImportError: apply_chat_template requires jinja2>=3.1.0 to be installed. Your version is 3.0.3.

[2026-05-01 13:09:26]     [44/576] E4-taxi-social: generating (cap=8192)...
[2026-05-01 13:09:26]       ERROR: apply_chat_template requires jinja2>=3.1.0 to be installed. Your version is 3.0.3.
Traceback (most recent call last):
  File "/home/sumit/phronesis/mvp/run_openr1_sweep.py", line 403, in main
    r = generate(model, tokenizer, device, p["prompt"], cap)
  File "/home/sumit/phronesis/mvp/run_openr1_sweep.py", line 182, in generate
    text = tokenizer.apply_chat_template(
  File "/home/sumit/phronesis/mvp/.venv/lib/python3.10/site-packages/transformers/tokenization_utils_base.py", line 3086, in apply_chat_template
    rendered_chat, generation_indices = render_jinja_template(
  File "/home/sumit/phronesis/mvp/.venv/lib/python3.10/site-packages/transformers/utils/chat_template_utils.py", line 514, in render_jinja_template
    compiled_template = _compile_jinja_template(chat_template)
  File "/home/sumit/phronesis/mvp/.venv/lib/python3.10/site-packages/transformers/utils/chat_template_utils.py", line 421, in _compile_jinja_template
    return _cached_compile_jinja_template(chat_template)
  File "/home/sumit/phronesis/mvp/.venv/lib/python3.10/site-packages/transformers/utils/chat_template_utils.py", line 474, in _cached_compile_jinja_template
    raise ImportError(
ImportError: apply_chat_template requires jinja2>=3.1.0 to be installed. Your version is 3.0.3.

[2026-05-01 13:09:26]     [45/576] E5-ecological-fallacy: generating (cap=2048)...
[2026-05-01 13:09:26]       ERROR: apply_chat_template requires jinja2>=3.1.0 to be installed. Your version is 3.0.3.
Traceback (most recent call last):
  File "/home/sumit/phronesis/mvp/run_openr1_sweep.py", line 403, in main
    r = generate(model, tokenizer, device, p["prompt"], cap)
  File "/home/sumit/phronesis/mvp/run_openr1_sweep.py", line 182, in generate
    text = tokenizer.apply_chat_template(
  File "/home/sumit/phronesis/mvp/.venv/lib/python3.10/site-packages/transformers/tokenization_utils_base.py", line 3086, in apply_chat_template
    rendered_chat, generation_indices = render_jinja_template(
  File "/home/sumit/phronesis/mvp/.venv/lib/python3.10/site-packages/transformers/utils/chat_template_utils.py", line 514, in render_jinja_template
    compiled_template = _compile_jinja_template(chat_template)
  File "/home/sumit/phronesis/mvp/.venv/lib/python3.10/site-packages/transformers/utils/chat_template_utils.py", line 421, in _compile_jinja_template
    return _cached_compile_jinja_template(chat_template)
  File "/home/sumit/phronesis/mvp/.venv/lib/python3.10/site-packages/transformers/utils/chat_template_utils.py", line 474, in _cached_compile_jinja_template
    raise ImportError(
ImportError: apply_chat_template requires jinja2>=3.1.0 to be installed. Your version is 3.0.3.

[2026-05-01 13:09:26]     [46/576] N1-simpsons-paradox: generating (cap=4096)...
[2026-05-01 13:09:26]       ERROR: apply_chat_template requires jinja2>=3.1.0 to be installed. Your version is 3.0.3.
Traceback (most recent call last):
  File "/home/sumit/phronesis/mvp/run_openr1_sweep.py", line 403, in main
    r = generate(model, tokenizer, device, p["prompt"], cap)
  File "/home/sumit/phronesis/mvp/run_openr1_sweep.py", line 182, in generate
    text = tokenizer.apply_chat_template(
  File "/home/sumit/phronesis/mvp/.venv/lib/python3.10/site-packages/transformers/tokenization_utils_base.py", line 3086, in apply_chat_template
    rendered_chat, generation_indices = render_jinja_template(
  File "/home/sumit/phronesis/mvp/.venv/lib/python3.10/site-packages/transformers/utils/chat_template_utils.py", line 514, in render_jinja_template
    compiled_template = _compile_jinja_template(chat_template)
  File "/home/sumit/phronesis/mvp/.venv/lib/python3.10/site-packages/transformers/utils/chat_template_utils.py", line 421, in _compile_jinja_template
    return _cached_compile_jinja_template(chat_template)
  File "/home/sumit/phronesis/mvp/.venv/lib/python3.10/site-packages/transformers/utils/chat_template_utils.py", line 474, in _cached_compile_jinja_template
    raise ImportError(
ImportError: apply_chat_template requires jinja2>=3.1.0 to be installed. Your version is 3.0.3.

[2026-05-01 13:09:26]     [47/576] N2-conjunction-fallacy: generating (cap=2048)...
[2026-05-01 13:09:26]       ERROR: apply_chat_template requires jinja2>=3.1.0 to be installed. Your version is 3.0.3.
Traceback (most recent call last):
  File "/home/sumit/phronesis/mvp/run_openr1_sweep.py", line 403, in main
    r = generate(model, tokenizer, device, p["prompt"], cap)
  File "/home/sumit/phronesis/mvp/run_openr1_sweep.py", line 182, in generate
    text = tokenizer.apply_chat_template(
  File "/home/sumit/phronesis/mvp/.venv/lib/python3.10/site-packages/transformers/tokenization_utils_base.py", line 3086, in apply_chat_template
    rendered_chat, generation_indices = render_jinja_template(
  File "/home/sumit/phronesis/mvp/.venv/lib/python3.10/site-packages/transformers/utils/chat_template_utils.py", line 514, in render_jinja_template
    compiled_template = _compile_jinja_template(chat_template)
  File "/home/sumit/phronesis/mvp/.venv/lib/python3.10/site-packages/transformers/utils/chat_template_utils.py", line 421, in _compile_jinja_template
    return _cached_compile_jinja_template(chat_template)
  File "/home/sumit/phronesis/mvp/.venv/lib/python3.10/site-packages/transformers/utils/chat_template_utils.py", line 474, in _cached_compile_jinja_template
    raise ImportError(
ImportError: apply_chat_template requires jinja2>=3.1.0 to be installed. Your version is 3.0.3.

[2026-05-01 13:09:26]     [48/576] N3-survivorship-bias: generating (cap=2048)...
[2026-05-01 13:09:26]       ERROR: apply_chat_template requires jinja2>=3.1.0 to be installed. Your version is 3.0.3.
Traceback (most recent call last):
  File "/home/sumit/phronesis/mvp/run_openr1_sweep.py", line 403, in main
    r = generate(model, tokenizer, device, p["prompt"], cap)
  File "/home/sumit/phronesis/mvp/run_openr1_sweep.py", line 182, in generate
    text = tokenizer.apply_chat_template(
  File "/home/sumit/phronesis/mvp/.venv/lib/python3.10/site-packages/transformers/tokenization_utils_base.py", line 3086, in apply_chat_template
    rendered_chat, generation_indices = render_jinja_template(
  File "/home/sumit/phronesis/mvp/.venv/lib/python3.10/site-packages/transformers/utils/chat_template_utils.py", line 514, in render_jinja_template
    compiled_template = _compile_jinja_template(chat_template)
  File "/home/sumit/phronesis/mvp/.venv/lib/python3.10/site-packages/transformers/utils/chat_template_utils.py", line 421, in _compile_jinja_template
    return _cached_compile_jinja_template(chat_template)
  File "/home/sumit/phronesis/mvp/.venv/lib/python3.10/site-packages/transformers/utils/chat_template_utils.py", line 474, in _cached_compile_jinja_template
    raise ImportError(
ImportError: apply_chat_template requires jinja2>=3.1.0 to be installed. Your version is 3.0.3.

[2026-05-01 13:09:26]   ─ α=+6.00 (a+06.00) ─
[2026-05-01 13:09:26]     [49/576] E1-confabulation: generating (cap=2048)...
[2026-05-01 13:09:26]       ERROR: apply_chat_template requires jinja2>=3.1.0 to be installed. Your version is 3.0.3.
Traceback (most recent call last):
  File "/home/sumit/phronesis/mvp/run_openr1_sweep.py", line 403, in main
    r = generate(model, tokenizer, device, p["prompt"], cap)
  File "/home/sumit/phronesis/mvp/run_openr1_sweep.py", line 182, in generate
    text = tokenizer.apply_chat_template(
  File "/home/sumit/phronesis/mvp/.venv/lib/python3.10/site-packages/transformers/tokenization_utils_base.py", line 3086, in apply_chat_template
    rendered_chat, generation_indices = render_jinja_template(
  File "/home/sumit/phronesis/mvp/.venv/lib/python3.10/site-packages/transformers/utils/chat_template_utils.py", line 514, in render_jinja_template
    compiled_template = _compile_jinja_template(chat_template)
  File "/home/sumit/phronesis/mvp/.venv/lib/python3.10/site-packages/transformers/utils/chat_template_utils.py", line 421, in _compile_jinja_template
    return _cached_compile_jinja_template(chat_template)
  File "/home/sumit/phronesis/mvp/.venv/lib/python3.10/site-packages/transformers/utils/chat_template_utils.py", line 474, in _cached_compile_jinja_template
    raise ImportError(
ImportError: apply_chat_template requires jinja2>=3.1.0 to be installed. Your version is 3.0.3.

[2026-05-01 13:09:26]     [50/576] E2-contested-science: generating (cap=2048)...
[2026-05-01 13:09:26]       ERROR: apply_chat_template requires jinja2>=3.1.0 to be installed. Your version is 3.0.3.
Traceback (most recent call last):
  File "/home/sumit/phronesis/mvp/run_openr1_sweep.py", line 403, in main
    r = generate(model, tokenizer, device, p["prompt"], cap)
  File "/home/sumit/phronesis/mvp/run_openr1_sweep.py", line 182, in generate
    text = tokenizer.apply_chat_template(
  File "/home/sumit/phronesis/mvp/.venv/lib/python3.10/site-packages/transformers/tokenization_utils_base.py", line 3086, in apply_chat_template
    rendered_chat, generation_indices = render_jinja_template(
  File "/home/sumit/phronesis/mvp/.venv/lib/python3.10/site-packages/transformers/utils/chat_template_utils.py", line 514, in render_jinja_template
    compiled_template = _compile_jinja_template(chat_template)
  File "/home/sumit/phronesis/mvp/.venv/lib/python3.10/site-packages/transformers/utils/chat_template_utils.py", line 421, in _compile_jinja_template
    return _cached_compile_jinja_template(chat_template)
  File "/home/sumit/phronesis/mvp/.venv/lib/python3.10/site-packages/transformers/utils/chat_template_utils.py", line 474, in _cached_compile_jinja_template
    raise ImportError(
ImportError: apply_chat_template requires jinja2>=3.1.0 to be installed. Your version is 3.0.3.

[2026-05-01 13:09:26]     [51/576] E3-bayesian-update: generating (cap=8192)...
[2026-05-01 13:09:26]       ERROR: apply_chat_template requires jinja2>=3.1.0 to be installed. Your version is 3.0.3.
Traceback (most recent call last):
  File "/home/sumit/phronesis/mvp/run_openr1_sweep.py", line 403, in main
    r = generate(model, tokenizer, device, p["prompt"], cap)
  File "/home/sumit/phronesis/mvp/run_openr1_sweep.py", line 182, in generate
    text = tokenizer.apply_chat_template(
  File "/home/sumit/phronesis/mvp/.venv/lib/python3.10/site-packages/transformers/tokenization_utils_base.py", line 3086, in apply_chat_template
    rendered_chat, generation_indices = render_jinja_template(
  File "/home/sumit/phronesis/mvp/.venv/lib/python3.10/site-packages/transformers/utils/chat_template_utils.py", line 514, in render_jinja_template
    compiled_template = _compile_jinja_template(chat_template)
  File "/home/sumit/phronesis/mvp/.venv/lib/python3.10/site-packages/transformers/utils/chat_template_utils.py", line 421, in _compile_jinja_template
    return _cached_compile_jinja_template(chat_template)
  File "/home/sumit/phronesis/mvp/.venv/lib/python3.10/site-packages/transformers/utils/chat_template_utils.py", line 474, in _cached_compile_jinja_template
    raise ImportError(
ImportError: apply_chat_template requires jinja2>=3.1.0 to be installed. Your version is 3.0.3.

[2026-05-01 13:09:26]     [52/576] E4-taxi-social: generating (cap=8192)...
[2026-05-01 13:09:26]       ERROR: apply_chat_template requires jinja2>=3.1.0 to be installed. Your version is 3.0.3.
Traceback (most recent call last):
  File "/home/sumit/phronesis/mvp/run_openr1_sweep.py", line 403, in main
    r = generate(model, tokenizer, device, p["prompt"], cap)
  File "/home/sumit/phronesis/mvp/run_openr1_sweep.py", line 182, in generate
    text = tokenizer.apply_chat_template(
  File "/home/sumit/phronesis/mvp/.venv/lib/python3.10/site-packages/transformers/tokenization_utils_base.py", line 3086, in apply_chat_template
    rendered_chat, generation_indices = render_jinja_template(
  File "/home/sumit/phronesis/mvp/.venv/lib/python3.10/site-packages/transformers/utils/chat_template_utils.py", line 514, in render_jinja_template
    compiled_template = _compile_jinja_template(chat_template)
  File "/home/sumit/phronesis/mvp/.venv/lib/python3.10/site-packages/transformers/utils/chat_template_utils.py", line 421, in _compile_jinja_template
    return _cached_compile_jinja_template(chat_template)
  File "/home/sumit/phronesis/mvp/.venv/lib/python3.10/site-packages/transformers/utils/chat_template_utils.py", line 474, in _cached_compile_jinja_template
    raise ImportError(
ImportError: apply_chat_template requires jinja2>=3.1.0 to be installed. Your version is 3.0.3.

[2026-05-01 13:09:26]     [53/576] E5-ecological-fallacy: generating (cap=2048)...
[2026-05-01 13:09:26]       ERROR: apply_chat_template requires jinja2>=3.1.0 to be installed. Your version is 3.0.3.
Traceback (most recent call last):
  File "/home/sumit/phronesis/mvp/run_openr1_sweep.py", line 403, in main
    r = generate(model, tokenizer, device, p["prompt"], cap)
  File "/home/sumit/phronesis/mvp/run_openr1_sweep.py", line 182, in generate
    text = tokenizer.apply_chat_template(
  File "/home/sumit/phronesis/mvp/.venv/lib/python3.10/site-packages/transformers/tokenization_utils_base.py", line 3086, in apply_chat_template
    rendered_chat, generation_indices = render_jinja_template(
  File "/home/sumit/phronesis/mvp/.venv/lib/python3.10/site-packages/transformers/utils/chat_template_utils.py", line 514, in render_jinja_template
    compiled_template = _compile_jinja_template(chat_template)
  File "/home/sumit/phronesis/mvp/.venv/lib/python3.10/site-packages/transformers/utils/chat_template_utils.py", line 421, in _compile_jinja_template
    return _cached_compile_jinja_template(chat_template)
  File "/home/sumit/phronesis/mvp/.venv/lib/python3.10/site-packages/transformers/utils/chat_template_utils.py", line 474, in _cached_compile_jinja_template
    raise ImportError(
ImportError: apply_chat_template requires jinja2>=3.1.0 to be installed. Your version is 3.0.3.

[2026-05-01 13:09:26]     [54/576] N1-simpsons-paradox: generating (cap=4096)...
[2026-05-01 13:09:26]       ERROR: apply_chat_template requires jinja2>=3.1.0 to be installed. Your version is 3.0.3.
Traceback (most recent call last):
  File "/home/sumit/phronesis/mvp/run_openr1_sweep.py", line 403, in main
    r = generate(model, tokenizer, device, p["prompt"], cap)
  File "/home/sumit/phronesis/mvp/run_openr1_sweep.py", line 182, in generate
    text = tokenizer.apply_chat_template(
  File "/home/sumit/phronesis/mvp/.venv/lib/python3.10/site-packages/transformers/tokenization_utils_base.py", line 3086, in apply_chat_template
    rendered_chat, generation_indices = render_jinja_template(
  File "/home/sumit/phronesis/mvp/.venv/lib/python3.10/site-packages/transformers/utils/chat_template_utils.py", line 514, in render_jinja_template
    compiled_template = _compile_jinja_template(chat_template)
  File "/home/sumit/phronesis/mvp/.venv/lib/python3.10/site-packages/transformers/utils/chat_template_utils.py", line 421, in _compile_jinja_template
    return _cached_compile_jinja_template(chat_template)
  File "/home/sumit/phronesis/mvp/.venv/lib/python3.10/site-packages/transformers/utils/chat_template_utils.py", line 474, in _cached_compile_jinja_template
    raise ImportError(
ImportError: apply_chat_template requires jinja2>=3.1.0 to be installed. Your version is 3.0.3.

[2026-05-01 13:09:26]     [55/576] N2-conjunction-fallacy: generating (cap=2048)...
[2026-05-01 13:09:26]       ERROR: apply_chat_template requires jinja2>=3.1.0 to be installed. Your version is 3.0.3.
Traceback (most recent call last):
  File "/home/sumit/phronesis/mvp/run_openr1_sweep.py", line 403, in main
    r = generate(model, tokenizer, device, p["prompt"], cap)
  File "/home/sumit/phronesis/mvp/run_openr1_sweep.py", line 182, in generate
    text = tokenizer.apply_chat_template(
  File "/home/sumit/phronesis/mvp/.venv/lib/python3.10/site-packages/transformers/tokenization_utils_base.py", line 3086, in apply_chat_template
    rendered_chat, generation_indices = render_jinja_template(
  File "/home/sumit/phronesis/mvp/.venv/lib/python3.10/site-packages/transformers/utils/chat_template_utils.py", line 514, in render_jinja_template
    compiled_template = _compile_jinja_template(chat_template)
  File "/home/sumit/phronesis/mvp/.venv/lib/python3.10/site-packages/transformers/utils/chat_template_utils.py", line 421, in _compile_jinja_template
    return _cached_compile_jinja_template(chat_template)
  File "/home/sumit/phronesis/mvp/.venv/lib/python3.10/site-packages/transformers/utils/chat_template_utils.py", line 474, in _cached_compile_jinja_template
    raise ImportError(
ImportError: apply_chat_template requires jinja2>=3.1.0 to be installed. Your version is 3.0.3.

[2026-05-01 13:09:26]     [56/576] N3-survivorship-bias: generating (cap=2048)...
[2026-05-01 13:09:26]       ERROR: apply_chat_template requires jinja2>=3.1.0 to be installed. Your version is 3.0.3.
Traceback (most recent call last):
  File "/home/sumit/phronesis/mvp/run_openr1_sweep.py", line 403, in main
    r = generate(model, tokenizer, device, p["prompt"], cap)
  File "/home/sumit/phronesis/mvp/run_openr1_sweep.py", line 182, in generate
    text = tokenizer.apply_chat_template(
  File "/home/sumit/phronesis/mvp/.venv/lib/python3.10/site-packages/transformers/tokenization_utils_base.py", line 3086, in apply_chat_template
    rendered_chat, generation_indices = render_jinja_template(
  File "/home/sumit/phronesis/mvp/.venv/lib/python3.10/site-packages/transformers/utils/chat_template_utils.py", line 514, in render_jinja_template
    compiled_template = _compile_jinja_template(chat_template)
  File "/home/sumit/phronesis/mvp/.venv/lib/python3.10/site-packages/transformers/utils/chat_template_utils.py", line 421, in _compile_jinja_template
    return _cached_compile_jinja_template(chat_template)
  File "/home/sumit/phronesis/mvp/.venv/lib/python3.10/site-packages/transformers/utils/chat_template_utils.py", line 474, in _cached_compile_jinja_template
    raise ImportError(
ImportError: apply_chat_template requires jinja2>=3.1.0 to be installed. Your version is 3.0.3.

[2026-05-01 13:09:26]   ─ α=+8.00 (a+08.00) ─
[2026-05-01 13:09:26]     [57/576] E1-confabulation: generating (cap=2048)...
[2026-05-01 13:09:26]       ERROR: apply_chat_template requires jinja2>=3.1.0 to be installed. Your version is 3.0.3.
Traceback (most recent call last):
  File "/home/sumit/phronesis/mvp/run_openr1_sweep.py", line 403, in main
    r = generate(model, tokenizer, device, p["prompt"], cap)
  File "/home/sumit/phronesis/mvp/run_openr1_sweep.py", line 182, in generate
    text = tokenizer.apply_chat_template(
  File "/home/sumit/phronesis/mvp/.venv/lib/python3.10/site-packages/transformers/tokenization_utils_base.py", line 3086, in apply_chat_template
    rendered_chat, generation_indices = render_jinja_template(
  File "/home/sumit/phronesis/mvp/.venv/lib/python3.10/site-packages/transformers/utils/chat_template_utils.py", line 514, in render_jinja_template
    compiled_template = _compile_jinja_template(chat_template)
  File "/home/sumit/phronesis/mvp/.venv/lib/python3.10/site-packages/transformers/utils/chat_template_utils.py", line 421, in _compile_jinja_template
    return _cached_compile_jinja_template(chat_template)
  File "/home/sumit/phronesis/mvp/.venv/lib/python3.10/site-packages/transformers/utils/chat_template_utils.py", line 474, in _cached_compile_jinja_template
    raise ImportError(
ImportError: apply_chat_template requires jinja2>=3.1.0 to be installed. Your version is 3.0.3.

[2026-05-01 13:09:26]     [58/576] E2-contested-science: generating (cap=2048)...
[2026-05-01 13:09:26]       ERROR: apply_chat_template requires jinja2>=3.1.0 to be installed. Your version is 3.0.3.
Traceback (most recent call last):
  File "/home/sumit/phronesis/mvp/run_openr1_sweep.py", line 403, in main
    r = generate(model, tokenizer, device, p["prompt"], cap)
  File "/home/sumit/phronesis/mvp/run_openr1_sweep.py", line 182, in generate
    text = tokenizer.apply_chat_template(
  File "/home/sumit/phronesis/mvp/.venv/lib/python3.10/site-packages/transformers/tokenization_utils_base.py", line 3086, in apply_chat_template
    rendered_chat, generation_indices = render_jinja_template(
  File "/home/sumit/phronesis/mvp/.venv/lib/python3.10/site-packages/transformers/utils/chat_template_utils.py", line 514, in render_jinja_template
    compiled_template = _compile_jinja_template(chat_template)
  File "/home/sumit/phronesis/mvp/.venv/lib/python3.10/site-packages/transformers/utils/chat_template_utils.py", line 421, in _compile_jinja_template
    return _cached_compile_jinja_template(chat_template)
  File "/home/sumit/phronesis/mvp/.venv/lib/python3.10/site-packages/transformers/utils/chat_template_utils.py", line 474, in _cached_compile_jinja_template
    raise ImportError(
ImportError: apply_chat_template requires jinja2>=3.1.0 to be installed. Your version is 3.0.3.

[2026-05-01 13:09:26]     [59/576] E3-bayesian-update: generating (cap=8192)...
[2026-05-01 13:09:26]       ERROR: apply_chat_template requires jinja2>=3.1.0 to be installed. Your version is 3.0.3.
Traceback (most recent call last):
  File "/home/sumit/phronesis/mvp/run_openr1_sweep.py", line 403, in main
    r = generate(model, tokenizer, device, p["prompt"], cap)
  File "/home/sumit/phronesis/mvp/run_openr1_sweep.py", line 182, in generate
    text = tokenizer.apply_chat_template(
  File "/home/sumit/phronesis/mvp/.venv/lib/python3.10/site-packages/transformers/tokenization_utils_base.py", line 3086, in apply_chat_template
    rendered_chat, generation_indices = render_jinja_template(
  File "/home/sumit/phronesis/mvp/.venv/lib/python3.10/site-packages/transformers/utils/chat_template_utils.py", line 514, in render_jinja_template
    compiled_template = _compile_jinja_template(chat_template)
  File "/home/sumit/phronesis/mvp/.venv/lib/python3.10/site-packages/transformers/utils/chat_template_utils.py", line 421, in _compile_jinja_template
    return _cached_compile_jinja_template(chat_template)
  File "/home/sumit/phronesis/mvp/.venv/lib/python3.10/site-packages/transformers/utils/chat_template_utils.py", line 474, in _cached_compile_jinja_template
    raise ImportError(
ImportError: apply_chat_template requires jinja2>=3.1.0 to be installed. Your version is 3.0.3.

[2026-05-01 13:09:26]     [60/576] E4-taxi-social: generating (cap=8192)...
[2026-05-01 13:09:26]       ERROR: apply_chat_template requires jinja2>=3.1.0 to be installed. Your version is 3.0.3.
Traceback (most recent call last):
  File "/home/sumit/phronesis/mvp/run_openr1_sweep.py", line 403, in main
    r = generate(model, tokenizer, device, p["prompt"], cap)
  File "/home/sumit/phronesis/mvp/run_openr1_sweep.py", line 182, in generate
    text = tokenizer.apply_chat_template(
  File "/home/sumit/phronesis/mvp/.venv/lib/python3.10/site-packages/transformers/tokenization_utils_base.py", line 3086, in apply_chat_template
    rendered_chat, generation_indices = render_jinja_template(
  File "/home/sumit/phronesis/mvp/.venv/lib/python3.10/site-packages/transformers/utils/chat_template_utils.py", line 514, in render_jinja_template
    compiled_template = _compile_jinja_template(chat_template)
  File "/home/sumit/phronesis/mvp/.venv/lib/python3.10/site-packages/transformers/utils/chat_template_utils.py", line 421, in _compile_jinja_template
    return _cached_compile_jinja_template(chat_template)
  File "/home/sumit/phronesis/mvp/.venv/lib/python3.10/site-packages/transformers/utils/chat_template_utils.py", line 474, in _cached_compile_jinja_template
    raise ImportError(
ImportError: apply_chat_template requires jinja2>=3.1.0 to be installed. Your version is 3.0.3.

[2026-05-01 13:09:26]     [61/576] E5-ecological-fallacy: generating (cap=2048)...
[2026-05-01 13:09:26]       ERROR: apply_chat_template requires jinja2>=3.1.0 to be installed. Your version is 3.0.3.
Traceback (most recent call last):
  File "/home/sumit/phronesis/mvp/run_openr1_sweep.py", line 403, in main
    r = generate(model, tokenizer, device, p["prompt"], cap)
  File "/home/sumit/phronesis/mvp/run_openr1_sweep.py", line 182, in generate
    text = tokenizer.apply_chat_template(
  File "/home/sumit/phronesis/mvp/.venv/lib/python3.10/site-packages/transformers/tokenization_utils_base.py", line 3086, in apply_chat_template
    rendered_chat, generation_indices = render_jinja_template(
  File "/home/sumit/phronesis/mvp/.venv/lib/python3.10/site-packages/transformers/utils/chat_template_utils.py", line 514, in render_jinja_template
    compiled_template = _compile_jinja_template(chat_template)
  File "/home/sumit/phronesis/mvp/.venv/lib/python3.10/site-packages/transformers/utils/chat_template_utils.py", line 421, in _compile_jinja_template
    return _cached_compile_jinja_template(chat_template)
  File "/home/sumit/phronesis/mvp/.venv/lib/python3.10/site-packages/transformers/utils/chat_template_utils.py", line 474, in _cached_compile_jinja_template
    raise ImportError(
ImportError: apply_chat_template requires jinja2>=3.1.0 to be installed. Your version is 3.0.3.

[2026-05-01 13:09:26]     [62/576] N1-simpsons-paradox: generating (cap=4096)...
[2026-05-01 13:09:26]       ERROR: apply_chat_template requires jinja2>=3.1.0 to be installed. Your version is 3.0.3.
Traceback (most recent call last):
  File "/home/sumit/phronesis/mvp/run_openr1_sweep.py", line 403, in main
    r = generate(model, tokenizer, device, p["prompt"], cap)
  File "/home/sumit/phronesis/mvp/run_openr1_sweep.py", line 182, in generate
    text = tokenizer.apply_chat_template(
  File "/home/sumit/phronesis/mvp/.venv/lib/python3.10/site-packages/transformers/tokenization_utils_base.py", line 3086, in apply_chat_template
    rendered_chat, generation_indices = render_jinja_template(
  File "/home/sumit/phronesis/mvp/.venv/lib/python3.10/site-packages/transformers/utils/chat_template_utils.py", line 514, in render_jinja_template
    compiled_template = _compile_jinja_template(chat_template)
  File "/home/sumit/phronesis/mvp/.venv/lib/python3.10/site-packages/transformers/utils/chat_template_utils.py", line 421, in _compile_jinja_template
    return _cached_compile_jinja_template(chat_template)
  File "/home/sumit/phronesis/mvp/.venv/lib/python3.10/site-packages/transformers/utils/chat_template_utils.py", line 474, in _cached_compile_jinja_template
    raise ImportError(
ImportError: apply_chat_template requires jinja2>=3.1.0 to be installed. Your version is 3.0.3.

[2026-05-01 13:09:26]     [63/576] N2-conjunction-fallacy: generating (cap=2048)...
[2026-05-01 13:09:26]       ERROR: apply_chat_template requires jinja2>=3.1.0 to be installed. Your version is 3.0.3.
Traceback (most recent call last):
  File "/home/sumit/phronesis/mvp/run_openr1_sweep.py", line 403, in main
    r = generate(model, tokenizer, device, p["prompt"], cap)
  File "/home/sumit/phronesis/mvp/run_openr1_sweep.py", line 182, in generate
    text = tokenizer.apply_chat_template(
  File "/home/sumit/phronesis/mvp/.venv/lib/python3.10/site-packages/transformers/tokenization_utils_base.py", line 3086, in apply_chat_template
    rendered_chat, generation_indices = render_jinja_template(
  File "/home/sumit/phronesis/mvp/.venv/lib/python3.10/site-packages/transformers/utils/chat_template_utils.py", line 514, in render_jinja_template
    compiled_template = _compile_jinja_template(chat_template)
  File "/home/sumit/phronesis/mvp/.venv/lib/python3.10/site-packages/transformers/utils/chat_template_utils.py", line 421, in _compile_jinja_template
    return _cached_compile_jinja_template(chat_template)
  File "/home/sumit/phronesis/mvp/.venv/lib/python3.10/site-packages/transformers/utils/chat_template_utils.py", line 474, in _cached_compile_jinja_template
    raise ImportError(
ImportError: apply_chat_template requires jinja2>=3.1.0 to be installed. Your version is 3.0.3.

[2026-05-01 13:09:26]     [64/576] N3-survivorship-bias: generating (cap=2048)...
[2026-05-01 13:09:26]       ERROR: apply_chat_template requires jinja2>=3.1.0 to be installed. Your version is 3.0.3.
Traceback (most recent call last):
  File "/home/sumit/phronesis/mvp/run_openr1_sweep.py", line 403, in main
    r = generate(model, tokenizer, device, p["prompt"], cap)
  File "/home/sumit/phronesis/mvp/run_openr1_sweep.py", line 182, in generate
    text = tokenizer.apply_chat_template(
  File "/home/sumit/phronesis/mvp/.venv/lib/python3.10/site-packages/transformers/tokenization_utils_base.py", line 3086, in apply_chat_template
    rendered_chat, generation_indices = render_jinja_template(
  File "/home/sumit/phronesis/mvp/.venv/lib/python3.10/site-packages/transformers/utils/chat_template_utils.py", line 514, in render_jinja_template
    compiled_template = _compile_jinja_template(chat_template)
  File "/home/sumit/phronesis/mvp/.venv/lib/python3.10/site-packages/transformers/utils/chat_template_utils.py", line 421, in _compile_jinja_template
    return _cached_compile_jinja_template(chat_template)
  File "/home/sumit/phronesis/mvp/.venv/lib/python3.10/site-packages/transformers/utils/chat_template_utils.py", line 474, in _cached_compile_jinja_template
    raise ImportError(
ImportError: apply_chat_template requires jinja2>=3.1.0 to be installed. Your version is 3.0.3.

[2026-05-01 13:09:26]   ─ α=+10.00 (a+10.00) ─
[2026-05-01 13:09:26]     [65/576] E1-confabulation: generating (cap=2048)...
[2026-05-01 13:09:26]       ERROR: apply_chat_template requires jinja2>=3.1.0 to be installed. Your version is 3.0.3.
Traceback (most recent call last):
  File "/home/sumit/phronesis/mvp/run_openr1_sweep.py", line 403, in main
    r = generate(model, tokenizer, device, p["prompt"], cap)
  File "/home/sumit/phronesis/mvp/run_openr1_sweep.py", line 182, in generate
    text = tokenizer.apply_chat_template(
  File "/home/sumit/phronesis/mvp/.venv/lib/python3.10/site-packages/transformers/tokenization_utils_base.py", line 3086, in apply_chat_template
    rendered_chat, generation_indices = render_jinja_template(
  File "/home/sumit/phronesis/mvp/.venv/lib/python3.10/site-packages/transformers/utils/chat_template_utils.py", line 514, in render_jinja_template
    compiled_template = _compile_jinja_template(chat_template)
  File "/home/sumit/phronesis/mvp/.venv/lib/python3.10/site-packages/transformers/utils/chat_template_utils.py", line 421, in _compile_jinja_template
    return _cached_compile_jinja_template(chat_template)
  File "/home/sumit/phronesis/mvp/.venv/lib/python3.10/site-packages/transformers/utils/chat_template_utils.py", line 474, in _cached_compile_jinja_template
    raise ImportError(
ImportError: apply_chat_template requires jinja2>=3.1.0 to be installed. Your version is 3.0.3.

[2026-05-01 13:09:26]     [66/576] E2-contested-science: generating (cap=2048)...
[2026-05-01 13:09:26]       ERROR: apply_chat_template requires jinja2>=3.1.0 to be installed. Your version is 3.0.3.
Traceback (most recent call last):
  File "/home/sumit/phronesis/mvp/run_openr1_sweep.py", line 403, in main
    r = generate(model, tokenizer, device, p["prompt"], cap)
  File "/home/sumit/phronesis/mvp/run_openr1_sweep.py", line 182, in generate
    text = tokenizer.apply_chat_template(
  File "/home/sumit/phronesis/mvp/.venv/lib/python3.10/site-packages/transformers/tokenization_utils_base.py", line 3086, in apply_chat_template
    rendered_chat, generation_indices = render_jinja_template(
  File "/home/sumit/phronesis/mvp/.venv/lib/python3.10/site-packages/transformers/utils/chat_template_utils.py", line 514, in render_jinja_template
    compiled_template = _compile_jinja_template(chat_template)
  File "/home/sumit/phronesis/mvp/.venv/lib/python3.10/site-packages/transformers/utils/chat_template_utils.py", line 421, in _compile_jinja_template
    return _cached_compile_jinja_template(chat_template)
  File "/home/sumit/phronesis/mvp/.venv/lib/python3.10/site-packages/transformers/utils/chat_template_utils.py", line 474, in _cached_compile_jinja_template
    raise ImportError(
ImportError: apply_chat_template requires jinja2>=3.1.0 to be installed. Your version is 3.0.3.

[2026-05-01 13:09:26]     [67/576] E3-bayesian-update: generating (cap=8192)...
[2026-05-01 13:09:26]       ERROR: apply_chat_template requires jinja2>=3.1.0 to be installed. Your version is 3.0.3.
Traceback (most recent call last):
  File "/home/sumit/phronesis/mvp/run_openr1_sweep.py", line 403, in main
    r = generate(model, tokenizer, device, p["prompt"], cap)
  File "/home/sumit/phronesis/mvp/run_openr1_sweep.py", line 182, in generate
    text = tokenizer.apply_chat_template(
  File "/home/sumit/phronesis/mvp/.venv/lib/python3.10/site-packages/transformers/tokenization_utils_base.py", line 3086, in apply_chat_template
    rendered_chat, generation_indices = render_jinja_template(
  File "/home/sumit/phronesis/mvp/.venv/lib/python3.10/site-packages/transformers/utils/chat_template_utils.py", line 514, in render_jinja_template
    compiled_template = _compile_jinja_template(chat_template)
  File "/home/sumit/phronesis/mvp/.venv/lib/python3.10/site-packages/transformers/utils/chat_template_utils.py", line 421, in _compile_jinja_template
    return _cached_compile_jinja_template(chat_template)
  File "/home/sumit/phronesis/mvp/.venv/lib/python3.10/site-packages/transformers/utils/chat_template_utils.py", line 474, in _cached_compile_jinja_template
    raise ImportError(
ImportError: apply_chat_template requires jinja2>=3.1.0 to be installed. Your version is 3.0.3.

[2026-05-01 13:09:26]     [68/576] E4-taxi-social: generating (cap=8192)...
[2026-05-01 13:09:26]       ERROR: apply_chat_template requires jinja2>=3.1.0 to be installed. Your version is 3.0.3.
Traceback (most recent call last):
  File "/home/sumit/phronesis/mvp/run_openr1_sweep.py", line 403, in main
    r = generate(model, tokenizer, device, p["prompt"], cap)
  File "/home/sumit/phronesis/mvp/run_openr1_sweep.py", line 182, in generate
    text = tokenizer.apply_chat_template(
  File "/home/sumit/phronesis/mvp/.venv/lib/python3.10/site-packages/transformers/tokenization_utils_base.py", line 3086, in apply_chat_template
    rendered_chat, generation_indices = render_jinja_template(
  File "/home/sumit/phronesis/mvp/.venv/lib/python3.10/site-packages/transformers/utils/chat_template_utils.py", line 514, in render_jinja_template
    compiled_template = _compile_jinja_template(chat_template)
  File "/home/sumit/phronesis/mvp/.venv/lib/python3.10/site-packages/transformers/utils/chat_template_utils.py", line 421, in _compile_jinja_template
    return _cached_compile_jinja_template(chat_template)
  File "/home/sumit/phronesis/mvp/.venv/lib/python3.10/site-packages/transformers/utils/chat_template_utils.py", line 474, in _cached_compile_jinja_template
    raise ImportError(
ImportError: apply_chat_template requires jinja2>=3.1.0 to be installed. Your version is 3.0.3.

[2026-05-01 13:09:26]     [69/576] E5-ecological-fallacy: generating (cap=2048)...
[2026-05-01 13:09:26]       ERROR: apply_chat_template requires jinja2>=3.1.0 to be installed. Your version is 3.0.3.
Traceback (most recent call last):
  File "/home/sumit/phronesis/mvp/run_openr1_sweep.py", line 403, in main
    r = generate(model, tokenizer, device, p["prompt"], cap)
  File "/home/sumit/phronesis/mvp/run_openr1_sweep.py", line 182, in generate
    text = tokenizer.apply_chat_template(
  File "/home/sumit/phronesis/mvp/.venv/lib/python3.10/site-packages/transformers/tokenization_utils_base.py", line 3086, in apply_chat_template
    rendered_chat, generation_indices = render_jinja_template(
  File "/home/sumit/phronesis/mvp/.venv/lib/python3.10/site-packages/transformers/utils/chat_template_utils.py", line 514, in render_jinja_template
    compiled_template = _compile_jinja_template(chat_template)
  File "/home/sumit/phronesis/mvp/.venv/lib/python3.10/site-packages/transformers/utils/chat_template_utils.py", line 421, in _compile_jinja_template
    return _cached_compile_jinja_template(chat_template)
  File "/home/sumit/phronesis/mvp/.venv/lib/python3.10/site-packages/transformers/utils/chat_template_utils.py", line 474, in _cached_compile_jinja_template
    raise ImportError(
ImportError: apply_chat_template requires jinja2>=3.1.0 to be installed. Your version is 3.0.3.

[2026-05-01 13:09:26]     [70/576] N1-simpsons-paradox: generating (cap=4096)...
[2026-05-01 13:09:26]       ERROR: apply_chat_template requires jinja2>=3.1.0 to be installed. Your version is 3.0.3.
Traceback (most recent call last):
  File "/home/sumit/phronesis/mvp/run_openr1_sweep.py", line 403, in main
    r = generate(model, tokenizer, device, p["prompt"], cap)
  File "/home/sumit/phronesis/mvp/run_openr1_sweep.py", line 182, in generate
    text = tokenizer.apply_chat_template(
  File "/home/sumit/phronesis/mvp/.venv/lib/python3.10/site-packages/transformers/tokenization_utils_base.py", line 3086, in apply_chat_template
    rendered_chat, generation_indices = render_jinja_template(
  File "/home/sumit/phronesis/mvp/.venv/lib/python3.10/site-packages/transformers/utils/chat_template_utils.py", line 514, in render_jinja_template
    compiled_template = _compile_jinja_template(chat_template)
  File "/home/sumit/phronesis/mvp/.venv/lib/python3.10/site-packages/transformers/utils/chat_template_utils.py", line 421, in _compile_jinja_template
    return _cached_compile_jinja_template(chat_template)
  File "/home/sumit/phronesis/mvp/.venv/lib/python3.10/site-packages/transformers/utils/chat_template_utils.py", line 474, in _cached_compile_jinja_template
    raise ImportError(
ImportError: apply_chat_template requires jinja2>=3.1.0 to be installed. Your version is 3.0.3.

[2026-05-01 13:09:26]     [71/576] N2-conjunction-fallacy: generating (cap=2048)...
[2026-05-01 13:09:26]       ERROR: apply_chat_template requires jinja2>=3.1.0 to be installed. Your version is 3.0.3.
Traceback (most recent call last):
  File "/home/sumit/phronesis/mvp/run_openr1_sweep.py", line 403, in main
    r = generate(model, tokenizer, device, p["prompt"], cap)
  File "/home/sumit/phronesis/mvp/run_openr1_sweep.py", line 182, in generate
    text = tokenizer.apply_chat_template(
  File "/home/sumit/phronesis/mvp/.venv/lib/python3.10/site-packages/transformers/tokenization_utils_base.py", line 3086, in apply_chat_template
    rendered_chat, generation_indices = render_jinja_template(
  File "/home/sumit/phronesis/mvp/.venv/lib/python3.10/site-packages/transformers/utils/chat_template_utils.py", line 514, in render_jinja_template
    compiled_template = _compile_jinja_template(chat_template)
  File "/home/sumit/phronesis/mvp/.venv/lib/python3.10/site-packages/transformers/utils/chat_template_utils.py", line 421, in _compile_jinja_template
    return _cached_compile_jinja_template(chat_template)
  File "/home/sumit/phronesis/mvp/.venv/lib/python3.10/site-packages/transformers/utils/chat_template_utils.py", line 474, in _cached_compile_jinja_template
    raise ImportError(
ImportError: apply_chat_template requires jinja2>=3.1.0 to be installed. Your version is 3.0.3.

[2026-05-01 13:09:26]     [72/576] N3-survivorship-bias: generating (cap=2048)...
[2026-05-01 13:09:26]       ERROR: apply_chat_template requires jinja2>=3.1.0 to be installed. Your version is 3.0.3.
Traceback (most recent call last):
  File "/home/sumit/phronesis/mvp/run_openr1_sweep.py", line 403, in main
    r = generate(model, tokenizer, device, p["prompt"], cap)
  File "/home/sumit/phronesis/mvp/run_openr1_sweep.py", line 182, in generate
    text = tokenizer.apply_chat_template(
  File "/home/sumit/phronesis/mvp/.venv/lib/python3.10/site-packages/transformers/tokenization_utils_base.py", line 3086, in apply_chat_template
    rendered_chat, generation_indices = render_jinja_template(
  File "/home/sumit/phronesis/mvp/.venv/lib/python3.10/site-packages/transformers/utils/chat_template_utils.py", line 514, in render_jinja_template
    compiled_template = _compile_jinja_template(chat_template)
  File "/home/sumit/phronesis/mvp/.venv/lib/python3.10/site-packages/transformers/utils/chat_template_utils.py", line 421, in _compile_jinja_template
    return _cached_compile_jinja_template(chat_template)
  File "/home/sumit/phronesis/mvp/.venv/lib/python3.10/site-packages/transformers/utils/chat_template_utils.py", line 474, in _cached_compile_jinja_template
    raise ImportError(
ImportError: apply_chat_template requires jinja2>=3.1.0 to be installed. Your version is 3.0.3.

[2026-05-01 13:09:26]   ─ α=+12.00 (a+12.00) ─
[2026-05-01 13:09:26]     [73/576] E1-confabulation: generating (cap=2048)...
[2026-05-01 13:09:26]       ERROR: apply_chat_template requires jinja2>=3.1.0 to be installed. Your version is 3.0.3.
Traceback (most recent call last):
  File "/home/sumit/phronesis/mvp/run_openr1_sweep.py", line 403, in main
    r = generate(model, tokenizer, device, p["prompt"], cap)
  File "/home/sumit/phronesis/mvp/run_openr1_sweep.py", line 182, in generate
    text = tokenizer.apply_chat_template(
  File "/home/sumit/phronesis/mvp/.venv/lib/python3.10/site-packages/transformers/tokenization_utils_base.py", line 3086, in apply_chat_template
    rendered_chat, generation_indices = render_jinja_template(
  File "/home/sumit/phronesis/mvp/.venv/lib/python3.10/site-packages/transformers/utils/chat_template_utils.py", line 514, in render_jinja_template
    compiled_template = _compile_jinja_template(chat_template)
  File "/home/sumit/phronesis/mvp/.venv/lib/python3.10/site-packages/transformers/utils/chat_template_utils.py", line 421, in _compile_jinja_template
    return _cached_compile_jinja_template(chat_template)
  File "/home/sumit/phronesis/mvp/.venv/lib/python3.10/site-packages/transformers/utils/chat_template_utils.py", line 474, in _cached_compile_jinja_template
    raise ImportError(
ImportError: apply_chat_template requires jinja2>=3.1.0 to be installed. Your version is 3.0.3.

[2026-05-01 13:09:26]     [74/576] E2-contested-science: generating (cap=2048)...
[2026-05-01 13:09:26]       ERROR: apply_chat_template requires jinja2>=3.1.0 to be installed. Your version is 3.0.3.
Traceback (most recent call last):
  File "/home/sumit/phronesis/mvp/run_openr1_sweep.py", line 403, in main
    r = generate(model, tokenizer, device, p["prompt"], cap)
  File "/home/sumit/phronesis/mvp/run_openr1_sweep.py", line 182, in generate
    text = tokenizer.apply_chat_template(
  File "/home/sumit/phronesis/mvp/.venv/lib/python3.10/site-packages/transformers/tokenization_utils_base.py", line 3086, in apply_chat_template
    rendered_chat, generation_indices = render_jinja_template(
  File "/home/sumit/phronesis/mvp/.venv/lib/python3.10/site-packages/transformers/utils/chat_template_utils.py", line 514, in render_jinja_template
    compiled_template = _compile_jinja_template(chat_template)
  File "/home/sumit/phronesis/mvp/.venv/lib/python3.10/site-packages/transformers/utils/chat_template_utils.py", line 421, in _compile_jinja_template
    return _cached_compile_jinja_template(chat_template)
  File "/home/sumit/phronesis/mvp/.venv/lib/python3.10/site-packages/transformers/utils/chat_template_utils.py", line 474, in _cached_compile_jinja_template
    raise ImportError(
ImportError: apply_chat_template requires jinja2>=3.1.0 to be installed. Your version is 3.0.3.

[2026-05-01 13:09:26]     [75/576] E3-bayesian-update: generating (cap=8192)...
[2026-05-01 13:09:26]       ERROR: apply_chat_template requires jinja2>=3.1.0 to be installed. Your version is 3.0.3.
Traceback (most recent call last):
  File "/home/sumit/phronesis/mvp/run_openr1_sweep.py", line 403, in main
    r = generate(model, tokenizer, device, p["prompt"], cap)
  File "/home/sumit/phronesis/mvp/run_openr1_sweep.py", line 182, in generate
    text = tokenizer.apply_chat_template(
  File "/home/sumit/phronesis/mvp/.venv/lib/python3.10/site-packages/transformers/tokenization_utils_base.py", line 3086, in apply_chat_template
    rendered_chat, generation_indices = render_jinja_template(
  File "/home/sumit/phronesis/mvp/.venv/lib/python3.10/site-packages/transformers/utils/chat_template_utils.py", line 514, in render_jinja_template
    compiled_template = _compile_jinja_template(chat_template)
  File "/home/sumit/phronesis/mvp/.venv/lib/python3.10/site-packages/transformers/utils/chat_template_utils.py", line 421, in _compile_jinja_template
    return _cached_compile_jinja_template(chat_template)
  File "/home/sumit/phronesis/mvp/.venv/lib/python3.10/site-packages/transformers/utils/chat_template_utils.py", line 474, in _cached_compile_jinja_template
    raise ImportError(
ImportError: apply_chat_template requires jinja2>=3.1.0 to be installed. Your version is 3.0.3.

[2026-05-01 13:09:26]     [76/576] E4-taxi-social: generating (cap=8192)...
[2026-05-01 13:09:26]       ERROR: apply_chat_template requires jinja2>=3.1.0 to be installed. Your version is 3.0.3.
Traceback (most recent call last):
  File "/home/sumit/phronesis/mvp/run_openr1_sweep.py", line 403, in main
    r = generate(model, tokenizer, device, p["prompt"], cap)
  File "/home/sumit/phronesis/mvp/run_openr1_sweep.py", line 182, in generate
    text = tokenizer.apply_chat_template(
  File "/home/sumit/phronesis/mvp/.venv/lib/python3.10/site-packages/transformers/tokenization_utils_base.py", line 3086, in apply_chat_template
    rendered_chat, generation_indices = render_jinja_template(
  File "/home/sumit/phronesis/mvp/.venv/lib/python3.10/site-packages/transformers/utils/chat_template_utils.py", line 514, in render_jinja_template
    compiled_template = _compile_jinja_template(chat_template)
  File "/home/sumit/phronesis/mvp/.venv/lib/python3.10/site-packages/transformers/utils/chat_template_utils.py", line 421, in _compile_jinja_template
    return _cached_compile_jinja_template(chat_template)
  File "/home/sumit/phronesis/mvp/.venv/lib/python3.10/site-packages/transformers/utils/chat_template_utils.py", line 474, in _cached_compile_jinja_template
    raise ImportError(
ImportError: apply_chat_template requires jinja2>=3.1.0 to be installed. Your version is 3.0.3.

[2026-05-01 13:09:26]     [77/576] E5-ecological-fallacy: generating (cap=2048)...
[2026-05-01 13:09:26]       ERROR: apply_chat_template requires jinja2>=3.1.0 to be installed. Your version is 3.0.3.
Traceback (most recent call last):
  File "/home/sumit/phronesis/mvp/run_openr1_sweep.py", line 403, in main
    r = generate(model, tokenizer, device, p["prompt"], cap)
  File "/home/sumit/phronesis/mvp/run_openr1_sweep.py", line 182, in generate
    text = tokenizer.apply_chat_template(
  File "/home/sumit/phronesis/mvp/.venv/lib/python3.10/site-packages/transformers/tokenization_utils_base.py", line 3086, in apply_chat_template
    rendered_chat, generation_indices = render_jinja_template(
  File "/home/sumit/phronesis/mvp/.venv/lib/python3.10/site-packages/transformers/utils/chat_template_utils.py", line 514, in render_jinja_template
    compiled_template = _compile_jinja_template(chat_template)
  File "/home/sumit/phronesis/mvp/.venv/lib/python3.10/site-packages/transformers/utils/chat_template_utils.py", line 421, in _compile_jinja_template
    return _cached_compile_jinja_template(chat_template)
  File "/home/sumit/phronesis/mvp/.venv/lib/python3.10/site-packages/transformers/utils/chat_template_utils.py", line 474, in _cached_compile_jinja_template
    raise ImportError(
ImportError: apply_chat_template requires jinja2>=3.1.0 to be installed. Your version is 3.0.3.

[2026-05-01 13:09:26]     [78/576] N1-simpsons-paradox: generating (cap=4096)...
[2026-05-01 13:09:26]       ERROR: apply_chat_template requires jinja2>=3.1.0 to be installed. Your version is 3.0.3.
Traceback (most recent call last):
  File "/home/sumit/phronesis/mvp/run_openr1_sweep.py", line 403, in main
    r = generate(model, tokenizer, device, p["prompt"], cap)
  File "/home/sumit/phronesis/mvp/run_openr1_sweep.py", line 182, in generate
    text = tokenizer.apply_chat_template(
  File "/home/sumit/phronesis/mvp/.venv/lib/python3.10/site-packages/transformers/tokenization_utils_base.py", line 3086, in apply_chat_template
    rendered_chat, generation_indices = render_jinja_template(
  File "/home/sumit/phronesis/mvp/.venv/lib/python3.10/site-packages/transformers/utils/chat_template_utils.py", line 514, in render_jinja_template
    compiled_template = _compile_jinja_template(chat_template)
  File "/home/sumit/phronesis/mvp/.venv/lib/python3.10/site-packages/transformers/utils/chat_template_utils.py", line 421, in _compile_jinja_template
    return _cached_compile_jinja_template(chat_template)
  File "/home/sumit/phronesis/mvp/.venv/lib/python3.10/site-packages/transformers/utils/chat_template_utils.py", line 474, in _cached_compile_jinja_template
    raise ImportError(
ImportError: apply_chat_template requires jinja2>=3.1.0 to be installed. Your version is 3.0.3.

[2026-05-01 13:09:26]     [79/576] N2-conjunction-fallacy: generating (cap=2048)...
[2026-05-01 13:09:26]       ERROR: apply_chat_template requires jinja2>=3.1.0 to be installed. Your version is 3.0.3.
Traceback (most recent call last):
  File "/home/sumit/phronesis/mvp/run_openr1_sweep.py", line 403, in main
    r = generate(model, tokenizer, device, p["prompt"], cap)
  File "/home/sumit/phronesis/mvp/run_openr1_sweep.py", line 182, in generate
    text = tokenizer.apply_chat_template(
  File "/home/sumit/phronesis/mvp/.venv/lib/python3.10/site-packages/transformers/tokenization_utils_base.py", line 3086, in apply_chat_template
    rendered_chat, generation_indices = render_jinja_template(
  File "/home/sumit/phronesis/mvp/.venv/lib/python3.10/site-packages/transformers/utils/chat_template_utils.py", line 514, in render_jinja_template
    compiled_template = _compile_jinja_template(chat_template)
  File "/home/sumit/phronesis/mvp/.venv/lib/python3.10/site-packages/transformers/utils/chat_template_utils.py", line 421, in _compile_jinja_template
    return _cached_compile_jinja_template(chat_template)
  File "/home/sumit/phronesis/mvp/.venv/lib/python3.10/site-packages/transformers/utils/chat_template_utils.py", line 474, in _cached_compile_jinja_template
    raise ImportError(
ImportError: apply_chat_template requires jinja2>=3.1.0 to be installed. Your version is 3.0.3.

[2026-05-01 13:09:26]     [80/576] N3-survivorship-bias: generating (cap=2048)...
[2026-05-01 13:09:26]       ERROR: apply_chat_template requires jinja2>=3.1.0 to be installed. Your version is 3.0.3.
Traceback (most recent call last):
  File "/home/sumit/phronesis/mvp/run_openr1_sweep.py", line 403, in main
    r = generate(model, tokenizer, device, p["prompt"], cap)
  File "/home/sumit/phronesis/mvp/run_openr1_sweep.py", line 182, in generate
    text = tokenizer.apply_chat_template(
  File "/home/sumit/phronesis/mvp/.venv/lib/python3.10/site-packages/transformers/tokenization_utils_base.py", line 3086, in apply_chat_template
    rendered_chat, generation_indices = render_jinja_template(
  File "/home/sumit/phronesis/mvp/.venv/lib/python3.10/site-packages/transformers/utils/chat_template_utils.py", line 514, in render_jinja_template
    compiled_template = _compile_jinja_template(chat_template)
  File "/home/sumit/phronesis/mvp/.venv/lib/python3.10/site-packages/transformers/utils/chat_template_utils.py", line 421, in _compile_jinja_template
    return _cached_compile_jinja_template(chat_template)
  File "/home/sumit/phronesis/mvp/.venv/lib/python3.10/site-packages/transformers/utils/chat_template_utils.py", line 474, in _cached_compile_jinja_template
    raise ImportError(
ImportError: apply_chat_template requires jinja2>=3.1.0 to be installed. Your version is 3.0.3.

[2026-05-01 13:09:26]   ─ α=+16.00 (a+16.00) ─
[2026-05-01 13:09:26]     [81/576] E1-confabulation: generating (cap=2048)...
[2026-05-01 13:09:26]       ERROR: apply_chat_template requires jinja2>=3.1.0 to be installed. Your version is 3.0.3.
Traceback (most recent call last):
  File "/home/sumit/phronesis/mvp/run_openr1_sweep.py", line 403, in main
    r = generate(model, tokenizer, device, p["prompt"], cap)
  File "/home/sumit/phronesis/mvp/run_openr1_sweep.py", line 182, in generate
    text = tokenizer.apply_chat_template(
  File "/home/sumit/phronesis/mvp/.venv/lib/python3.10/site-packages/transformers/tokenization_utils_base.py", line 3086, in apply_chat_template
    rendered_chat, generation_indices = render_jinja_template(
  File "/home/sumit/phronesis/mvp/.venv/lib/python3.10/site-packages/transformers/utils/chat_template_utils.py", line 514, in render_jinja_template
    compiled_template = _compile_jinja_template(chat_template)
  File "/home/sumit/phronesis/mvp/.venv/lib/python3.10/site-packages/transformers/utils/chat_template_utils.py", line 421, in _compile_jinja_template
    return _cached_compile_jinja_template(chat_template)
  File "/home/sumit/phronesis/mvp/.venv/lib/python3.10/site-packages/transformers/utils/chat_template_utils.py", line 474, in _cached_compile_jinja_template
    raise ImportError(
ImportError: apply_chat_template requires jinja2>=3.1.0 to be installed. Your version is 3.0.3.

[2026-05-01 13:09:26]     [82/576] E2-contested-science: generating (cap=2048)...
[2026-05-01 13:09:26]       ERROR: apply_chat_template requires jinja2>=3.1.0 to be installed. Your version is 3.0.3.
Traceback (most recent call last):
  File "/home/sumit/phronesis/mvp/run_openr1_sweep.py", line 403, in main
    r = generate(model, tokenizer, device, p["prompt"], cap)
  File "/home/sumit/phronesis/mvp/run_openr1_sweep.py", line 182, in generate
    text = tokenizer.apply_chat_template(
  File "/home/sumit/phronesis/mvp/.venv/lib/python3.10/site-packages/transformers/tokenization_utils_base.py", line 3086, in apply_chat_template
    rendered_chat, generation_indices = render_jinja_template(
  File "/home/sumit/phronesis/mvp/.venv/lib/python3.10/site-packages/transformers/utils/chat_template_utils.py", line 514, in render_jinja_template
    compiled_template = _compile_jinja_template(chat_template)
  File "/home/sumit/phronesis/mvp/.venv/lib/python3.10/site-packages/transformers/utils/chat_template_utils.py", line 421, in _compile_jinja_template
    return _cached_compile_jinja_template(chat_template)
  File "/home/sumit/phronesis/mvp/.venv/lib/python3.10/site-packages/transformers/utils/chat_template_utils.py", line 474, in _cached_compile_jinja_template
    raise ImportError(
ImportError: apply_chat_template requires jinja2>=3.1.0 to be installed. Your version is 3.0.3.

[2026-05-01 13:09:26]     [83/576] E3-bayesian-update: generating (cap=8192)...
[2026-05-01 13:09:26]       ERROR: apply_chat_template requires jinja2>=3.1.0 to be installed. Your version is 3.0.3.
Traceback (most recent call last):
  File "/home/sumit/phronesis/mvp/run_openr1_sweep.py", line 403, in main
    r = generate(model, tokenizer, device, p["prompt"], cap)
  File "/home/sumit/phronesis/mvp/run_openr1_sweep.py", line 182, in generate
    text = tokenizer.apply_chat_template(
  File "/home/sumit/phronesis/mvp/.venv/lib/python3.10/site-packages/transformers/tokenization_utils_base.py", line 3086, in apply_chat_template
    rendered_chat, generation_indices = render_jinja_template(
  File "/home/sumit/phronesis/mvp/.venv/lib/python3.10/site-packages/transformers/utils/chat_template_utils.py", line 514, in render_jinja_template
    compiled_template = _compile_jinja_template(chat_template)
  File "/home/sumit/phronesis/mvp/.venv/lib/python3.10/site-packages/transformers/utils/chat_template_utils.py", line 421, in _compile_jinja_template
    return _cached_compile_jinja_template(chat_template)
  File "/home/sumit/phronesis/mvp/.venv/lib/python3.10/site-packages/transformers/utils/chat_template_utils.py", line 474, in _cached_compile_jinja_template
    raise ImportError(
ImportError: apply_chat_template requires jinja2>=3.1.0 to be installed. Your version is 3.0.3.

[2026-05-01 13:09:26]     [84/576] E4-taxi-social: generating (cap=8192)...
[2026-05-01 13:09:26]       ERROR: apply_chat_template requires jinja2>=3.1.0 to be installed. Your version is 3.0.3.
Traceback (most recent call last):
  File "/home/sumit/phronesis/mvp/run_openr1_sweep.py", line 403, in main
    r = generate(model, tokenizer, device, p["prompt"], cap)
  File "/home/sumit/phronesis/mvp/run_openr1_sweep.py", line 182, in generate
    text = tokenizer.apply_chat_template(
  File "/home/sumit/phronesis/mvp/.venv/lib/python3.10/site-packages/transformers/tokenization_utils_base.py", line 3086, in apply_chat_template
    rendered_chat, generation_indices = render_jinja_template(
  File "/home/sumit/phronesis/mvp/.venv/lib/python3.10/site-packages/transformers/utils/chat_template_utils.py", line 514, in render_jinja_template
    compiled_template = _compile_jinja_template(chat_template)
  File "/home/sumit/phronesis/mvp/.venv/lib/python3.10/site-packages/transformers/utils/chat_template_utils.py", line 421, in _compile_jinja_template
    return _cached_compile_jinja_template(chat_template)
  File "/home/sumit/phronesis/mvp/.venv/lib/python3.10/site-packages/transformers/utils/chat_template_utils.py", line 474, in _cached_compile_jinja_template
    raise ImportError(
ImportError: apply_chat_template requires jinja2>=3.1.0 to be installed. Your version is 3.0.3.

[2026-05-01 13:09:26]     [85/576] E5-ecological-fallacy: generating (cap=2048)...
[2026-05-01 13:09:26]       ERROR: apply_chat_template requires jinja2>=3.1.0 to be installed. Your version is 3.0.3.
Traceback (most recent call last):
  File "/home/sumit/phronesis/mvp/run_openr1_sweep.py", line 403, in main
    r = generate(model, tokenizer, device, p["prompt"], cap)
  File "/home/sumit/phronesis/mvp/run_openr1_sweep.py", line 182, in generate
    text = tokenizer.apply_chat_template(
  File "/home/sumit/phronesis/mvp/.venv/lib/python3.10/site-packages/transformers/tokenization_utils_base.py", line 3086, in apply_chat_template
    rendered_chat, generation_indices = render_jinja_template(
  File "/home/sumit/phronesis/mvp/.venv/lib/python3.10/site-packages/transformers/utils/chat_template_utils.py", line 514, in render_jinja_template
    compiled_template = _compile_jinja_template(chat_template)
  File "/home/sumit/phronesis/mvp/.venv/lib/python3.10/site-packages/transformers/utils/chat_template_utils.py", line 421, in _compile_jinja_template
    return _cached_compile_jinja_template(chat_template)
  File "/home/sumit/phronesis/mvp/.venv/lib/python3.10/site-packages/transformers/utils/chat_template_utils.py", line 474, in _cached_compile_jinja_template
    raise ImportError(
ImportError: apply_chat_template requires jinja2>=3.1.0 to be installed. Your version is 3.0.3.

[2026-05-01 13:09:26]     [86/576] N1-simpsons-paradox: generating (cap=4096)...
[2026-05-01 13:09:26]       ERROR: apply_chat_template requires jinja2>=3.1.0 to be installed. Your version is 3.0.3.
Traceback (most recent call last):
  File "/home/sumit/phronesis/mvp/run_openr1_sweep.py", line 403, in main
    r = generate(model, tokenizer, device, p["prompt"], cap)
  File "/home/sumit/phronesis/mvp/run_openr1_sweep.py", line 182, in generate
    text = tokenizer.apply_chat_template(
  File "/home/sumit/phronesis/mvp/.venv/lib/python3.10/site-packages/transformers/tokenization_utils_base.py", line 3086, in apply_chat_template
    rendered_chat, generation_indices = render_jinja_template(
  File "/home/sumit/phronesis/mvp/.venv/lib/python3.10/site-packages/transformers/utils/chat_template_utils.py", line 514, in render_jinja_template
    compiled_template = _compile_jinja_template(chat_template)
  File "/home/sumit/phronesis/mvp/.venv/lib/python3.10/site-packages/transformers/utils/chat_template_utils.py", line 421, in _compile_jinja_template
    return _cached_compile_jinja_template(chat_template)
  File "/home/sumit/phronesis/mvp/.venv/lib/python3.10/site-packages/transformers/utils/chat_template_utils.py", line 474, in _cached_compile_jinja_template
    raise ImportError(
ImportError: apply_chat_template requires jinja2>=3.1.0 to be installed. Your version is 3.0.3.

[2026-05-01 13:09:26]     [87/576] N2-conjunction-fallacy: generating (cap=2048)...
[2026-05-01 13:09:26]       ERROR: apply_chat_template requires jinja2>=3.1.0 to be installed. Your version is 3.0.3.
Traceback (most recent call last):
  File "/home/sumit/phronesis/mvp/run_openr1_sweep.py", line 403, in main
    r = generate(model, tokenizer, device, p["prompt"], cap)
  File "/home/sumit/phronesis/mvp/run_openr1_sweep.py", line 182, in generate
    text = tokenizer.apply_chat_template(
  File "/home/sumit/phronesis/mvp/.venv/lib/python3.10/site-packages/transformers/tokenization_utils_base.py", line 3086, in apply_chat_template
    rendered_chat, generation_indices = render_jinja_template(
  File "/home/sumit/phronesis/mvp/.venv/lib/python3.10/site-packages/transformers/utils/chat_template_utils.py", line 514, in render_jinja_template
    compiled_template = _compile_jinja_template(chat_template)
  File "/home/sumit/phronesis/mvp/.venv/lib/python3.10/site-packages/transformers/utils/chat_template_utils.py", line 421, in _compile_jinja_template
    return _cached_compile_jinja_template(chat_template)
  File "/home/sumit/phronesis/mvp/.venv/lib/python3.10/site-packages/transformers/utils/chat_template_utils.py", line 474, in _cached_compile_jinja_template
    raise ImportError(
ImportError: apply_chat_template requires jinja2>=3.1.0 to be installed. Your version is 3.0.3.

[2026-05-01 13:09:26]     [88/576] N3-survivorship-bias: generating (cap=2048)...
[2026-05-01 13:09:26]       ERROR: apply_chat_template requires jinja2>=3.1.0 to be installed. Your version is 3.0.3.
Traceback (most recent call last):
  File "/home/sumit/phronesis/mvp/run_openr1_sweep.py", line 403, in main
    r = generate(model, tokenizer, device, p["prompt"], cap)
  File "/home/sumit/phronesis/mvp/run_openr1_sweep.py", line 182, in generate
    text = tokenizer.apply_chat_template(
  File "/home/sumit/phronesis/mvp/.venv/lib/python3.10/site-packages/transformers/tokenization_utils_base.py", line 3086, in apply_chat_template
    rendered_chat, generation_indices = render_jinja_template(
  File "/home/sumit/phronesis/mvp/.venv/lib/python3.10/site-packages/transformers/utils/chat_template_utils.py", line 514, in render_jinja_template
    compiled_template = _compile_jinja_template(chat_template)
  File "/home/sumit/phronesis/mvp/.venv/lib/python3.10/site-packages/transformers/utils/chat_template_utils.py", line 421, in _compile_jinja_template
    return _cached_compile_jinja_template(chat_template)
  File "/home/sumit/phronesis/mvp/.venv/lib/python3.10/site-packages/transformers/utils/chat_template_utils.py", line 474, in _cached_compile_jinja_template
    raise ImportError(
ImportError: apply_chat_template requires jinja2>=3.1.0 to be installed. Your version is 3.0.3.

[2026-05-01 13:09:26]   ─ α=+20.00 (a+20.00) ─
[2026-05-01 13:09:26]     [89/576] E1-confabulation: generating (cap=2048)...
[2026-05-01 13:09:26]       ERROR: apply_chat_template requires jinja2>=3.1.0 to be installed. Your version is 3.0.3.
Traceback (most recent call last):
  File "/home/sumit/phronesis/mvp/run_openr1_sweep.py", line 403, in main
    r = generate(model, tokenizer, device, p["prompt"], cap)
  File "/home/sumit/phronesis/mvp/run_openr1_sweep.py", line 182, in generate
    text = tokenizer.apply_chat_template(
  File "/home/sumit/phronesis/mvp/.venv/lib/python3.10/site-packages/transformers/tokenization_utils_base.py", line 3086, in apply_chat_template
    rendered_chat, generation_indices = render_jinja_template(
  File "/home/sumit/phronesis/mvp/.venv/lib/python3.10/site-packages/transformers/utils/chat_template_utils.py", line 514, in render_jinja_template
    compiled_template = _compile_jinja_template(chat_template)
  File "/home/sumit/phronesis/mvp/.venv/lib/python3.10/site-packages/transformers/utils/chat_template_utils.py", line 421, in _compile_jinja_template
    return _cached_compile_jinja_template(chat_template)
  File "/home/sumit/phronesis/mvp/.venv/lib/python3.10/site-packages/transformers/utils/chat_template_utils.py", line 474, in _cached_compile_jinja_template
    raise ImportError(
ImportError: apply_chat_template requires jinja2>=3.1.0 to be installed. Your version is 3.0.3.

[2026-05-01 13:09:26]     [90/576] E2-contested-science: generating (cap=2048)...
[2026-05-01 13:09:26]       ERROR: apply_chat_template requires jinja2>=3.1.0 to be installed. Your version is 3.0.3.
Traceback (most recent call last):
  File "/home/sumit/phronesis/mvp/run_openr1_sweep.py", line 403, in main
    r = generate(model, tokenizer, device, p["prompt"], cap)
  File "/home/sumit/phronesis/mvp/run_openr1_sweep.py", line 182, in generate
    text = tokenizer.apply_chat_template(
  File "/home/sumit/phronesis/mvp/.venv/lib/python3.10/site-packages/transformers/tokenization_utils_base.py", line 3086, in apply_chat_template
    rendered_chat, generation_indices = render_jinja_template(
  File "/home/sumit/phronesis/mvp/.venv/lib/python3.10/site-packages/transformers/utils/chat_template_utils.py", line 514, in render_jinja_template
    compiled_template = _compile_jinja_template(chat_template)
  File "/home/sumit/phronesis/mvp/.venv/lib/python3.10/site-packages/transformers/utils/chat_template_utils.py", line 421, in _compile_jinja_template
    return _cached_compile_jinja_template(chat_template)
  File "/home/sumit/phronesis/mvp/.venv/lib/python3.10/site-packages/transformers/utils/chat_template_utils.py", line 474, in _cached_compile_jinja_template
    raise ImportError(
ImportError: apply_chat_template requires jinja2>=3.1.0 to be installed. Your version is 3.0.3.

[2026-05-01 13:09:26]     [91/576] E3-bayesian-update: generating (cap=8192)...
[2026-05-01 13:09:26]       ERROR: apply_chat_template requires jinja2>=3.1.0 to be installed. Your version is 3.0.3.
Traceback (most recent call last):
  File "/home/sumit/phronesis/mvp/run_openr1_sweep.py", line 403, in main
    r = generate(model, tokenizer, device, p["prompt"], cap)
  File "/home/sumit/phronesis/mvp/run_openr1_sweep.py", line 182, in generate
    text = tokenizer.apply_chat_template(
  File "/home/sumit/phronesis/mvp/.venv/lib/python3.10/site-packages/transformers/tokenization_utils_base.py", line 3086, in apply_chat_template
    rendered_chat, generation_indices = render_jinja_template(
  File "/home/sumit/phronesis/mvp/.venv/lib/python3.10/site-packages/transformers/utils/chat_template_utils.py", line 514, in render_jinja_template
    compiled_template = _compile_jinja_template(chat_template)
  File "/home/sumit/phronesis/mvp/.venv/lib/python3.10/site-packages/transformers/utils/chat_template_utils.py", line 421, in _compile_jinja_template
    return _cached_compile_jinja_template(chat_template)
  File "/home/sumit/phronesis/mvp/.venv/lib/python3.10/site-packages/transformers/utils/chat_template_utils.py", line 474, in _cached_compile_jinja_template
    raise ImportError(
ImportError: apply_chat_template requires jinja2>=3.1.0 to be installed. Your version is 3.0.3.

[2026-05-01 13:09:26]     [92/576] E4-taxi-social: generating (cap=8192)...
[2026-05-01 13:09:26]       ERROR: apply_chat_template requires jinja2>=3.1.0 to be installed. Your version is 3.0.3.
Traceback (most recent call last):
  File "/home/sumit/phronesis/mvp/run_openr1_sweep.py", line 403, in main
    r = generate(model, tokenizer, device, p["prompt"], cap)
  File "/home/sumit/phronesis/mvp/run_openr1_sweep.py", line 182, in generate
    text = tokenizer.apply_chat_template(
  File "/home/sumit/phronesis/mvp/.venv/lib/python3.10/site-packages/transformers/tokenization_utils_base.py", line 3086, in apply_chat_template
    rendered_chat, generation_indices = render_jinja_template(
  File "/home/sumit/phronesis/mvp/.venv/lib/python3.10/site-packages/transformers/utils/chat_template_utils.py", line 514, in render_jinja_template
    compiled_template = _compile_jinja_template(chat_template)
  File "/home/sumit/phronesis/mvp/.venv/lib/python3.10/site-packages/transformers/utils/chat_template_utils.py", line 421, in _compile_jinja_template
    return _cached_compile_jinja_template(chat_template)
  File "/home/sumit/phronesis/mvp/.venv/lib/python3.10/site-packages/transformers/utils/chat_template_utils.py", line 474, in _cached_compile_jinja_template
    raise ImportError(
ImportError: apply_chat_template requires jinja2>=3.1.0 to be installed. Your version is 3.0.3.

[2026-05-01 13:09:26]     [93/576] E5-ecological-fallacy: generating (cap=2048)...
[2026-05-01 13:09:26]       ERROR: apply_chat_template requires jinja2>=3.1.0 to be installed. Your version is 3.0.3.
Traceback (most recent call last):
  File "/home/sumit/phronesis/mvp/run_openr1_sweep.py", line 403, in main
    r = generate(model, tokenizer, device, p["prompt"], cap)
  File "/home/sumit/phronesis/mvp/run_openr1_sweep.py", line 182, in generate
    text = tokenizer.apply_chat_template(
  File "/home/sumit/phronesis/mvp/.venv/lib/python3.10/site-packages/transformers/tokenization_utils_base.py", line 3086, in apply_chat_template
    rendered_chat, generation_indices = render_jinja_template(
  File "/home/sumit/phronesis/mvp/.venv/lib/python3.10/site-packages/transformers/utils/chat_template_utils.py", line 514, in render_jinja_template
    compiled_template = _compile_jinja_template(chat_template)
  File "/home/sumit/phronesis/mvp/.venv/lib/python3.10/site-packages/transformers/utils/chat_template_utils.py", line 421, in _compile_jinja_template
    return _cached_compile_jinja_template(chat_template)
  File "/home/sumit/phronesis/mvp/.venv/lib/python3.10/site-packages/transformers/utils/chat_template_utils.py", line 474, in _cached_compile_jinja_template
    raise ImportError(
ImportError: apply_chat_template requires jinja2>=3.1.0 to be installed. Your version is 3.0.3.

[2026-05-01 13:09:26]     [94/576] N1-simpsons-paradox: generating (cap=4096)...
[2026-05-01 13:09:26]       ERROR: apply_chat_template requires jinja2>=3.1.0 to be installed. Your version is 3.0.3.
Traceback (most recent call last):
  File "/home/sumit/phronesis/mvp/run_openr1_sweep.py", line 403, in main
    r = generate(model, tokenizer, device, p["prompt"], cap)
  File "/home/sumit/phronesis/mvp/run_openr1_sweep.py", line 182, in generate
    text = tokenizer.apply_chat_template(
  File "/home/sumit/phronesis/mvp/.venv/lib/python3.10/site-packages/transformers/tokenization_utils_base.py", line 3086, in apply_chat_template
    rendered_chat, generation_indices = render_jinja_template(
  File "/home/sumit/phronesis/mvp/.venv/lib/python3.10/site-packages/transformers/utils/chat_template_utils.py", line 514, in render_jinja_template
    compiled_template = _compile_jinja_template(chat_template)
  File "/home/sumit/phronesis/mvp/.venv/lib/python3.10/site-packages/transformers/utils/chat_template_utils.py", line 421, in _compile_jinja_template
    return _cached_compile_jinja_template(chat_template)
  File "/home/sumit/phronesis/mvp/.venv/lib/python3.10/site-packages/transformers/utils/chat_template_utils.py", line 474, in _cached_compile_jinja_template
    raise ImportError(
ImportError: apply_chat_template requires jinja2>=3.1.0 to be installed. Your version is 3.0.3.

[2026-05-01 13:09:26]     [95/576] N2-conjunction-fallacy: generating (cap=2048)...
[2026-05-01 13:09:26]       ERROR: apply_chat_template requires jinja2>=3.1.0 to be installed. Your version is 3.0.3.
Traceback (most recent call last):
  File "/home/sumit/phronesis/mvp/run_openr1_sweep.py", line 403, in main
    r = generate(model, tokenizer, device, p["prompt"], cap)
  File "/home/sumit/phronesis/mvp/run_openr1_sweep.py", line 182, in generate
    text = tokenizer.apply_chat_template(
  File "/home/sumit/phronesis/mvp/.venv/lib/python3.10/site-packages/transformers/tokenization_utils_base.py", line 3086, in apply_chat_template
    rendered_chat, generation_indices = render_jinja_template(
  File "/home/sumit/phronesis/mvp/.venv/lib/python3.10/site-packages/transformers/utils/chat_template_utils.py", line 514, in render_jinja_template
    compiled_template = _compile_jinja_template(chat_template)
  File "/home/sumit/phronesis/mvp/.venv/lib/python3.10/site-packages/transformers/utils/chat_template_utils.py", line 421, in _compile_jinja_template
    return _cached_compile_jinja_template(chat_template)
  File "/home/sumit/phronesis/mvp/.venv/lib/python3.10/site-packages/transformers/utils/chat_template_utils.py", line 474, in _cached_compile_jinja_template
    raise ImportError(
ImportError: apply_chat_template requires jinja2>=3.1.0 to be installed. Your version is 3.0.3.

[2026-05-01 13:09:26]     [96/576] N3-survivorship-bias: generating (cap=2048)...
[2026-05-01 13:09:26]       ERROR: apply_chat_template requires jinja2>=3.1.0 to be installed. Your version is 3.0.3.
Traceback (most recent call last):
  File "/home/sumit/phronesis/mvp/run_openr1_sweep.py", line 403, in main
    r = generate(model, tokenizer, device, p["prompt"], cap)
  File "/home/sumit/phronesis/mvp/run_openr1_sweep.py", line 182, in generate
    text = tokenizer.apply_chat_template(
  File "/home/sumit/phronesis/mvp/.venv/lib/python3.10/site-packages/transformers/tokenization_utils_base.py", line 3086, in apply_chat_template
    rendered_chat, generation_indices = render_jinja_template(
  File "/home/sumit/phronesis/mvp/.venv/lib/python3.10/site-packages/transformers/utils/chat_template_utils.py", line 514, in render_jinja_template
    compiled_template = _compile_jinja_template(chat_template)
  File "/home/sumit/phronesis/mvp/.venv/lib/python3.10/site-packages/transformers/utils/chat_template_utils.py", line 421, in _compile_jinja_template
    return _cached_compile_jinja_template(chat_template)
  File "/home/sumit/phronesis/mvp/.venv/lib/python3.10/site-packages/transformers/utils/chat_template_utils.py", line 474, in _cached_compile_jinja_template
    raise ImportError(
ImportError: apply_chat_template requires jinja2>=3.1.0 to be installed. Your version is 3.0.3.

[2026-05-01 13:09:26] ════════════════════════════════════════════════════════════════════════
[2026-05-01 13:09:26] VECTOR EG_L19 — corpus=triplets-evidence-grounding  layer=L19  norm=32.08
[2026-05-01 13:09:26]   ─ α=-8.00 (a-08.00) ─
[2026-05-01 13:09:26]     [97/576] E1-confabulation: generating (cap=2048)...
[2026-05-01 13:09:26]       ERROR: apply_chat_template requires jinja2>=3.1.0 to be installed. Your version is 3.0.3.
Traceback (most recent call last):
  File "/home/sumit/phronesis/mvp/run_openr1_sweep.py", line 403, in main
    r = generate(model, tokenizer, device, p["prompt"], cap)
  File "/home/sumit/phronesis/mvp/run_openr1_sweep.py", line 182, in generate
    text = tokenizer.apply_chat_template(
  File "/home/sumit/phronesis/mvp/.venv/lib/python3.10/site-packages/transformers/tokenization_utils_base.py", line 3086, in apply_chat_template
    rendered_chat, generation_indices = render_jinja_template(
  File "/home/sumit/phronesis/mvp/.venv/lib/python3.10/site-packages/transformers/utils/chat_template_utils.py", line 514, in render_jinja_template
    compiled_template = _compile_jinja_template(chat_template)
  File "/home/sumit/phronesis/mvp/.venv/lib/python3.10/site-packages/transformers/utils/chat_template_utils.py", line 421, in _compile_jinja_template
    return _cached_compile_jinja_template(chat_template)
  File "/home/sumit/phronesis/mvp/.venv/lib/python3.10/site-packages/transformers/utils/chat_template_utils.py", line 474, in _cached_compile_jinja_template
    raise ImportError(
ImportError: apply_chat_template requires jinja2>=3.1.0 to be installed. Your version is 3.0.3.

[2026-05-01 13:09:26]     [98/576] E2-contested-science: generating (cap=2048)...
[2026-05-01 13:09:26]       ERROR: apply_chat_template requires jinja2>=3.1.0 to be installed. Your version is 3.0.3.
Traceback (most recent call last):
  File "/home/sumit/phronesis/mvp/run_openr1_sweep.py", line 403, in main
    r = generate(model, tokenizer, device, p["prompt"], cap)
  File "/home/sumit/phronesis/mvp/run_openr1_sweep.py", line 182, in generate
    text = tokenizer.apply_chat_template(
  File "/home/sumit/phronesis/mvp/.venv/lib/python3.10/site-packages/transformers/tokenization_utils_base.py", line 3086, in apply_chat_template
    rendered_chat, generation_indices = render_jinja_template(
  File "/home/sumit/phronesis/mvp/.venv/lib/python3.10/site-packages/transformers/utils/chat_template_utils.py", line 514, in render_jinja_template
    compiled_template = _compile_jinja_template(chat_template)
  File "/home/sumit/phronesis/mvp/.venv/lib/python3.10/site-packages/transformers/utils/chat_template_utils.py", line 421, in _compile_jinja_template
    return _cached_compile_jinja_template(chat_template)
  File "/home/sumit/phronesis/mvp/.venv/lib/python3.10/site-packages/transformers/utils/chat_template_utils.py", line 474, in _cached_compile_jinja_template
    raise ImportError(
ImportError: apply_chat_template requires jinja2>=3.1.0 to be installed. Your version is 3.0.3.

[2026-05-01 13:09:26]     [99/576] E3-bayesian-update: generating (cap=8192)...
[2026-05-01 13:09:26]       ERROR: apply_chat_template requires jinja2>=3.1.0 to be installed. Your version is 3.0.3.
Traceback (most recent call last):
  File "/home/sumit/phronesis/mvp/run_openr1_sweep.py", line 403, in main
    r = generate(model, tokenizer, device, p["prompt"], cap)
  File "/home/sumit/phronesis/mvp/run_openr1_sweep.py", line 182, in generate
    text = tokenizer.apply_chat_template(
  File "/home/sumit/phronesis/mvp/.venv/lib/python3.10/site-packages/transformers/tokenization_utils_base.py", line 3086, in apply_chat_template
    rendered_chat, generation_indices = render_jinja_template(
  File "/home/sumit/phronesis/mvp/.venv/lib/python3.10/site-packages/transformers/utils/chat_template_utils.py", line 514, in render_jinja_template
    compiled_template = _compile_jinja_template(chat_template)
  File "/home/sumit/phronesis/mvp/.venv/lib/python3.10/site-packages/transformers/utils/chat_template_utils.py", line 421, in _compile_jinja_template
    return _cached_compile_jinja_template(chat_template)
  File "/home/sumit/phronesis/mvp/.venv/lib/python3.10/site-packages/transformers/utils/chat_template_utils.py", line 474, in _cached_compile_jinja_template
    raise ImportError(
ImportError: apply_chat_template requires jinja2>=3.1.0 to be installed. Your version is 3.0.3.

[2026-05-01 13:09:26]     [100/576] E4-taxi-social: generating (cap=8192)...
[2026-05-01 13:09:26]       ERROR: apply_chat_template requires jinja2>=3.1.0 to be installed. Your version is 3.0.3.
Traceback (most recent call last):
  File "/home/sumit/phronesis/mvp/run_openr1_sweep.py", line 403, in main
    r = generate(model, tokenizer, device, p["prompt"], cap)
  File "/home/sumit/phronesis/mvp/run_openr1_sweep.py", line 182, in generate
    text = tokenizer.apply_chat_template(
  File "/home/sumit/phronesis/mvp/.venv/lib/python3.10/site-packages/transformers/tokenization_utils_base.py", line 3086, in apply_chat_template
    rendered_chat, generation_indices = render_jinja_template(
  File "/home/sumit/phronesis/mvp/.venv/lib/python3.10/site-packages/transformers/utils/chat_template_utils.py", line 514, in render_jinja_template
    compiled_template = _compile_jinja_template(chat_template)
  File "/home/sumit/phronesis/mvp/.venv/lib/python3.10/site-packages/transformers/utils/chat_template_utils.py", line 421, in _compile_jinja_template
    return _cached_compile_jinja_template(chat_template)
  File "/home/sumit/phronesis/mvp/.venv/lib/python3.10/site-packages/transformers/utils/chat_template_utils.py", line 474, in _cached_compile_jinja_template
    raise ImportError(
ImportError: apply_chat_template requires jinja2>=3.1.0 to be installed. Your version is 3.0.3.

[2026-05-01 13:09:26]     [101/576] E5-ecological-fallacy: generating (cap=2048)...
[2026-05-01 13:09:26]       ERROR: apply_chat_template requires jinja2>=3.1.0 to be installed. Your version is 3.0.3.
Traceback (most recent call last):
  File "/home/sumit/phronesis/mvp/run_openr1_sweep.py", line 403, in main
    r = generate(model, tokenizer, device, p["prompt"], cap)
  File "/home/sumit/phronesis/mvp/run_openr1_sweep.py", line 182, in generate
    text = tokenizer.apply_chat_template(
  File "/home/sumit/phronesis/mvp/.venv/lib/python3.10/site-packages/transformers/tokenization_utils_base.py", line 3086, in apply_chat_template
    rendered_chat, generation_indices = render_jinja_template(
  File "/home/sumit/phronesis/mvp/.venv/lib/python3.10/site-packages/transformers/utils/chat_template_utils.py", line 514, in render_jinja_template
    compiled_template = _compile_jinja_template(chat_template)
  File "/home/sumit/phronesis/mvp/.venv/lib/python3.10/site-packages/transformers/utils/chat_template_utils.py", line 421, in _compile_jinja_template
    return _cached_compile_jinja_template(chat_template)
  File "/home/sumit/phronesis/mvp/.venv/lib/python3.10/site-packages/transformers/utils/chat_template_utils.py", line 474, in _cached_compile_jinja_template
    raise ImportError(
ImportError: apply_chat_template requires jinja2>=3.1.0 to be installed. Your version is 3.0.3.

[2026-05-01 13:09:26]     [102/576] N1-simpsons-paradox: generating (cap=4096)...
[2026-05-01 13:09:26]       ERROR: apply_chat_template requires jinja2>=3.1.0 to be installed. Your version is 3.0.3.
Traceback (most recent call last):
  File "/home/sumit/phronesis/mvp/run_openr1_sweep.py", line 403, in main
    r = generate(model, tokenizer, device, p["prompt"], cap)
  File "/home/sumit/phronesis/mvp/run_openr1_sweep.py", line 182, in generate
    text = tokenizer.apply_chat_template(
  File "/home/sumit/phronesis/mvp/.venv/lib/python3.10/site-packages/transformers/tokenization_utils_base.py", line 3086, in apply_chat_template
    rendered_chat, generation_indices = render_jinja_template(
  File "/home/sumit/phronesis/mvp/.venv/lib/python3.10/site-packages/transformers/utils/chat_template_utils.py", line 514, in render_jinja_template
    compiled_template = _compile_jinja_template(chat_template)
  File "/home/sumit/phronesis/mvp/.venv/lib/python3.10/site-packages/transformers/utils/chat_template_utils.py", line 421, in _compile_jinja_template
    return _cached_compile_jinja_template(chat_template)
  File "/home/sumit/phronesis/mvp/.venv/lib/python3.10/site-packages/transformers/utils/chat_template_utils.py", line 474, in _cached_compile_jinja_template
    raise ImportError(
ImportError: apply_chat_template requires jinja2>=3.1.0 to be installed. Your version is 3.0.3.

[2026-05-01 13:09:26]     [103/576] N2-conjunction-fallacy: generating (cap=2048)...
[2026-05-01 13:09:26]       ERROR: apply_chat_template requires jinja2>=3.1.0 to be installed. Your version is 3.0.3.
Traceback (most recent call last):
  File "/home/sumit/phronesis/mvp/run_openr1_sweep.py", line 403, in main
    r = generate(model, tokenizer, device, p["prompt"], cap)
  File "/home/sumit/phronesis/mvp/run_openr1_sweep.py", line 182, in generate
    text = tokenizer.apply_chat_template(
  File "/home/sumit/phronesis/mvp/.venv/lib/python3.10/site-packages/transformers/tokenization_utils_base.py", line 3086, in apply_chat_template
    rendered_chat, generation_indices = render_jinja_template(
  File "/home/sumit/phronesis/mvp/.venv/lib/python3.10/site-packages/transformers/utils/chat_template_utils.py", line 514, in render_jinja_template
    compiled_template = _compile_jinja_template(chat_template)
  File "/home/sumit/phronesis/mvp/.venv/lib/python3.10/site-packages/transformers/utils/chat_template_utils.py", line 421, in _compile_jinja_template
    return _cached_compile_jinja_template(chat_template)
  File "/home/sumit/phronesis/mvp/.venv/lib/python3.10/site-packages/transformers/utils/chat_template_utils.py", line 474, in _cached_compile_jinja_template
    raise ImportError(
ImportError: apply_chat_template requires jinja2>=3.1.0 to be installed. Your version is 3.0.3.

[2026-05-01 13:09:26]     [104/576] N3-survivorship-bias: generating (cap=2048)...
[2026-05-01 13:09:26]       ERROR: apply_chat_template requires jinja2>=3.1.0 to be installed. Your version is 3.0.3.
Traceback (most recent call last):
  File "/home/sumit/phronesis/mvp/run_openr1_sweep.py", line 403, in main
    r = generate(model, tokenizer, device, p["prompt"], cap)
  File "/home/sumit/phronesis/mvp/run_openr1_sweep.py", line 182, in generate
    text = tokenizer.apply_chat_template(
  File "/home/sumit/phronesis/mvp/.venv/lib/python3.10/site-packages/transformers/tokenization_utils_base.py", line 3086, in apply_chat_template
    rendered_chat, generation_indices = render_jinja_template(
  File "/home/sumit/phronesis/mvp/.venv/lib/python3.10/site-packages/transformers/utils/chat_template_utils.py", line 514, in render_jinja_template
    compiled_template = _compile_jinja_template(chat_template)
  File "/home/sumit/phronesis/mvp/.venv/lib/python3.10/site-packages/transformers/utils/chat_template_utils.py", line 421, in _compile_jinja_template
    return _cached_compile_jinja_template(chat_template)
  File "/home/sumit/phronesis/mvp/.venv/lib/python3.10/site-packages/transformers/utils/chat_template_utils.py", line 474, in _cached_compile_jinja_template
    raise ImportError(
ImportError: apply_chat_template requires jinja2>=3.1.0 to be installed. Your version is 3.0.3.

[2026-05-01 13:09:26]   ─ α=-4.00 (a-04.00) ─
[2026-05-01 13:09:26]     [105/576] E1-confabulation: generating (cap=2048)...
[2026-05-01 13:09:26]       ERROR: apply_chat_template requires jinja2>=3.1.0 to be installed. Your version is 3.0.3.
Traceback (most recent call last):
  File "/home/sumit/phronesis/mvp/run_openr1_sweep.py", line 403, in main
    r = generate(model, tokenizer, device, p["prompt"], cap)
  File "/home/sumit/phronesis/mvp/run_openr1_sweep.py", line 182, in generate
    text = tokenizer.apply_chat_template(
  File "/home/sumit/phronesis/mvp/.venv/lib/python3.10/site-packages/transformers/tokenization_utils_base.py", line 3086, in apply_chat_template
    rendered_chat, generation_indices = render_jinja_template(
  File "/home/sumit/phronesis/mvp/.venv/lib/python3.10/site-packages/transformers/utils/chat_template_utils.py", line 514, in render_jinja_template
    compiled_template = _compile_jinja_template(chat_template)
  File "/home/sumit/phronesis/mvp/.venv/lib/python3.10/site-packages/transformers/utils/chat_template_utils.py", line 421, in _compile_jinja_template
    return _cached_compile_jinja_template(chat_template)
  File "/home/sumit/phronesis/mvp/.venv/lib/python3.10/site-packages/transformers/utils/chat_template_utils.py", line 474, in _cached_compile_jinja_template
    raise ImportError(
ImportError: apply_chat_template requires jinja2>=3.1.0 to be installed. Your version is 3.0.3.

[2026-05-01 13:09:26]     [106/576] E2-contested-science: generating (cap=2048)...
[2026-05-01 13:09:26]       ERROR: apply_chat_template requires jinja2>=3.1.0 to be installed. Your version is 3.0.3.
Traceback (most recent call last):
  File "/home/sumit/phronesis/mvp/run_openr1_sweep.py", line 403, in main
    r = generate(model, tokenizer, device, p["prompt"], cap)
  File "/home/sumit/phronesis/mvp/run_openr1_sweep.py", line 182, in generate
    text = tokenizer.apply_chat_template(
  File "/home/sumit/phronesis/mvp/.venv/lib/python3.10/site-packages/transformers/tokenization_utils_base.py", line 3086, in apply_chat_template
    rendered_chat, generation_indices = render_jinja_template(
  File "/home/sumit/phronesis/mvp/.venv/lib/python3.10/site-packages/transformers/utils/chat_template_utils.py", line 514, in render_jinja_template
    compiled_template = _compile_jinja_template(chat_template)
  File "/home/sumit/phronesis/mvp/.venv/lib/python3.10/site-packages/transformers/utils/chat_template_utils.py", line 421, in _compile_jinja_template
    return _cached_compile_jinja_template(chat_template)
  File "/home/sumit/phronesis/mvp/.venv/lib/python3.10/site-packages/transformers/utils/chat_template_utils.py", line 474, in _cached_compile_jinja_template
    raise ImportError(
ImportError: apply_chat_template requires jinja2>=3.1.0 to be installed. Your version is 3.0.3.

[2026-05-01 13:09:26]     [107/576] E3-bayesian-update: generating (cap=8192)...
[2026-05-01 13:09:26]       ERROR: apply_chat_template requires jinja2>=3.1.0 to be installed. Your version is 3.0.3.
Traceback (most recent call last):
  File "/home/sumit/phronesis/mvp/run_openr1_sweep.py", line 403, in main
    r = generate(model, tokenizer, device, p["prompt"], cap)
  File "/home/sumit/phronesis/mvp/run_openr1_sweep.py", line 182, in generate
    text = tokenizer.apply_chat_template(
  File "/home/sumit/phronesis/mvp/.venv/lib/python3.10/site-packages/transformers/tokenization_utils_base.py", line 3086, in apply_chat_template
    rendered_chat, generation_indices = render_jinja_template(
  File "/home/sumit/phronesis/mvp/.venv/lib/python3.10/site-packages/transformers/utils/chat_template_utils.py", line 514, in render_jinja_template
    compiled_template = _compile_jinja_template(chat_template)
  File "/home/sumit/phronesis/mvp/.venv/lib/python3.10/site-packages/transformers/utils/chat_template_utils.py", line 421, in _compile_jinja_template
    return _cached_compile_jinja_template(chat_template)
  File "/home/sumit/phronesis/mvp/.venv/lib/python3.10/site-packages/transformers/utils/chat_template_utils.py", line 474, in _cached_compile_jinja_template
    raise ImportError(
ImportError: apply_chat_template requires jinja2>=3.1.0 to be installed. Your version is 3.0.3.

[2026-05-01 13:09:26]     [108/576] E4-taxi-social: generating (cap=8192)...
[2026-05-01 13:09:26]       ERROR: apply_chat_template requires jinja2>=3.1.0 to be installed. Your version is 3.0.3.
Traceback (most recent call last):
  File "/home/sumit/phronesis/mvp/run_openr1_sweep.py", line 403, in main
    r = generate(model, tokenizer, device, p["prompt"], cap)
  File "/home/sumit/phronesis/mvp/run_openr1_sweep.py", line 182, in generate
    text = tokenizer.apply_chat_template(
  File "/home/sumit/phronesis/mvp/.venv/lib/python3.10/site-packages/transformers/tokenization_utils_base.py", line 3086, in apply_chat_template
    rendered_chat, generation_indices = render_jinja_template(
  File "/home/sumit/phronesis/mvp/.venv/lib/python3.10/site-packages/transformers/utils/chat_template_utils.py", line 514, in render_jinja_template
    compiled_template = _compile_jinja_template(chat_template)
  File "/home/sumit/phronesis/mvp/.venv/lib/python3.10/site-packages/transformers/utils/chat_template_utils.py", line 421, in _compile_jinja_template
    return _cached_compile_jinja_template(chat_template)
  File "/home/sumit/phronesis/mvp/.venv/lib/python3.10/site-packages/transformers/utils/chat_template_utils.py", line 474, in _cached_compile_jinja_template
    raise ImportError(
ImportError: apply_chat_template requires jinja2>=3.1.0 to be installed. Your version is 3.0.3.

[2026-05-01 13:09:26]     [109/576] E5-ecological-fallacy: generating (cap=2048)...
[2026-05-01 13:09:26]       ERROR: apply_chat_template requires jinja2>=3.1.0 to be installed. Your version is 3.0.3.
Traceback (most recent call last):
  File "/home/sumit/phronesis/mvp/run_openr1_sweep.py", line 403, in main
    r = generate(model, tokenizer, device, p["prompt"], cap)
  File "/home/sumit/phronesis/mvp/run_openr1_sweep.py", line 182, in generate
    text = tokenizer.apply_chat_template(
  File "/home/sumit/phronesis/mvp/.venv/lib/python3.10/site-packages/transformers/tokenization_utils_base.py", line 3086, in apply_chat_template
    rendered_chat, generation_indices = render_jinja_template(
  File "/home/sumit/phronesis/mvp/.venv/lib/python3.10/site-packages/transformers/utils/chat_template_utils.py", line 514, in render_jinja_template
    compiled_template = _compile_jinja_template(chat_template)
  File "/home/sumit/phronesis/mvp/.venv/lib/python3.10/site-packages/transformers/utils/chat_template_utils.py", line 421, in _compile_jinja_template
    return _cached_compile_jinja_template(chat_template)
  File "/home/sumit/phronesis/mvp/.venv/lib/python3.10/site-packages/transformers/utils/chat_template_utils.py", line 474, in _cached_compile_jinja_template
    raise ImportError(
ImportError: apply_chat_template requires jinja2>=3.1.0 to be installed. Your version is 3.0.3.

[2026-05-01 13:09:26]     [110/576] N1-simpsons-paradox: generating (cap=4096)...
[2026-05-01 13:09:26]       ERROR: apply_chat_template requires jinja2>=3.1.0 to be installed. Your version is 3.0.3.
Traceback (most recent call last):
  File "/home/sumit/phronesis/mvp/run_openr1_sweep.py", line 403, in main
    r = generate(model, tokenizer, device, p["prompt"], cap)
  File "/home/sumit/phronesis/mvp/run_openr1_sweep.py", line 182, in generate
    text = tokenizer.apply_chat_template(
  File "/home/sumit/phronesis/mvp/.venv/lib/python3.10/site-packages/transformers/tokenization_utils_base.py", line 3086, in apply_chat_template
    rendered_chat, generation_indices = render_jinja_template(
  File "/home/sumit/phronesis/mvp/.venv/lib/python3.10/site-packages/transformers/utils/chat_template_utils.py", line 514, in render_jinja_template
    compiled_template = _compile_jinja_template(chat_template)
  File "/home/sumit/phronesis/mvp/.venv/lib/python3.10/site-packages/transformers/utils/chat_template_utils.py", line 421, in _compile_jinja_template
    return _cached_compile_jinja_template(chat_template)
  File "/home/sumit/phronesis/mvp/.venv/lib/python3.10/site-packages/transformers/utils/chat_template_utils.py", line 474, in _cached_compile_jinja_template
    raise ImportError(
ImportError: apply_chat_template requires jinja2>=3.1.0 to be installed. Your version is 3.0.3.

[2026-05-01 13:09:26]     [111/576] N2-conjunction-fallacy: generating (cap=2048)...
[2026-05-01 13:09:26]       ERROR: apply_chat_template requires jinja2>=3.1.0 to be installed. Your version is 3.0.3.
Traceback (most recent call last):
  File "/home/sumit/phronesis/mvp/run_openr1_sweep.py", line 403, in main
    r = generate(model, tokenizer, device, p["prompt"], cap)
  File "/home/sumit/phronesis/mvp/run_openr1_sweep.py", line 182, in generate
    text = tokenizer.apply_chat_template(
  File "/home/sumit/phronesis/mvp/.venv/lib/python3.10/site-packages/transformers/tokenization_utils_base.py", line 3086, in apply_chat_template
    rendered_chat, generation_indices = render_jinja_template(
  File "/home/sumit/phronesis/mvp/.venv/lib/python3.10/site-packages/transformers/utils/chat_template_utils.py", line 514, in render_jinja_template
    compiled_template = _compile_jinja_template(chat_template)
  File "/home/sumit/phronesis/mvp/.venv/lib/python3.10/site-packages/transformers/utils/chat_template_utils.py", line 421, in _compile_jinja_template
    return _cached_compile_jinja_template(chat_template)
  File "/home/sumit/phronesis/mvp/.venv/lib/python3.10/site-packages/transformers/utils/chat_template_utils.py", line 474, in _cached_compile_jinja_template
    raise ImportError(
ImportError: apply_chat_template requires jinja2>=3.1.0 to be installed. Your version is 3.0.3.

[2026-05-01 13:09:26]     [112/576] N3-survivorship-bias: generating (cap=2048)...
[2026-05-01 13:09:26]       ERROR: apply_chat_template requires jinja2>=3.1.0 to be installed. Your version is 3.0.3.
Traceback (most recent call last):
  File "/home/sumit/phronesis/mvp/run_openr1_sweep.py", line 403, in main
    r = generate(model, tokenizer, device, p["prompt"], cap)
  File "/home/sumit/phronesis/mvp/run_openr1_sweep.py", line 182, in generate
    text = tokenizer.apply_chat_template(
  File "/home/sumit/phronesis/mvp/.venv/lib/python3.10/site-packages/transformers/tokenization_utils_base.py", line 3086, in apply_chat_template
    rendered_chat, generation_indices = render_jinja_template(
  File "/home/sumit/phronesis/mvp/.venv/lib/python3.10/site-packages/transformers/utils/chat_template_utils.py", line 514, in render_jinja_template
    compiled_template = _compile_jinja_template(chat_template)
  File "/home/sumit/phronesis/mvp/.venv/lib/python3.10/site-packages/transformers/utils/chat_template_utils.py", line 421, in _compile_jinja_template
    return _cached_compile_jinja_template(chat_template)
  File "/home/sumit/phronesis/mvp/.venv/lib/python3.10/site-packages/transformers/utils/chat_template_utils.py", line 474, in _cached_compile_jinja_template
    raise ImportError(
ImportError: apply_chat_template requires jinja2>=3.1.0 to be installed. Your version is 3.0.3.

[2026-05-01 13:09:26]   ─ α=-2.00 (a-02.00) ─
[2026-05-01 13:09:26]     [113/576] E1-confabulation: generating (cap=2048)...
[2026-05-01 13:09:26]       ERROR: apply_chat_template requires jinja2>=3.1.0 to be installed. Your version is 3.0.3.
Traceback (most recent call last):
  File "/home/sumit/phronesis/mvp/run_openr1_sweep.py", line 403, in main
    r = generate(model, tokenizer, device, p["prompt"], cap)
  File "/home/sumit/phronesis/mvp/run_openr1_sweep.py", line 182, in generate
    text = tokenizer.apply_chat_template(
  File "/home/sumit/phronesis/mvp/.venv/lib/python3.10/site-packages/transformers/tokenization_utils_base.py", line 3086, in apply_chat_template
    rendered_chat, generation_indices = render_jinja_template(
  File "/home/sumit/phronesis/mvp/.venv/lib/python3.10/site-packages/transformers/utils/chat_template_utils.py", line 514, in render_jinja_template
    compiled_template = _compile_jinja_template(chat_template)
  File "/home/sumit/phronesis/mvp/.venv/lib/python3.10/site-packages/transformers/utils/chat_template_utils.py", line 421, in _compile_jinja_template
    return _cached_compile_jinja_template(chat_template)
  File "/home/sumit/phronesis/mvp/.venv/lib/python3.10/site-packages/transformers/utils/chat_template_utils.py", line 474, in _cached_compile_jinja_template
    raise ImportError(
ImportError: apply_chat_template requires jinja2>=3.1.0 to be installed. Your version is 3.0.3.

[2026-05-01 13:09:26]     [114/576] E2-contested-science: generating (cap=2048)...
[2026-05-01 13:09:26]       ERROR: apply_chat_template requires jinja2>=3.1.0 to be installed. Your version is 3.0.3.
Traceback (most recent call last):
  File "/home/sumit/phronesis/mvp/run_openr1_sweep.py", line 403, in main
    r = generate(model, tokenizer, device, p["prompt"], cap)
  File "/home/sumit/phronesis/mvp/run_openr1_sweep.py", line 182, in generate
    text = tokenizer.apply_chat_template(
  File "/home/sumit/phronesis/mvp/.venv/lib/python3.10/site-packages/transformers/tokenization_utils_base.py", line 3086, in apply_chat_template
    rendered_chat, generation_indices = render_jinja_template(
  File "/home/sumit/phronesis/mvp/.venv/lib/python3.10/site-packages/transformers/utils/chat_template_utils.py", line 514, in render_jinja_template
    compiled_template = _compile_jinja_template(chat_template)
  File "/home/sumit/phronesis/mvp/.venv/lib/python3.10/site-packages/transformers/utils/chat_template_utils.py", line 421, in _compile_jinja_template
    return _cached_compile_jinja_template(chat_template)
  File "/home/sumit/phronesis/mvp/.venv/lib/python3.10/site-packages/transformers/utils/chat_template_utils.py", line 474, in _cached_compile_jinja_template
    raise ImportError(
ImportError: apply_chat_template requires jinja2>=3.1.0 to be installed. Your version is 3.0.3.

[2026-05-01 13:09:26]     [115/576] E3-bayesian-update: generating (cap=8192)...
[2026-05-01 13:09:26]       ERROR: apply_chat_template requires jinja2>=3.1.0 to be installed. Your version is 3.0.3.
Traceback (most recent call last):
  File "/home/sumit/phronesis/mvp/run_openr1_sweep.py", line 403, in main
    r = generate(model, tokenizer, device, p["prompt"], cap)
  File "/home/sumit/phronesis/mvp/run_openr1_sweep.py", line 182, in generate
    text = tokenizer.apply_chat_template(
  File "/home/sumit/phronesis/mvp/.venv/lib/python3.10/site-packages/transformers/tokenization_utils_base.py", line 3086, in apply_chat_template
    rendered_chat, generation_indices = render_jinja_template(
  File "/home/sumit/phronesis/mvp/.venv/lib/python3.10/site-packages/transformers/utils/chat_template_utils.py", line 514, in render_jinja_template
    compiled_template = _compile_jinja_template(chat_template)
  File "/home/sumit/phronesis/mvp/.venv/lib/python3.10/site-packages/transformers/utils/chat_template_utils.py", line 421, in _compile_jinja_template
    return _cached_compile_jinja_template(chat_template)
  File "/home/sumit/phronesis/mvp/.venv/lib/python3.10/site-packages/transformers/utils/chat_template_utils.py", line 474, in _cached_compile_jinja_template
    raise ImportError(
ImportError: apply_chat_template requires jinja2>=3.1.0 to be installed. Your version is 3.0.3.

[2026-05-01 13:09:26]     [116/576] E4-taxi-social: generating (cap=8192)...
[2026-05-01 13:09:26]       ERROR: apply_chat_template requires jinja2>=3.1.0 to be installed. Your version is 3.0.3.
Traceback (most recent call last):
  File "/home/sumit/phronesis/mvp/run_openr1_sweep.py", line 403, in main
    r = generate(model, tokenizer, device, p["prompt"], cap)
  File "/home/sumit/phronesis/mvp/run_openr1_sweep.py", line 182, in generate
    text = tokenizer.apply_chat_template(
  File "/home/sumit/phronesis/mvp/.venv/lib/python3.10/site-packages/transformers/tokenization_utils_base.py", line 3086, in apply_chat_template
    rendered_chat, generation_indices = render_jinja_template(
  File "/home/sumit/phronesis/mvp/.venv/lib/python3.10/site-packages/transformers/utils/chat_template_utils.py", line 514, in render_jinja_template
    compiled_template = _compile_jinja_template(chat_template)
  File "/home/sumit/phronesis/mvp/.venv/lib/python3.10/site-packages/transformers/utils/chat_template_utils.py", line 421, in _compile_jinja_template
    return _cached_compile_jinja_template(chat_template)
  File "/home/sumit/phronesis/mvp/.venv/lib/python3.10/site-packages/transformers/utils/chat_template_utils.py", line 474, in _cached_compile_jinja_template
    raise ImportError(
ImportError: apply_chat_template requires jinja2>=3.1.0 to be installed. Your version is 3.0.3.

[2026-05-01 13:09:26]     [117/576] E5-ecological-fallacy: generating (cap=2048)...
[2026-05-01 13:09:26]       ERROR: apply_chat_template requires jinja2>=3.1.0 to be installed. Your version is 3.0.3.
Traceback (most recent call last):
  File "/home/sumit/phronesis/mvp/run_openr1_sweep.py", line 403, in main
    r = generate(model, tokenizer, device, p["prompt"], cap)
  File "/home/sumit/phronesis/mvp/run_openr1_sweep.py", line 182, in generate
    text = tokenizer.apply_chat_template(
  File "/home/sumit/phronesis/mvp/.venv/lib/python3.10/site-packages/transformers/tokenization_utils_base.py", line 3086, in apply_chat_template
    rendered_chat, generation_indices = render_jinja_template(
  File "/home/sumit/phronesis/mvp/.venv/lib/python3.10/site-packages/transformers/utils/chat_template_utils.py", line 514, in render_jinja_template
    compiled_template = _compile_jinja_template(chat_template)
  File "/home/sumit/phronesis/mvp/.venv/lib/python3.10/site-packages/transformers/utils/chat_template_utils.py", line 421, in _compile_jinja_template
    return _cached_compile_jinja_template(chat_template)
  File "/home/sumit/phronesis/mvp/.venv/lib/python3.10/site-packages/transformers/utils/chat_template_utils.py", line 474, in _cached_compile_jinja_template
    raise ImportError(
ImportError: apply_chat_template requires jinja2>=3.1.0 to be installed. Your version is 3.0.3.

[2026-05-01 13:09:26]     [118/576] N1-simpsons-paradox: generating (cap=4096)...
[2026-05-01 13:09:26]       ERROR: apply_chat_template requires jinja2>=3.1.0 to be installed. Your version is 3.0.3.
Traceback (most recent call last):
  File "/home/sumit/phronesis/mvp/run_openr1_sweep.py", line 403, in main
    r = generate(model, tokenizer, device, p["prompt"], cap)
  File "/home/sumit/phronesis/mvp/run_openr1_sweep.py", line 182, in generate
    text = tokenizer.apply_chat_template(
  File "/home/sumit/phronesis/mvp/.venv/lib/python3.10/site-packages/transformers/tokenization_utils_base.py", line 3086, in apply_chat_template
    rendered_chat, generation_indices = render_jinja_template(
  File "/home/sumit/phronesis/mvp/.venv/lib/python3.10/site-packages/transformers/utils/chat_template_utils.py", line 514, in render_jinja_template
    compiled_template = _compile_jinja_template(chat_template)
  File "/home/sumit/phronesis/mvp/.venv/lib/python3.10/site-packages/transformers/utils/chat_template_utils.py", line 421, in _compile_jinja_template
    return _cached_compile_jinja_template(chat_template)
  File "/home/sumit/phronesis/mvp/.venv/lib/python3.10/site-packages/transformers/utils/chat_template_utils.py", line 474, in _cached_compile_jinja_template
    raise ImportError(
ImportError: apply_chat_template requires jinja2>=3.1.0 to be installed. Your version is 3.0.3.

[2026-05-01 13:09:26]     [119/576] N2-conjunction-fallacy: generating (cap=2048)...
[2026-05-01 13:09:26]       ERROR: apply_chat_template requires jinja2>=3.1.0 to be installed. Your version is 3.0.3.
Traceback (most recent call last):
  File "/home/sumit/phronesis/mvp/run_openr1_sweep.py", line 403, in main
    r = generate(model, tokenizer, device, p["prompt"], cap)
  File "/home/sumit/phronesis/mvp/run_openr1_sweep.py", line 182, in generate
    text = tokenizer.apply_chat_template(
  File "/home/sumit/phronesis/mvp/.venv/lib/python3.10/site-packages/transformers/tokenization_utils_base.py", line 3086, in apply_chat_template
    rendered_chat, generation_indices = render_jinja_template(
  File "/home/sumit/phronesis/mvp/.venv/lib/python3.10/site-packages/transformers/utils/chat_template_utils.py", line 514, in render_jinja_template
    compiled_template = _compile_jinja_template(chat_template)
  File "/home/sumit/phronesis/mvp/.venv/lib/python3.10/site-packages/transformers/utils/chat_template_utils.py", line 421, in _compile_jinja_template
    return _cached_compile_jinja_template(chat_template)
  File "/home/sumit/phronesis/mvp/.venv/lib/python3.10/site-packages/transformers/utils/chat_template_utils.py", line 474, in _cached_compile_jinja_template
    raise ImportError(
ImportError: apply_chat_template requires jinja2>=3.1.0 to be installed. Your version is 3.0.3.

[2026-05-01 13:09:26]     [120/576] N3-survivorship-bias: generating (cap=2048)...
[2026-05-01 13:09:26]       ERROR: apply_chat_template requires jinja2>=3.1.0 to be installed. Your version is 3.0.3.
Traceback (most recent call last):
  File "/home/sumit/phronesis/mvp/run_openr1_sweep.py", line 403, in main
    r = generate(model, tokenizer, device, p["prompt"], cap)
  File "/home/sumit/phronesis/mvp/run_openr1_sweep.py", line 182, in generate
    text = tokenizer.apply_chat_template(
  File "/home/sumit/phronesis/mvp/.venv/lib/python3.10/site-packages/transformers/tokenization_utils_base.py", line 3086, in apply_chat_template
    rendered_chat, generation_indices = render_jinja_template(
  File "/home/sumit/phronesis/mvp/.venv/lib/python3.10/site-packages/transformers/utils/chat_template_utils.py", line 514, in render_jinja_template
    compiled_template = _compile_jinja_template(chat_template)
  File "/home/sumit/phronesis/mvp/.venv/lib/python3.10/site-packages/transformers/utils/chat_template_utils.py", line 421, in _compile_jinja_template
    return _cached_compile_jinja_template(chat_template)
  File "/home/sumit/phronesis/mvp/.venv/lib/python3.10/site-packages/transformers/utils/chat_template_utils.py", line 474, in _cached_compile_jinja_template
    raise ImportError(
ImportError: apply_chat_template requires jinja2>=3.1.0 to be installed. Your version is 3.0.3.

[2026-05-01 13:09:26]   ─ α=+1.00 (a+01.00) ─
[2026-05-01 13:09:26]     [121/576] E1-confabulation: generating (cap=2048)...
[2026-05-01 13:09:26]       ERROR: apply_chat_template requires jinja2>=3.1.0 to be installed. Your version is 3.0.3.
Traceback (most recent call last):
  File "/home/sumit/phronesis/mvp/run_openr1_sweep.py", line 403, in main
    r = generate(model, tokenizer, device, p["prompt"], cap)
  File "/home/sumit/phronesis/mvp/run_openr1_sweep.py", line 182, in generate
    text = tokenizer.apply_chat_template(
  File "/home/sumit/phronesis/mvp/.venv/lib/python3.10/site-packages/transformers/tokenization_utils_base.py", line 3086, in apply_chat_template
    rendered_chat, generation_indices = render_jinja_template(
  File "/home/sumit/phronesis/mvp/.venv/lib/python3.10/site-packages/transformers/utils/chat_template_utils.py", line 514, in render_jinja_template
    compiled_template = _compile_jinja_template(chat_template)
  File "/home/sumit/phronesis/mvp/.venv/lib/python3.10/site-packages/transformers/utils/chat_template_utils.py", line 421, in _compile_jinja_template
    return _cached_compile_jinja_template(chat_template)
  File "/home/sumit/phronesis/mvp/.venv/lib/python3.10/site-packages/transformers/utils/chat_template_utils.py", line 474, in _cached_compile_jinja_template
    raise ImportError(
ImportError: apply_chat_template requires jinja2>=3.1.0 to be installed. Your version is 3.0.3.

[2026-05-01 13:09:26]     [122/576] E2-contested-science: generating (cap=2048)...
[2026-05-01 13:09:26]       ERROR: apply_chat_template requires jinja2>=3.1.0 to be installed. Your version is 3.0.3.
Traceback (most recent call last):
  File "/home/sumit/phronesis/mvp/run_openr1_sweep.py", line 403, in main
    r = generate(model, tokenizer, device, p["prompt"], cap)
  File "/home/sumit/phronesis/mvp/run_openr1_sweep.py", line 182, in generate
    text = tokenizer.apply_chat_template(
  File "/home/sumit/phronesis/mvp/.venv/lib/python3.10/site-packages/transformers/tokenization_utils_base.py", line 3086, in apply_chat_template
    rendered_chat, generation_indices = render_jinja_template(
  File "/home/sumit/phronesis/mvp/.venv/lib/python3.10/site-packages/transformers/utils/chat_template_utils.py", line 514, in render_jinja_template
    compiled_template = _compile_jinja_template(chat_template)
  File "/home/sumit/phronesis/mvp/.venv/lib/python3.10/site-packages/transformers/utils/chat_template_utils.py", line 421, in _compile_jinja_template
    return _cached_compile_jinja_template(chat_template)
  File "/home/sumit/phronesis/mvp/.venv/lib/python3.10/site-packages/transformers/utils/chat_template_utils.py", line 474, in _cached_compile_jinja_template
    raise ImportError(
ImportError: apply_chat_template requires jinja2>=3.1.0 to be installed. Your version is 3.0.3.

[2026-05-01 13:09:26]     [123/576] E3-bayesian-update: generating (cap=8192)...
[2026-05-01 13:09:26]       ERROR: apply_chat_template requires jinja2>=3.1.0 to be installed. Your version is 3.0.3.
Traceback (most recent call last):
  File "/home/sumit/phronesis/mvp/run_openr1_sweep.py", line 403, in main
    r = generate(model, tokenizer, device, p["prompt"], cap)
  File "/home/sumit/phronesis/mvp/run_openr1_sweep.py", line 182, in generate
    text = tokenizer.apply_chat_template(
  File "/home/sumit/phronesis/mvp/.venv/lib/python3.10/site-packages/transformers/tokenization_utils_base.py", line 3086, in apply_chat_template
    rendered_chat, generation_indices = render_jinja_template(
  File "/home/sumit/phronesis/mvp/.venv/lib/python3.10/site-packages/transformers/utils/chat_template_utils.py", line 514, in render_jinja_template
    compiled_template = _compile_jinja_template(chat_template)
  File "/home/sumit/phronesis/mvp/.venv/lib/python3.10/site-packages/transformers/utils/chat_template_utils.py", line 421, in _compile_jinja_template
    return _cached_compile_jinja_template(chat_template)
  File "/home/sumit/phronesis/mvp/.venv/lib/python3.10/site-packages/transformers/utils/chat_template_utils.py", line 474, in _cached_compile_jinja_template
    raise ImportError(
ImportError: apply_chat_template requires jinja2>=3.1.0 to be installed. Your version is 3.0.3.

[2026-05-01 13:09:26]     [124/576] E4-taxi-social: generating (cap=8192)...
[2026-05-01 13:09:26]       ERROR: apply_chat_template requires jinja2>=3.1.0 to be installed. Your version is 3.0.3.
Traceback (most recent call last):
  File "/home/sumit/phronesis/mvp/run_openr1_sweep.py", line 403, in main
    r = generate(model, tokenizer, device, p["prompt"], cap)
  File "/home/sumit/phronesis/mvp/run_openr1_sweep.py", line 182, in generate
    text = tokenizer.apply_chat_template(
  File "/home/sumit/phronesis/mvp/.venv/lib/python3.10/site-packages/transformers/tokenization_utils_base.py", line 3086, in apply_chat_template
    rendered_chat, generation_indices = render_jinja_template(
  File "/home/sumit/phronesis/mvp/.venv/lib/python3.10/site-packages/transformers/utils/chat_template_utils.py", line 514, in render_jinja_template
    compiled_template = _compile_jinja_template(chat_template)
  File "/home/sumit/phronesis/mvp/.venv/lib/python3.10/site-packages/transformers/utils/chat_template_utils.py", line 421, in _compile_jinja_template
    return _cached_compile_jinja_template(chat_template)
  File "/home/sumit/phronesis/mvp/.venv/lib/python3.10/site-packages/transformers/utils/chat_template_utils.py", line 474, in _cached_compile_jinja_template
    raise ImportError(
ImportError: apply_chat_template requires jinja2>=3.1.0 to be installed. Your version is 3.0.3.

[2026-05-01 13:09:26]     [125/576] E5-ecological-fallacy: generating (cap=2048)...
[2026-05-01 13:09:26]       ERROR: apply_chat_template requires jinja2>=3.1.0 to be installed. Your version is 3.0.3.
Traceback (most recent call last):
  File "/home/sumit/phronesis/mvp/run_openr1_sweep.py", line 403, in main
    r = generate(model, tokenizer, device, p["prompt"], cap)
  File "/home/sumit/phronesis/mvp/run_openr1_sweep.py", line 182, in generate
    text = tokenizer.apply_chat_template(
  File "/home/sumit/phronesis/mvp/.venv/lib/python3.10/site-packages/transformers/tokenization_utils_base.py", line 3086, in apply_chat_template
    rendered_chat, generation_indices = render_jinja_template(
  File "/home/sumit/phronesis/mvp/.venv/lib/python3.10/site-packages/transformers/utils/chat_template_utils.py", line 514, in render_jinja_template
    compiled_template = _compile_jinja_template(chat_template)
  File "/home/sumit/phronesis/mvp/.venv/lib/python3.10/site-packages/transformers/utils/chat_template_utils.py", line 421, in _compile_jinja_template
    return _cached_compile_jinja_template(chat_template)
  File "/home/sumit/phronesis/mvp/.venv/lib/python3.10/site-packages/transformers/utils/chat_template_utils.py", line 474, in _cached_compile_jinja_template
    raise ImportError(
ImportError: apply_chat_template requires jinja2>=3.1.0 to be installed. Your version is 3.0.3.

[2026-05-01 13:09:26]     [126/576] N1-simpsons-paradox: generating (cap=4096)...
[2026-05-01 13:09:26]       ERROR: apply_chat_template requires jinja2>=3.1.0 to be installed. Your version is 3.0.3.
Traceback (most recent call last):
  File "/home/sumit/phronesis/mvp/run_openr1_sweep.py", line 403, in main
    r = generate(model, tokenizer, device, p["prompt"], cap)
  File "/home/sumit/phronesis/mvp/run_openr1_sweep.py", line 182, in generate
    text = tokenizer.apply_chat_template(
  File "/home/sumit/phronesis/mvp/.venv/lib/python3.10/site-packages/transformers/tokenization_utils_base.py", line 3086, in apply_chat_template
    rendered_chat, generation_indices = render_jinja_template(
  File "/home/sumit/phronesis/mvp/.venv/lib/python3.10/site-packages/transformers/utils/chat_template_utils.py", line 514, in render_jinja_template
    compiled_template = _compile_jinja_template(chat_template)
  File "/home/sumit/phronesis/mvp/.venv/lib/python3.10/site-packages/transformers/utils/chat_template_utils.py", line 421, in _compile_jinja_template
    return _cached_compile_jinja_template(chat_template)
  File "/home/sumit/phronesis/mvp/.venv/lib/python3.10/site-packages/transformers/utils/chat_template_utils.py", line 474, in _cached_compile_jinja_template
    raise ImportError(
ImportError: apply_chat_template requires jinja2>=3.1.0 to be installed. Your version is 3.0.3.

[2026-05-01 13:09:26]     [127/576] N2-conjunction-fallacy: generating (cap=2048)...
[2026-05-01 13:09:26]       ERROR: apply_chat_template requires jinja2>=3.1.0 to be installed. Your version is 3.0.3.
Traceback (most recent call last):
  File "/home/sumit/phronesis/mvp/run_openr1_sweep.py", line 403, in main
    r = generate(model, tokenizer, device, p["prompt"], cap)
  File "/home/sumit/phronesis/mvp/run_openr1_sweep.py", line 182, in generate
    text = tokenizer.apply_chat_template(
  File "/home/sumit/phronesis/mvp/.venv/lib/python3.10/site-packages/transformers/tokenization_utils_base.py", line 3086, in apply_chat_template
    rendered_chat, generation_indices = render_jinja_template(
  File "/home/sumit/phronesis/mvp/.venv/lib/python3.10/site-packages/transformers/utils/chat_template_utils.py", line 514, in render_jinja_template
    compiled_template = _compile_jinja_template(chat_template)
  File "/home/sumit/phronesis/mvp/.venv/lib/python3.10/site-packages/transformers/utils/chat_template_utils.py", line 421, in _compile_jinja_template
    return _cached_compile_jinja_template(chat_template)
  File "/home/sumit/phronesis/mvp/.venv/lib/python3.10/site-packages/transformers/utils/chat_template_utils.py", line 474, in _cached_compile_jinja_template
    raise ImportError(
ImportError: apply_chat_template requires jinja2>=3.1.0 to be installed. Your version is 3.0.3.

[2026-05-01 13:09:26]     [128/576] N3-survivorship-bias: generating (cap=2048)...
[2026-05-01 13:09:26]       ERROR: apply_chat_template requires jinja2>=3.1.0 to be installed. Your version is 3.0.3.
Traceback (most recent call last):
  File "/home/sumit/phronesis/mvp/run_openr1_sweep.py", line 403, in main
    r = generate(model, tokenizer, device, p["prompt"], cap)
  File "/home/sumit/phronesis/mvp/run_openr1_sweep.py", line 182, in generate
    text = tokenizer.apply_chat_template(
  File "/home/sumit/phronesis/mvp/.venv/lib/python3.10/site-packages/transformers/tokenization_utils_base.py", line 3086, in apply_chat_template
    rendered_chat, generation_indices = render_jinja_template(
  File "/home/sumit/phronesis/mvp/.venv/lib/python3.10/site-packages/transformers/utils/chat_template_utils.py", line 514, in render_jinja_template
    compiled_template = _compile_jinja_template(chat_template)
  File "/home/sumit/phronesis/mvp/.venv/lib/python3.10/site-packages/transformers/utils/chat_template_utils.py", line 421, in _compile_jinja_template
    return _cached_compile_jinja_template(chat_template)
  File "/home/sumit/phronesis/mvp/.venv/lib/python3.10/site-packages/transformers/utils/chat_template_utils.py", line 474, in _cached_compile_jinja_template
    raise ImportError(
ImportError: apply_chat_template requires jinja2>=3.1.0 to be installed. Your version is 3.0.3.

[2026-05-01 13:09:26]   ─ α=+2.00 (a+02.00) ─
[2026-05-01 13:09:26]     [129/576] E1-confabulation: generating (cap=2048)...
[2026-05-01 13:09:26]       ERROR: apply_chat_template requires jinja2>=3.1.0 to be installed. Your version is 3.0.3.
Traceback (most recent call last):
  File "/home/sumit/phronesis/mvp/run_openr1_sweep.py", line 403, in main
    r = generate(model, tokenizer, device, p["prompt"], cap)
  File "/home/sumit/phronesis/mvp/run_openr1_sweep.py", line 182, in generate
    text = tokenizer.apply_chat_template(
  File "/home/sumit/phronesis/mvp/.venv/lib/python3.10/site-packages/transformers/tokenization_utils_base.py", line 3086, in apply_chat_template
    rendered_chat, generation_indices = render_jinja_template(
  File "/home/sumit/phronesis/mvp/.venv/lib/python3.10/site-packages/transformers/utils/chat_template_utils.py", line 514, in render_jinja_template
    compiled_template = _compile_jinja_template(chat_template)
  File "/home/sumit/phronesis/mvp/.venv/lib/python3.10/site-packages/transformers/utils/chat_template_utils.py", line 421, in _compile_jinja_template
    return _cached_compile_jinja_template(chat_template)
  File "/home/sumit/phronesis/mvp/.venv/lib/python3.10/site-packages/transformers/utils/chat_template_utils.py", line 474, in _cached_compile_jinja_template
    raise ImportError(
ImportError: apply_chat_template requires jinja2>=3.1.0 to be installed. Your version is 3.0.3.

[2026-05-01 13:09:26]     [130/576] E2-contested-science: generating (cap=2048)...
[2026-05-01 13:09:26]       ERROR: apply_chat_template requires jinja2>=3.1.0 to be installed. Your version is 3.0.3.
Traceback (most recent call last):
  File "/home/sumit/phronesis/mvp/run_openr1_sweep.py", line 403, in main
    r = generate(model, tokenizer, device, p["prompt"], cap)
  File "/home/sumit/phronesis/mvp/run_openr1_sweep.py", line 182, in generate
    text = tokenizer.apply_chat_template(
  File "/home/sumit/phronesis/mvp/.venv/lib/python3.10/site-packages/transformers/tokenization_utils_base.py", line 3086, in apply_chat_template
    rendered_chat, generation_indices = render_jinja_template(
  File "/home/sumit/phronesis/mvp/.venv/lib/python3.10/site-packages/transformers/utils/chat_template_utils.py", line 514, in render_jinja_template
    compiled_template = _compile_jinja_template(chat_template)
  File "/home/sumit/phronesis/mvp/.venv/lib/python3.10/site-packages/transformers/utils/chat_template_utils.py", line 421, in _compile_jinja_template
    return _cached_compile_jinja_template(chat_template)
  File "/home/sumit/phronesis/mvp/.venv/lib/python3.10/site-packages/transformers/utils/chat_template_utils.py", line 474, in _cached_compile_jinja_template
    raise ImportError(
ImportError: apply_chat_template requires jinja2>=3.1.0 to be installed. Your version is 3.0.3.

[2026-05-01 13:09:26]     [131/576] E3-bayesian-update: generating (cap=8192)...
[2026-05-01 13:09:26]       ERROR: apply_chat_template requires jinja2>=3.1.0 to be installed. Your version is 3.0.3.
Traceback (most recent call last):
  File "/home/sumit/phronesis/mvp/run_openr1_sweep.py", line 403, in main
    r = generate(model, tokenizer, device, p["prompt"], cap)
  File "/home/sumit/phronesis/mvp/run_openr1_sweep.py", line 182, in generate
    text = tokenizer.apply_chat_template(
  File "/home/sumit/phronesis/mvp/.venv/lib/python3.10/site-packages/transformers/tokenization_utils_base.py", line 3086, in apply_chat_template
    rendered_chat, generation_indices = render_jinja_template(
  File "/home/sumit/phronesis/mvp/.venv/lib/python3.10/site-packages/transformers/utils/chat_template_utils.py", line 514, in render_jinja_template
    compiled_template = _compile_jinja_template(chat_template)
  File "/home/sumit/phronesis/mvp/.venv/lib/python3.10/site-packages/transformers/utils/chat_template_utils.py", line 421, in _compile_jinja_template
    return _cached_compile_jinja_template(chat_template)
  File "/home/sumit/phronesis/mvp/.venv/lib/python3.10/site-packages/transformers/utils/chat_template_utils.py", line 474, in _cached_compile_jinja_template
    raise ImportError(
ImportError: apply_chat_template requires jinja2>=3.1.0 to be installed. Your version is 3.0.3.

[2026-05-01 13:09:26]     [132/576] E4-taxi-social: generating (cap=8192)...
[2026-05-01 13:09:26]       ERROR: apply_chat_template requires jinja2>=3.1.0 to be installed. Your version is 3.0.3.
Traceback (most recent call last):
  File "/home/sumit/phronesis/mvp/run_openr1_sweep.py", line 403, in main
    r = generate(model, tokenizer, device, p["prompt"], cap)
  File "/home/sumit/phronesis/mvp/run_openr1_sweep.py", line 182, in generate
    text = tokenizer.apply_chat_template(
  File "/home/sumit/phronesis/mvp/.venv/lib/python3.10/site-packages/transformers/tokenization_utils_base.py", line 3086, in apply_chat_template
    rendered_chat, generation_indices = render_jinja_template(
  File "/home/sumit/phronesis/mvp/.venv/lib/python3.10/site-packages/transformers/utils/chat_template_utils.py", line 514, in render_jinja_template
    compiled_template = _compile_jinja_template(chat_template)
  File "/home/sumit/phronesis/mvp/.venv/lib/python3.10/site-packages/transformers/utils/chat_template_utils.py", line 421, in _compile_jinja_template
    return _cached_compile_jinja_template(chat_template)
  File "/home/sumit/phronesis/mvp/.venv/lib/python3.10/site-packages/transformers/utils/chat_template_utils.py", line 474, in _cached_compile_jinja_template
    raise ImportError(
ImportError: apply_chat_template requires jinja2>=3.1.0 to be installed. Your version is 3.0.3.

[2026-05-01 13:09:26]     [133/576] E5-ecological-fallacy: generating (cap=2048)...
[2026-05-01 13:09:26]       ERROR: apply_chat_template requires jinja2>=3.1.0 to be installed. Your version is 3.0.3.
Traceback (most recent call last):
  File "/home/sumit/phronesis/mvp/run_openr1_sweep.py", line 403, in main
    r = generate(model, tokenizer, device, p["prompt"], cap)
  File "/home/sumit/phronesis/mvp/run_openr1_sweep.py", line 182, in generate
    text = tokenizer.apply_chat_template(
  File "/home/sumit/phronesis/mvp/.venv/lib/python3.10/site-packages/transformers/tokenization_utils_base.py", line 3086, in apply_chat_template
    rendered_chat, generation_indices = render_jinja_template(
  File "/home/sumit/phronesis/mvp/.venv/lib/python3.10/site-packages/transformers/utils/chat_template_utils.py", line 514, in render_jinja_template
    compiled_template = _compile_jinja_template(chat_template)
  File "/home/sumit/phronesis/mvp/.venv/lib/python3.10/site-packages/transformers/utils/chat_template_utils.py", line 421, in _compile_jinja_template
    return _cached_compile_jinja_template(chat_template)
  File "/home/sumit/phronesis/mvp/.venv/lib/python3.10/site-packages/transformers/utils/chat_template_utils.py", line 474, in _cached_compile_jinja_template
    raise ImportError(
ImportError: apply_chat_template requires jinja2>=3.1.0 to be installed. Your version is 3.0.3.

[2026-05-01 13:09:26]     [134/576] N1-simpsons-paradox: generating (cap=4096)...
[2026-05-01 13:09:26]       ERROR: apply_chat_template requires jinja2>=3.1.0 to be installed. Your version is 3.0.3.
Traceback (most recent call last):
  File "/home/sumit/phronesis/mvp/run_openr1_sweep.py", line 403, in main
    r = generate(model, tokenizer, device, p["prompt"], cap)
  File "/home/sumit/phronesis/mvp/run_openr1_sweep.py", line 182, in generate
    text = tokenizer.apply_chat_template(
  File "/home/sumit/phronesis/mvp/.venv/lib/python3.10/site-packages/transformers/tokenization_utils_base.py", line 3086, in apply_chat_template
    rendered_chat, generation_indices = render_jinja_template(
  File "/home/sumit/phronesis/mvp/.venv/lib/python3.10/site-packages/transformers/utils/chat_template_utils.py", line 514, in render_jinja_template
    compiled_template = _compile_jinja_template(chat_template)
  File "/home/sumit/phronesis/mvp/.venv/lib/python3.10/site-packages/transformers/utils/chat_template_utils.py", line 421, in _compile_jinja_template
    return _cached_compile_jinja_template(chat_template)
  File "/home/sumit/phronesis/mvp/.venv/lib/python3.10/site-packages/transformers/utils/chat_template_utils.py", line 474, in _cached_compile_jinja_template
    raise ImportError(
ImportError: apply_chat_template requires jinja2>=3.1.0 to be installed. Your version is 3.0.3.

[2026-05-01 13:09:26]     [135/576] N2-conjunction-fallacy: generating (cap=2048)...
[2026-05-01 13:09:26]       ERROR: apply_chat_template requires jinja2>=3.1.0 to be installed. Your version is 3.0.3.
Traceback (most recent call last):
  File "/home/sumit/phronesis/mvp/run_openr1_sweep.py", line 403, in main
    r = generate(model, tokenizer, device, p["prompt"], cap)
  File "/home/sumit/phronesis/mvp/run_openr1_sweep.py", line 182, in generate
    text = tokenizer.apply_chat_template(
  File "/home/sumit/phronesis/mvp/.venv/lib/python3.10/site-packages/transformers/tokenization_utils_base.py", line 3086, in apply_chat_template
    rendered_chat, generation_indices = render_jinja_template(
  File "/home/sumit/phronesis/mvp/.venv/lib/python3.10/site-packages/transformers/utils/chat_template_utils.py", line 514, in render_jinja_template
    compiled_template = _compile_jinja_template(chat_template)
  File "/home/sumit/phronesis/mvp/.venv/lib/python3.10/site-packages/transformers/utils/chat_template_utils.py", line 421, in _compile_jinja_template
    return _cached_compile_jinja_template(chat_template)
  File "/home/sumit/phronesis/mvp/.venv/lib/python3.10/site-packages/transformers/utils/chat_template_utils.py", line 474, in _cached_compile_jinja_template
    raise ImportError(
ImportError: apply_chat_template requires jinja2>=3.1.0 to be installed. Your version is 3.0.3.

[2026-05-01 13:09:26]     [136/576] N3-survivorship-bias: generating (cap=2048)...
[2026-05-01 13:09:26]       ERROR: apply_chat_template requires jinja2>=3.1.0 to be installed. Your version is 3.0.3.
Traceback (most recent call last):
  File "/home/sumit/phronesis/mvp/run_openr1_sweep.py", line 403, in main
    r = generate(model, tokenizer, device, p["prompt"], cap)
  File "/home/sumit/phronesis/mvp/run_openr1_sweep.py", line 182, in generate
    text = tokenizer.apply_chat_template(
  File "/home/sumit/phronesis/mvp/.venv/lib/python3.10/site-packages/transformers/tokenization_utils_base.py", line 3086, in apply_chat_template
    rendered_chat, generation_indices = render_jinja_template(
  File "/home/sumit/phronesis/mvp/.venv/lib/python3.10/site-packages/transformers/utils/chat_template_utils.py", line 514, in render_jinja_template
    compiled_template = _compile_jinja_template(chat_template)
  File "/home/sumit/phronesis/mvp/.venv/lib/python3.10/site-packages/transformers/utils/chat_template_utils.py", line 421, in _compile_jinja_template
    return _cached_compile_jinja_template(chat_template)
  File "/home/sumit/phronesis/mvp/.venv/lib/python3.10/site-packages/transformers/utils/chat_template_utils.py", line 474, in _cached_compile_jinja_template
    raise ImportError(
ImportError: apply_chat_template requires jinja2>=3.1.0 to be installed. Your version is 3.0.3.

[2026-05-01 13:09:26]   ─ α=+4.00 (a+04.00) ─
[2026-05-01 13:09:26]     [137/576] E1-confabulation: generating (cap=2048)...
[2026-05-01 13:09:26]       ERROR: apply_chat_template requires jinja2>=3.1.0 to be installed. Your version is 3.0.3.
Traceback (most recent call last):
  File "/home/sumit/phronesis/mvp/run_openr1_sweep.py", line 403, in main
    r = generate(model, tokenizer, device, p["prompt"], cap)
  File "/home/sumit/phronesis/mvp/run_openr1_sweep.py", line 182, in generate
    text = tokenizer.apply_chat_template(
  File "/home/sumit/phronesis/mvp/.venv/lib/python3.10/site-packages/transformers/tokenization_utils_base.py", line 3086, in apply_chat_template
    rendered_chat, generation_indices = render_jinja_template(
  File "/home/sumit/phronesis/mvp/.venv/lib/python3.10/site-packages/transformers/utils/chat_template_utils.py", line 514, in render_jinja_template
    compiled_template = _compile_jinja_template(chat_template)
  File "/home/sumit/phronesis/mvp/.venv/lib/python3.10/site-packages/transformers/utils/chat_template_utils.py", line 421, in _compile_jinja_template
    return _cached_compile_jinja_template(chat_template)
  File "/home/sumit/phronesis/mvp/.venv/lib/python3.10/site-packages/transformers/utils/chat_template_utils.py", line 474, in _cached_compile_jinja_template
    raise ImportError(
ImportError: apply_chat_template requires jinja2>=3.1.0 to be installed. Your version is 3.0.3.

[2026-05-01 13:09:26]     [138/576] E2-contested-science: generating (cap=2048)...
[2026-05-01 13:09:26]       ERROR: apply_chat_template requires jinja2>=3.1.0 to be installed. Your version is 3.0.3.
Traceback (most recent call last):
  File "/home/sumit/phronesis/mvp/run_openr1_sweep.py", line 403, in main
    r = generate(model, tokenizer, device, p["prompt"], cap)
  File "/home/sumit/phronesis/mvp/run_openr1_sweep.py", line 182, in generate
    text = tokenizer.apply_chat_template(
  File "/home/sumit/phronesis/mvp/.venv/lib/python3.10/site-packages/transformers/tokenization_utils_base.py", line 3086, in apply_chat_template
    rendered_chat, generation_indices = render_jinja_template(
  File "/home/sumit/phronesis/mvp/.venv/lib/python3.10/site-packages/transformers/utils/chat_template_utils.py", line 514, in render_jinja_template
    compiled_template = _compile_jinja_template(chat_template)
  File "/home/sumit/phronesis/mvp/.venv/lib/python3.10/site-packages/transformers/utils/chat_template_utils.py", line 421, in _compile_jinja_template
    return _cached_compile_jinja_template(chat_template)
  File "/home/sumit/phronesis/mvp/.venv/lib/python3.10/site-packages/transformers/utils/chat_template_utils.py", line 474, in _cached_compile_jinja_template
    raise ImportError(
ImportError: apply_chat_template requires jinja2>=3.1.0 to be installed. Your version is 3.0.3.

[2026-05-01 13:09:26]     [139/576] E3-bayesian-update: generating (cap=8192)...
[2026-05-01 13:09:26]       ERROR: apply_chat_template requires jinja2>=3.1.0 to be installed. Your version is 3.0.3.
Traceback (most recent call last):
  File "/home/sumit/phronesis/mvp/run_openr1_sweep.py", line 403, in main
    r = generate(model, tokenizer, device, p["prompt"], cap)
  File "/home/sumit/phronesis/mvp/run_openr1_sweep.py", line 182, in generate
    text = tokenizer.apply_chat_template(
  File "/home/sumit/phronesis/mvp/.venv/lib/python3.10/site-packages/transformers/tokenization_utils_base.py", line 3086, in apply_chat_template
    rendered_chat, generation_indices = render_jinja_template(
  File "/home/sumit/phronesis/mvp/.venv/lib/python3.10/site-packages/transformers/utils/chat_template_utils.py", line 514, in render_jinja_template
    compiled_template = _compile_jinja_template(chat_template)
  File "/home/sumit/phronesis/mvp/.venv/lib/python3.10/site-packages/transformers/utils/chat_template_utils.py", line 421, in _compile_jinja_template
    return _cached_compile_jinja_template(chat_template)
  File "/home/sumit/phronesis/mvp/.venv/lib/python3.10/site-packages/transformers/utils/chat_template_utils.py", line 474, in _cached_compile_jinja_template
    raise ImportError(
ImportError: apply_chat_template requires jinja2>=3.1.0 to be installed. Your version is 3.0.3.

[2026-05-01 13:09:26]     [140/576] E4-taxi-social: generating (cap=8192)...
[2026-05-01 13:09:26]       ERROR: apply_chat_template requires jinja2>=3.1.0 to be installed. Your version is 3.0.3.
Traceback (most recent call last):
  File "/home/sumit/phronesis/mvp/run_openr1_sweep.py", line 403, in main
    r = generate(model, tokenizer, device, p["prompt"], cap)
  File "/home/sumit/phronesis/mvp/run_openr1_sweep.py", line 182, in generate
    text = tokenizer.apply_chat_template(
  File "/home/sumit/phronesis/mvp/.venv/lib/python3.10/site-packages/transformers/tokenization_utils_base.py", line 3086, in apply_chat_template
    rendered_chat, generation_indices = render_jinja_template(
  File "/home/sumit/phronesis/mvp/.venv/lib/python3.10/site-packages/transformers/utils/chat_template_utils.py", line 514, in render_jinja_template
    compiled_template = _compile_jinja_template(chat_template)
  File "/home/sumit/phronesis/mvp/.venv/lib/python3.10/site-packages/transformers/utils/chat_template_utils.py", line 421, in _compile_jinja_template
    return _cached_compile_jinja_template(chat_template)
  File "/home/sumit/phronesis/mvp/.venv/lib/python3.10/site-packages/transformers/utils/chat_template_utils.py", line 474, in _cached_compile_jinja_template
    raise ImportError(
ImportError: apply_chat_template requires jinja2>=3.1.0 to be installed. Your version is 3.0.3.

[2026-05-01 13:09:26]     [141/576] E5-ecological-fallacy: generating (cap=2048)...
[2026-05-01 13:09:26]       ERROR: apply_chat_template requires jinja2>=3.1.0 to be installed. Your version is 3.0.3.
Traceback (most recent call last):
  File "/home/sumit/phronesis/mvp/run_openr1_sweep.py", line 403, in main
    r = generate(model, tokenizer, device, p["prompt"], cap)
  File "/home/sumit/phronesis/mvp/run_openr1_sweep.py", line 182, in generate
    text = tokenizer.apply_chat_template(
  File "/home/sumit/phronesis/mvp/.venv/lib/python3.10/site-packages/transformers/tokenization_utils_base.py", line 3086, in apply_chat_template
    rendered_chat, generation_indices = render_jinja_template(
  File "/home/sumit/phronesis/mvp/.venv/lib/python3.10/site-packages/transformers/utils/chat_template_utils.py", line 514, in render_jinja_template
    compiled_template = _compile_jinja_template(chat_template)
  File "/home/sumit/phronesis/mvp/.venv/lib/python3.10/site-packages/transformers/utils/chat_template_utils.py", line 421, in _compile_jinja_template
    return _cached_compile_jinja_template(chat_template)
  File "/home/sumit/phronesis/mvp/.venv/lib/python3.10/site-packages/transformers/utils/chat_template_utils.py", line 474, in _cached_compile_jinja_template
    raise ImportError(
ImportError: apply_chat_template requires jinja2>=3.1.0 to be installed. Your version is 3.0.3.

[2026-05-01 13:09:26]     [142/576] N1-simpsons-paradox: generating (cap=4096)...
[2026-05-01 13:09:26]       ERROR: apply_chat_template requires jinja2>=3.1.0 to be installed. Your version is 3.0.3.
Traceback (most recent call last):
  File "/home/sumit/phronesis/mvp/run_openr1_sweep.py", line 403, in main
    r = generate(model, tokenizer, device, p["prompt"], cap)
  File "/home/sumit/phronesis/mvp/run_openr1_sweep.py", line 182, in generate
    text = tokenizer.apply_chat_template(
  File "/home/sumit/phronesis/mvp/.venv/lib/python3.10/site-packages/transformers/tokenization_utils_base.py", line 3086, in apply_chat_template
    rendered_chat, generation_indices = render_jinja_template(
  File "/home/sumit/phronesis/mvp/.venv/lib/python3.10/site-packages/transformers/utils/chat_template_utils.py", line 514, in render_jinja_template
    compiled_template = _compile_jinja_template(chat_template)
  File "/home/sumit/phronesis/mvp/.venv/lib/python3.10/site-packages/transformers/utils/chat_template_utils.py", line 421, in _compile_jinja_template
    return _cached_compile_jinja_template(chat_template)
  File "/home/sumit/phronesis/mvp/.venv/lib/python3.10/site-packages/transformers/utils/chat_template_utils.py", line 474, in _cached_compile_jinja_template
    raise ImportError(
ImportError: apply_chat_template requires jinja2>=3.1.0 to be installed. Your version is 3.0.3.

[2026-05-01 13:09:26]     [143/576] N2-conjunction-fallacy: generating (cap=2048)...
[2026-05-01 13:09:26]       ERROR: apply_chat_template requires jinja2>=3.1.0 to be installed. Your version is 3.0.3.
Traceback (most recent call last):
  File "/home/sumit/phronesis/mvp/run_openr1_sweep.py", line 403, in main
    r = generate(model, tokenizer, device, p["prompt"], cap)
  File "/home/sumit/phronesis/mvp/run_openr1_sweep.py", line 182, in generate
    text = tokenizer.apply_chat_template(
  File "/home/sumit/phronesis/mvp/.venv/lib/python3.10/site-packages/transformers/tokenization_utils_base.py", line 3086, in apply_chat_template
    rendered_chat, generation_indices = render_jinja_template(
  File "/home/sumit/phronesis/mvp/.venv/lib/python3.10/site-packages/transformers/utils/chat_template_utils.py", line 514, in render_jinja_template
    compiled_template = _compile_jinja_template(chat_template)
  File "/home/sumit/phronesis/mvp/.venv/lib/python3.10/site-packages/transformers/utils/chat_template_utils.py", line 421, in _compile_jinja_template
    return _cached_compile_jinja_template(chat_template)
  File "/home/sumit/phronesis/mvp/.venv/lib/python3.10/site-packages/transformers/utils/chat_template_utils.py", line 474, in _cached_compile_jinja_template
    raise ImportError(
ImportError: apply_chat_template requires jinja2>=3.1.0 to be installed. Your version is 3.0.3.

[2026-05-01 13:09:26]     [144/576] N3-survivorship-bias: generating (cap=2048)...
[2026-05-01 13:09:26]       ERROR: apply_chat_template requires jinja2>=3.1.0 to be installed. Your version is 3.0.3.
Traceback (most recent call last):
  File "/home/sumit/phronesis/mvp/run_openr1_sweep.py", line 403, in main
    r = generate(model, tokenizer, device, p["prompt"], cap)
  File "/home/sumit/phronesis/mvp/run_openr1_sweep.py", line 182, in generate
    text = tokenizer.apply_chat_template(
  File "/home/sumit/phronesis/mvp/.venv/lib/python3.10/site-packages/transformers/tokenization_utils_base.py", line 3086, in apply_chat_template
    rendered_chat, generation_indices = render_jinja_template(
  File "/home/sumit/phronesis/mvp/.venv/lib/python3.10/site-packages/transformers/utils/chat_template_utils.py", line 514, in render_jinja_template
    compiled_template = _compile_jinja_template(chat_template)
  File "/home/sumit/phronesis/mvp/.venv/lib/python3.10/site-packages/transformers/utils/chat_template_utils.py", line 421, in _compile_jinja_template
    return _cached_compile_jinja_template(chat_template)
  File "/home/sumit/phronesis/mvp/.venv/lib/python3.10/site-packages/transformers/utils/chat_template_utils.py", line 474, in _cached_compile_jinja_template
    raise ImportError(
ImportError: apply_chat_template requires jinja2>=3.1.0 to be installed. Your version is 3.0.3.

[2026-05-01 13:09:26]   ─ α=+6.00 (a+06.00) ─
[2026-05-01 13:09:26]     [145/576] E1-confabulation: generating (cap=2048)...
[2026-05-01 13:09:26]       ERROR: apply_chat_template requires jinja2>=3.1.0 to be installed. Your version is 3.0.3.
Traceback (most recent call last):
  File "/home/sumit/phronesis/mvp/run_openr1_sweep.py", line 403, in main
    r = generate(model, tokenizer, device, p["prompt"], cap)
  File "/home/sumit/phronesis/mvp/run_openr1_sweep.py", line 182, in generate
    text = tokenizer.apply_chat_template(
  File "/home/sumit/phronesis/mvp/.venv/lib/python3.10/site-packages/transformers/tokenization_utils_base.py", line 3086, in apply_chat_template
    rendered_chat, generation_indices = render_jinja_template(
  File "/home/sumit/phronesis/mvp/.venv/lib/python3.10/site-packages/transformers/utils/chat_template_utils.py", line 514, in render_jinja_template
    compiled_template = _compile_jinja_template(chat_template)
  File "/home/sumit/phronesis/mvp/.venv/lib/python3.10/site-packages/transformers/utils/chat_template_utils.py", line 421, in _compile_jinja_template
    return _cached_compile_jinja_template(chat_template)
  File "/home/sumit/phronesis/mvp/.venv/lib/python3.10/site-packages/transformers/utils/chat_template_utils.py", line 474, in _cached_compile_jinja_template
    raise ImportError(
ImportError: apply_chat_template requires jinja2>=3.1.0 to be installed. Your version is 3.0.3.

[2026-05-01 13:09:26]     [146/576] E2-contested-science: generating (cap=2048)...
[2026-05-01 13:09:26]       ERROR: apply_chat_template requires jinja2>=3.1.0 to be installed. Your version is 3.0.3.
Traceback (most recent call last):
  File "/home/sumit/phronesis/mvp/run_openr1_sweep.py", line 403, in main
    r = generate(model, tokenizer, device, p["prompt"], cap)
  File "/home/sumit/phronesis/mvp/run_openr1_sweep.py", line 182, in generate
    text = tokenizer.apply_chat_template(
  File "/home/sumit/phronesis/mvp/.venv/lib/python3.10/site-packages/transformers/tokenization_utils_base.py", line 3086, in apply_chat_template
    rendered_chat, generation_indices = render_jinja_template(
  File "/home/sumit/phronesis/mvp/.venv/lib/python3.10/site-packages/transformers/utils/chat_template_utils.py", line 514, in render_jinja_template
    compiled_template = _compile_jinja_template(chat_template)
  File "/home/sumit/phronesis/mvp/.venv/lib/python3.10/site-packages/transformers/utils/chat_template_utils.py", line 421, in _compile_jinja_template
    return _cached_compile_jinja_template(chat_template)
  File "/home/sumit/phronesis/mvp/.venv/lib/python3.10/site-packages/transformers/utils/chat_template_utils.py", line 474, in _cached_compile_jinja_template
    raise ImportError(
ImportError: apply_chat_template requires jinja2>=3.1.0 to be installed. Your version is 3.0.3.

[2026-05-01 13:09:26]     [147/576] E3-bayesian-update: generating (cap=8192)...
[2026-05-01 13:09:26]       ERROR: apply_chat_template requires jinja2>=3.1.0 to be installed. Your version is 3.0.3.
Traceback (most recent call last):
  File "/home/sumit/phronesis/mvp/run_openr1_sweep.py", line 403, in main
    r = generate(model, tokenizer, device, p["prompt"], cap)
  File "/home/sumit/phronesis/mvp/run_openr1_sweep.py", line 182, in generate
    text = tokenizer.apply_chat_template(
  File "/home/sumit/phronesis/mvp/.venv/lib/python3.10/site-packages/transformers/tokenization_utils_base.py", line 3086, in apply_chat_template
    rendered_chat, generation_indices = render_jinja_template(
  File "/home/sumit/phronesis/mvp/.venv/lib/python3.10/site-packages/transformers/utils/chat_template_utils.py", line 514, in render_jinja_template
    compiled_template = _compile_jinja_template(chat_template)
  File "/home/sumit/phronesis/mvp/.venv/lib/python3.10/site-packages/transformers/utils/chat_template_utils.py", line 421, in _compile_jinja_template
    return _cached_compile_jinja_template(chat_template)
  File "/home/sumit/phronesis/mvp/.venv/lib/python3.10/site-packages/transformers/utils/chat_template_utils.py", line 474, in _cached_compile_jinja_template
    raise ImportError(
ImportError: apply_chat_template requires jinja2>=3.1.0 to be installed. Your version is 3.0.3.

[2026-05-01 13:09:26]     [148/576] E4-taxi-social: generating (cap=8192)...
[2026-05-01 13:09:26]       ERROR: apply_chat_template requires jinja2>=3.1.0 to be installed. Your version is 3.0.3.
Traceback (most recent call last):
  File "/home/sumit/phronesis/mvp/run_openr1_sweep.py", line 403, in main
    r = generate(model, tokenizer, device, p["prompt"], cap)
  File "/home/sumit/phronesis/mvp/run_openr1_sweep.py", line 182, in generate
    text = tokenizer.apply_chat_template(
  File "/home/sumit/phronesis/mvp/.venv/lib/python3.10/site-packages/transformers/tokenization_utils_base.py", line 3086, in apply_chat_template
    rendered_chat, generation_indices = render_jinja_template(
  File "/home/sumit/phronesis/mvp/.venv/lib/python3.10/site-packages/transformers/utils/chat_template_utils.py", line 514, in render_jinja_template
    compiled_template = _compile_jinja_template(chat_template)
  File "/home/sumit/phronesis/mvp/.venv/lib/python3.10/site-packages/transformers/utils/chat_template_utils.py", line 421, in _compile_jinja_template
    return _cached_compile_jinja_template(chat_template)
  File "/home/sumit/phronesis/mvp/.venv/lib/python3.10/site-packages/transformers/utils/chat_template_utils.py", line 474, in _cached_compile_jinja_template
    raise ImportError(
ImportError: apply_chat_template requires jinja2>=3.1.0 to be installed. Your version is 3.0.3.

[2026-05-01 13:09:26]     [149/576] E5-ecological-fallacy: generating (cap=2048)...
[2026-05-01 13:09:26]       ERROR: apply_chat_template requires jinja2>=3.1.0 to be installed. Your version is 3.0.3.
Traceback (most recent call last):
  File "/home/sumit/phronesis/mvp/run_openr1_sweep.py", line 403, in main
    r = generate(model, tokenizer, device, p["prompt"], cap)
  File "/home/sumit/phronesis/mvp/run_openr1_sweep.py", line 182, in generate
    text = tokenizer.apply_chat_template(
  File "/home/sumit/phronesis/mvp/.venv/lib/python3.10/site-packages/transformers/tokenization_utils_base.py", line 3086, in apply_chat_template
    rendered_chat, generation_indices = render_jinja_template(
  File "/home/sumit/phronesis/mvp/.venv/lib/python3.10/site-packages/transformers/utils/chat_template_utils.py", line 514, in render_jinja_template
    compiled_template = _compile_jinja_template(chat_template)
  File "/home/sumit/phronesis/mvp/.venv/lib/python3.10/site-packages/transformers/utils/chat_template_utils.py", line 421, in _compile_jinja_template
    return _cached_compile_jinja_template(chat_template)
  File "/home/sumit/phronesis/mvp/.venv/lib/python3.10/site-packages/transformers/utils/chat_template_utils.py", line 474, in _cached_compile_jinja_template
    raise ImportError(
ImportError: apply_chat_template requires jinja2>=3.1.0 to be installed. Your version is 3.0.3.

[2026-05-01 13:09:26]     [150/576] N1-simpsons-paradox: generating (cap=4096)...
[2026-05-01 13:09:26]       ERROR: apply_chat_template requires jinja2>=3.1.0 to be installed. Your version is 3.0.3.
Traceback (most recent call last):
  File "/home/sumit/phronesis/mvp/run_openr1_sweep.py", line 403, in main
    r = generate(model, tokenizer, device, p["prompt"], cap)
  File "/home/sumit/phronesis/mvp/run_openr1_sweep.py", line 182, in generate
    text = tokenizer.apply_chat_template(
  File "/home/sumit/phronesis/mvp/.venv/lib/python3.10/site-packages/transformers/tokenization_utils_base.py", line 3086, in apply_chat_template
    rendered_chat, generation_indices = render_jinja_template(
  File "/home/sumit/phronesis/mvp/.venv/lib/python3.10/site-packages/transformers/utils/chat_template_utils.py", line 514, in render_jinja_template
    compiled_template = _compile_jinja_template(chat_template)
  File "/home/sumit/phronesis/mvp/.venv/lib/python3.10/site-packages/transformers/utils/chat_template_utils.py", line 421, in _compile_jinja_template
    return _cached_compile_jinja_template(chat_template)
  File "/home/sumit/phronesis/mvp/.venv/lib/python3.10/site-packages/transformers/utils/chat_template_utils.py", line 474, in _cached_compile_jinja_template
    raise ImportError(
ImportError: apply_chat_template requires jinja2>=3.1.0 to be installed. Your version is 3.0.3.

[2026-05-01 13:09:26]     [151/576] N2-conjunction-fallacy: generating (cap=2048)...
[2026-05-01 13:09:26]       ERROR: apply_chat_template requires jinja2>=3.1.0 to be installed. Your version is 3.0.3.
Traceback (most recent call last):
  File "/home/sumit/phronesis/mvp/run_openr1_sweep.py", line 403, in main
    r = generate(model, tokenizer, device, p["prompt"], cap)
  File "/home/sumit/phronesis/mvp/run_openr1_sweep.py", line 182, in generate
    text = tokenizer.apply_chat_template(
  File "/home/sumit/phronesis/mvp/.venv/lib/python3.10/site-packages/transformers/tokenization_utils_base.py", line 3086, in apply_chat_template
    rendered_chat, generation_indices = render_jinja_template(
  File "/home/sumit/phronesis/mvp/.venv/lib/python3.10/site-packages/transformers/utils/chat_template_utils.py", line 514, in render_jinja_template
    compiled_template = _compile_jinja_template(chat_template)
  File "/home/sumit/phronesis/mvp/.venv/lib/python3.10/site-packages/transformers/utils/chat_template_utils.py", line 421, in _compile_jinja_template
    return _cached_compile_jinja_template(chat_template)
  File "/home/sumit/phronesis/mvp/.venv/lib/python3.10/site-packages/transformers/utils/chat_template_utils.py", line 474, in _cached_compile_jinja_template
    raise ImportError(
ImportError: apply_chat_template requires jinja2>=3.1.0 to be installed. Your version is 3.0.3.

[2026-05-01 13:09:26]     [152/576] N3-survivorship-bias: generating (cap=2048)...
[2026-05-01 13:09:26]       ERROR: apply_chat_template requires jinja2>=3.1.0 to be installed. Your version is 3.0.3.
Traceback (most recent call last):
  File "/home/sumit/phronesis/mvp/run_openr1_sweep.py", line 403, in main
    r = generate(model, tokenizer, device, p["prompt"], cap)
  File "/home/sumit/phronesis/mvp/run_openr1_sweep.py", line 182, in generate
    text = tokenizer.apply_chat_template(
  File "/home/sumit/phronesis/mvp/.venv/lib/python3.10/site-packages/transformers/tokenization_utils_base.py", line 3086, in apply_chat_template
    rendered_chat, generation_indices = render_jinja_template(
  File "/home/sumit/phronesis/mvp/.venv/lib/python3.10/site-packages/transformers/utils/chat_template_utils.py", line 514, in render_jinja_template
    compiled_template = _compile_jinja_template(chat_template)
  File "/home/sumit/phronesis/mvp/.venv/lib/python3.10/site-packages/transformers/utils/chat_template_utils.py", line 421, in _compile_jinja_template
    return _cached_compile_jinja_template(chat_template)
  File "/home/sumit/phronesis/mvp/.venv/lib/python3.10/site-packages/transformers/utils/chat_template_utils.py", line 474, in _cached_compile_jinja_template
    raise ImportError(
ImportError: apply_chat_template requires jinja2>=3.1.0 to be installed. Your version is 3.0.3.

[2026-05-01 13:09:26]   ─ α=+8.00 (a+08.00) ─
[2026-05-01 13:09:26]     [153/576] E1-confabulation: generating (cap=2048)...
[2026-05-01 13:09:26]       ERROR: apply_chat_template requires jinja2>=3.1.0 to be installed. Your version is 3.0.3.
Traceback (most recent call last):
  File "/home/sumit/phronesis/mvp/run_openr1_sweep.py", line 403, in main
    r = generate(model, tokenizer, device, p["prompt"], cap)
  File "/home/sumit/phronesis/mvp/run_openr1_sweep.py", line 182, in generate
    text = tokenizer.apply_chat_template(
  File "/home/sumit/phronesis/mvp/.venv/lib/python3.10/site-packages/transformers/tokenization_utils_base.py", line 3086, in apply_chat_template
    rendered_chat, generation_indices = render_jinja_template(
  File "/home/sumit/phronesis/mvp/.venv/lib/python3.10/site-packages/transformers/utils/chat_template_utils.py", line 514, in render_jinja_template
    compiled_template = _compile_jinja_template(chat_template)
  File "/home/sumit/phronesis/mvp/.venv/lib/python3.10/site-packages/transformers/utils/chat_template_utils.py", line 421, in _compile_jinja_template
    return _cached_compile_jinja_template(chat_template)
  File "/home/sumit/phronesis/mvp/.venv/lib/python3.10/site-packages/transformers/utils/chat_template_utils.py", line 474, in _cached_compile_jinja_template
    raise ImportError(
ImportError: apply_chat_template requires jinja2>=3.1.0 to be installed. Your version is 3.0.3.

[2026-05-01 13:09:26]     [154/576] E2-contested-science: generating (cap=2048)...
[2026-05-01 13:09:26]       ERROR: apply_chat_template requires jinja2>=3.1.0 to be installed. Your version is 3.0.3.
Traceback (most recent call last):
  File "/home/sumit/phronesis/mvp/run_openr1_sweep.py", line 403, in main
    r = generate(model, tokenizer, device, p["prompt"], cap)
  File "/home/sumit/phronesis/mvp/run_openr1_sweep.py", line 182, in generate
    text = tokenizer.apply_chat_template(
  File "/home/sumit/phronesis/mvp/.venv/lib/python3.10/site-packages/transformers/tokenization_utils_base.py", line 3086, in apply_chat_template
    rendered_chat, generation_indices = render_jinja_template(
  File "/home/sumit/phronesis/mvp/.venv/lib/python3.10/site-packages/transformers/utils/chat_template_utils.py", line 514, in render_jinja_template
    compiled_template = _compile_jinja_template(chat_template)
  File "/home/sumit/phronesis/mvp/.venv/lib/python3.10/site-packages/transformers/utils/chat_template_utils.py", line 421, in _compile_jinja_template
    return _cached_compile_jinja_template(chat_template)
  File "/home/sumit/phronesis/mvp/.venv/lib/python3.10/site-packages/transformers/utils/chat_template_utils.py", line 474, in _cached_compile_jinja_template
    raise ImportError(
ImportError: apply_chat_template requires jinja2>=3.1.0 to be installed. Your version is 3.0.3.

[2026-05-01 13:09:26]     [155/576] E3-bayesian-update: generating (cap=8192)...
[2026-05-01 13:09:26]       ERROR: apply_chat_template requires jinja2>=3.1.0 to be installed. Your version is 3.0.3.
Traceback (most recent call last):
  File "/home/sumit/phronesis/mvp/run_openr1_sweep.py", line 403, in main
    r = generate(model, tokenizer, device, p["prompt"], cap)
  File "/home/sumit/phronesis/mvp/run_openr1_sweep.py", line 182, in generate
    text = tokenizer.apply_chat_template(
  File "/home/sumit/phronesis/mvp/.venv/lib/python3.10/site-packages/transformers/tokenization_utils_base.py", line 3086, in apply_chat_template
    rendered_chat, generation_indices = render_jinja_template(
  File "/home/sumit/phronesis/mvp/.venv/lib/python3.10/site-packages/transformers/utils/chat_template_utils.py", line 514, in render_jinja_template
    compiled_template = _compile_jinja_template(chat_template)
  File "/home/sumit/phronesis/mvp/.venv/lib/python3.10/site-packages/transformers/utils/chat_template_utils.py", line 421, in _compile_jinja_template
    return _cached_compile_jinja_template(chat_template)
  File "/home/sumit/phronesis/mvp/.venv/lib/python3.10/site-packages/transformers/utils/chat_template_utils.py", line 474, in _cached_compile_jinja_template
    raise ImportError(
ImportError: apply_chat_template requires jinja2>=3.1.0 to be installed. Your version is 3.0.3.

[2026-05-01 13:09:26]     [156/576] E4-taxi-social: generating (cap=8192)...
[2026-05-01 13:09:26]       ERROR: apply_chat_template requires jinja2>=3.1.0 to be installed. Your version is 3.0.3.
Traceback (most recent call last):
  File "/home/sumit/phronesis/mvp/run_openr1_sweep.py", line 403, in main
    r = generate(model, tokenizer, device, p["prompt"], cap)
  File "/home/sumit/phronesis/mvp/run_openr1_sweep.py", line 182, in generate
    text = tokenizer.apply_chat_template(
  File "/home/sumit/phronesis/mvp/.venv/lib/python3.10/site-packages/transformers/tokenization_utils_base.py", line 3086, in apply_chat_template
    rendered_chat, generation_indices = render_jinja_template(
  File "/home/sumit/phronesis/mvp/.venv/lib/python3.10/site-packages/transformers/utils/chat_template_utils.py", line 514, in render_jinja_template
    compiled_template = _compile_jinja_template(chat_template)
  File "/home/sumit/phronesis/mvp/.venv/lib/python3.10/site-packages/transformers/utils/chat_template_utils.py", line 421, in _compile_jinja_template
    return _cached_compile_jinja_template(chat_template)
  File "/home/sumit/phronesis/mvp/.venv/lib/python3.10/site-packages/transformers/utils/chat_template_utils.py", line 474, in _cached_compile_jinja_template
    raise ImportError(
ImportError: apply_chat_template requires jinja2>=3.1.0 to be installed. Your version is 3.0.3.

[2026-05-01 13:09:26]     [157/576] E5-ecological-fallacy: generating (cap=2048)...
[2026-05-01 13:09:26]       ERROR: apply_chat_template requires jinja2>=3.1.0 to be installed. Your version is 3.0.3.
Traceback (most recent call last):
  File "/home/sumit/phronesis/mvp/run_openr1_sweep.py", line 403, in main
    r = generate(model, tokenizer, device, p["prompt"], cap)
  File "/home/sumit/phronesis/mvp/run_openr1_sweep.py", line 182, in generate
    text = tokenizer.apply_chat_template(
  File "/home/sumit/phronesis/mvp/.venv/lib/python3.10/site-packages/transformers/tokenization_utils_base.py", line 3086, in apply_chat_template
    rendered_chat, generation_indices = render_jinja_template(
  File "/home/sumit/phronesis/mvp/.venv/lib/python3.10/site-packages/transformers/utils/chat_template_utils.py", line 514, in render_jinja_template
    compiled_template = _compile_jinja_template(chat_template)
  File "/home/sumit/phronesis/mvp/.venv/lib/python3.10/site-packages/transformers/utils/chat_template_utils.py", line 421, in _compile_jinja_template
    return _cached_compile_jinja_template(chat_template)
  File "/home/sumit/phronesis/mvp/.venv/lib/python3.10/site-packages/transformers/utils/chat_template_utils.py", line 474, in _cached_compile_jinja_template
    raise ImportError(
ImportError: apply_chat_template requires jinja2>=3.1.0 to be installed. Your version is 3.0.3.

[2026-05-01 13:09:26]     [158/576] N1-simpsons-paradox: generating (cap=4096)...
[2026-05-01 13:09:26]       ERROR: apply_chat_template requires jinja2>=3.1.0 to be installed. Your version is 3.0.3.
Traceback (most recent call last):
  File "/home/sumit/phronesis/mvp/run_openr1_sweep.py", line 403, in main
    r = generate(model, tokenizer, device, p["prompt"], cap)
  File "/home/sumit/phronesis/mvp/run_openr1_sweep.py", line 182, in generate
    text = tokenizer.apply_chat_template(
  File "/home/sumit/phronesis/mvp/.venv/lib/python3.10/site-packages/transformers/tokenization_utils_base.py", line 3086, in apply_chat_template
    rendered_chat, generation_indices = render_jinja_template(
  File "/home/sumit/phronesis/mvp/.venv/lib/python3.10/site-packages/transformers/utils/chat_template_utils.py", line 514, in render_jinja_template
    compiled_template = _compile_jinja_template(chat_template)
  File "/home/sumit/phronesis/mvp/.venv/lib/python3.10/site-packages/transformers/utils/chat_template_utils.py", line 421, in _compile_jinja_template
    return _cached_compile_jinja_template(chat_template)
  File "/home/sumit/phronesis/mvp/.venv/lib/python3.10/site-packages/transformers/utils/chat_template_utils.py", line 474, in _cached_compile_jinja_template
    raise ImportError(
ImportError: apply_chat_template requires jinja2>=3.1.0 to be installed. Your version is 3.0.3.

[2026-05-01 13:09:26]     [159/576] N2-conjunction-fallacy: generating (cap=2048)...
[2026-05-01 13:09:26]       ERROR: apply_chat_template requires jinja2>=3.1.0 to be installed. Your version is 3.0.3.
Traceback (most recent call last):
  File "/home/sumit/phronesis/mvp/run_openr1_sweep.py", line 403, in main
    r = generate(model, tokenizer, device, p["prompt"], cap)
  File "/home/sumit/phronesis/mvp/run_openr1_sweep.py", line 182, in generate
    text = tokenizer.apply_chat_template(
  File "/home/sumit/phronesis/mvp/.venv/lib/python3.10/site-packages/transformers/tokenization_utils_base.py", line 3086, in apply_chat_template
    rendered_chat, generation_indices = render_jinja_template(
  File "/home/sumit/phronesis/mvp/.venv/lib/python3.10/site-packages/transformers/utils/chat_template_utils.py", line 514, in render_jinja_template
    compiled_template = _compile_jinja_template(chat_template)
  File "/home/sumit/phronesis/mvp/.venv/lib/python3.10/site-packages/transformers/utils/chat_template_utils.py", line 421, in _compile_jinja_template
    return _cached_compile_jinja_template(chat_template)
  File "/home/sumit/phronesis/mvp/.venv/lib/python3.10/site-packages/transformers/utils/chat_template_utils.py", line 474, in _cached_compile_jinja_template
    raise ImportError(
ImportError: apply_chat_template requires jinja2>=3.1.0 to be installed. Your version is 3.0.3.

[2026-05-01 13:09:26]     [160/576] N3-survivorship-bias: generating (cap=2048)...
[2026-05-01 13:09:26]       ERROR: apply_chat_template requires jinja2>=3.1.0 to be installed. Your version is 3.0.3.
Traceback (most recent call last):
  File "/home/sumit/phronesis/mvp/run_openr1_sweep.py", line 403, in main
    r = generate(model, tokenizer, device, p["prompt"], cap)
  File "/home/sumit/phronesis/mvp/run_openr1_sweep.py", line 182, in generate
    text = tokenizer.apply_chat_template(
  File "/home/sumit/phronesis/mvp/.venv/lib/python3.10/site-packages/transformers/tokenization_utils_base.py", line 3086, in apply_chat_template
    rendered_chat, generation_indices = render_jinja_template(
  File "/home/sumit/phronesis/mvp/.venv/lib/python3.10/site-packages/transformers/utils/chat_template_utils.py", line 514, in render_jinja_template
    compiled_template = _compile_jinja_template(chat_template)
  File "/home/sumit/phronesis/mvp/.venv/lib/python3.10/site-packages/transformers/utils/chat_template_utils.py", line 421, in _compile_jinja_template
    return _cached_compile_jinja_template(chat_template)
  File "/home/sumit/phronesis/mvp/.venv/lib/python3.10/site-packages/transformers/utils/chat_template_utils.py", line 474, in _cached_compile_jinja_template
    raise ImportError(
ImportError: apply_chat_template requires jinja2>=3.1.0 to be installed. Your version is 3.0.3.

[2026-05-01 13:09:26]   ─ α=+10.00 (a+10.00) ─
[2026-05-01 13:09:26]     [161/576] E1-confabulation: generating (cap=2048)...
[2026-05-01 13:09:26]       ERROR: apply_chat_template requires jinja2>=3.1.0 to be installed. Your version is 3.0.3.
Traceback (most recent call last):
  File "/home/sumit/phronesis/mvp/run_openr1_sweep.py", line 403, in main
    r = generate(model, tokenizer, device, p["prompt"], cap)
  File "/home/sumit/phronesis/mvp/run_openr1_sweep.py", line 182, in generate
    text = tokenizer.apply_chat_template(
  File "/home/sumit/phronesis/mvp/.venv/lib/python3.10/site-packages/transformers/tokenization_utils_base.py", line 3086, in apply_chat_template
    rendered_chat, generation_indices = render_jinja_template(
  File "/home/sumit/phronesis/mvp/.venv/lib/python3.10/site-packages/transformers/utils/chat_template_utils.py", line 514, in render_jinja_template
    compiled_template = _compile_jinja_template(chat_template)
  File "/home/sumit/phronesis/mvp/.venv/lib/python3.10/site-packages/transformers/utils/chat_template_utils.py", line 421, in _compile_jinja_template
    return _cached_compile_jinja_template(chat_template)
  File "/home/sumit/phronesis/mvp/.venv/lib/python3.10/site-packages/transformers/utils/chat_template_utils.py", line 474, in _cached_compile_jinja_template
    raise ImportError(
ImportError: apply_chat_template requires jinja2>=3.1.0 to be installed. Your version is 3.0.3.

[2026-05-01 13:09:26]     [162/576] E2-contested-science: generating (cap=2048)...
[2026-05-01 13:09:26]       ERROR: apply_chat_template requires jinja2>=3.1.0 to be installed. Your version is 3.0.3.
Traceback (most recent call last):
  File "/home/sumit/phronesis/mvp/run_openr1_sweep.py", line 403, in main
    r = generate(model, tokenizer, device, p["prompt"], cap)
  File "/home/sumit/phronesis/mvp/run_openr1_sweep.py", line 182, in generate
    text = tokenizer.apply_chat_template(
  File "/home/sumit/phronesis/mvp/.venv/lib/python3.10/site-packages/transformers/tokenization_utils_base.py", line 3086, in apply_chat_template
    rendered_chat, generation_indices = render_jinja_template(
  File "/home/sumit/phronesis/mvp/.venv/lib/python3.10/site-packages/transformers/utils/chat_template_utils.py", line 514, in render_jinja_template
    compiled_template = _compile_jinja_template(chat_template)
  File "/home/sumit/phronesis/mvp/.venv/lib/python3.10/site-packages/transformers/utils/chat_template_utils.py", line 421, in _compile_jinja_template
    return _cached_compile_jinja_template(chat_template)
  File "/home/sumit/phronesis/mvp/.venv/lib/python3.10/site-packages/transformers/utils/chat_template_utils.py", line 474, in _cached_compile_jinja_template
    raise ImportError(
ImportError: apply_chat_template requires jinja2>=3.1.0 to be installed. Your version is 3.0.3.

[2026-05-01 13:09:26]     [163/576] E3-bayesian-update: generating (cap=8192)...
[2026-05-01 13:09:26]       ERROR: apply_chat_template requires jinja2>=3.1.0 to be installed. Your version is 3.0.3.
Traceback (most recent call last):
  File "/home/sumit/phronesis/mvp/run_openr1_sweep.py", line 403, in main
    r = generate(model, tokenizer, device, p["prompt"], cap)
  File "/home/sumit/phronesis/mvp/run_openr1_sweep.py", line 182, in generate
    text = tokenizer.apply_chat_template(
  File "/home/sumit/phronesis/mvp/.venv/lib/python3.10/site-packages/transformers/tokenization_utils_base.py", line 3086, in apply_chat_template
    rendered_chat, generation_indices = render_jinja_template(
  File "/home/sumit/phronesis/mvp/.venv/lib/python3.10/site-packages/transformers/utils/chat_template_utils.py", line 514, in render_jinja_template
    compiled_template = _compile_jinja_template(chat_template)
  File "/home/sumit/phronesis/mvp/.venv/lib/python3.10/site-packages/transformers/utils/chat_template_utils.py", line 421, in _compile_jinja_template
    return _cached_compile_jinja_template(chat_template)
  File "/home/sumit/phronesis/mvp/.venv/lib/python3.10/site-packages/transformers/utils/chat_template_utils.py", line 474, in _cached_compile_jinja_template
    raise ImportError(
ImportError: apply_chat_template requires jinja2>=3.1.0 to be installed. Your version is 3.0.3.

[2026-05-01 13:09:26]     [164/576] E4-taxi-social: generating (cap=8192)...
[2026-05-01 13:09:26]       ERROR: apply_chat_template requires jinja2>=3.1.0 to be installed. Your version is 3.0.3.
Traceback (most recent call last):
  File "/home/sumit/phronesis/mvp/run_openr1_sweep.py", line 403, in main
    r = generate(model, tokenizer, device, p["prompt"], cap)
  File "/home/sumit/phronesis/mvp/run_openr1_sweep.py", line 182, in generate
    text = tokenizer.apply_chat_template(
  File "/home/sumit/phronesis/mvp/.venv/lib/python3.10/site-packages/transformers/tokenization_utils_base.py", line 3086, in apply_chat_template
    rendered_chat, generation_indices = render_jinja_template(
  File "/home/sumit/phronesis/mvp/.venv/lib/python3.10/site-packages/transformers/utils/chat_template_utils.py", line 514, in render_jinja_template
    compiled_template = _compile_jinja_template(chat_template)
  File "/home/sumit/phronesis/mvp/.venv/lib/python3.10/site-packages/transformers/utils/chat_template_utils.py", line 421, in _compile_jinja_template
    return _cached_compile_jinja_template(chat_template)
  File "/home/sumit/phronesis/mvp/.venv/lib/python3.10/site-packages/transformers/utils/chat_template_utils.py", line 474, in _cached_compile_jinja_template
    raise ImportError(
ImportError: apply_chat_template requires jinja2>=3.1.0 to be installed. Your version is 3.0.3.

[2026-05-01 13:09:26]     [165/576] E5-ecological-fallacy: generating (cap=2048)...
[2026-05-01 13:09:26]       ERROR: apply_chat_template requires jinja2>=3.1.0 to be installed. Your version is 3.0.3.
Traceback (most recent call last):
  File "/home/sumit/phronesis/mvp/run_openr1_sweep.py", line 403, in main
    r = generate(model, tokenizer, device, p["prompt"], cap)
  File "/home/sumit/phronesis/mvp/run_openr1_sweep.py", line 182, in generate
    text = tokenizer.apply_chat_template(
  File "/home/sumit/phronesis/mvp/.venv/lib/python3.10/site-packages/transformers/tokenization_utils_base.py", line 3086, in apply_chat_template
    rendered_chat, generation_indices = render_jinja_template(
  File "/home/sumit/phronesis/mvp/.venv/lib/python3.10/site-packages/transformers/utils/chat_template_utils.py", line 514, in render_jinja_template
    compiled_template = _compile_jinja_template(chat_template)
  File "/home/sumit/phronesis/mvp/.venv/lib/python3.10/site-packages/transformers/utils/chat_template_utils.py", line 421, in _compile_jinja_template
    return _cached_compile_jinja_template(chat_template)
  File "/home/sumit/phronesis/mvp/.venv/lib/python3.10/site-packages/transformers/utils/chat_template_utils.py", line 474, in _cached_compile_jinja_template
    raise ImportError(
ImportError: apply_chat_template requires jinja2>=3.1.0 to be installed. Your version is 3.0.3.

[2026-05-01 13:09:26]     [166/576] N1-simpsons-paradox: generating (cap=4096)...
[2026-05-01 13:09:26]       ERROR: apply_chat_template requires jinja2>=3.1.0 to be installed. Your version is 3.0.3.
Traceback (most recent call last):
  File "/home/sumit/phronesis/mvp/run_openr1_sweep.py", line 403, in main
    r = generate(model, tokenizer, device, p["prompt"], cap)
  File "/home/sumit/phronesis/mvp/run_openr1_sweep.py", line 182, in generate
    text = tokenizer.apply_chat_template(
  File "/home/sumit/phronesis/mvp/.venv/lib/python3.10/site-packages/transformers/tokenization_utils_base.py", line 3086, in apply_chat_template
    rendered_chat, generation_indices = render_jinja_template(
  File "/home/sumit/phronesis/mvp/.venv/lib/python3.10/site-packages/transformers/utils/chat_template_utils.py", line 514, in render_jinja_template
    compiled_template = _compile_jinja_template(chat_template)
  File "/home/sumit/phronesis/mvp/.venv/lib/python3.10/site-packages/transformers/utils/chat_template_utils.py", line 421, in _compile_jinja_template
    return _cached_compile_jinja_template(chat_template)
  File "/home/sumit/phronesis/mvp/.venv/lib/python3.10/site-packages/transformers/utils/chat_template_utils.py", line 474, in _cached_compile_jinja_template
    raise ImportError(
ImportError: apply_chat_template requires jinja2>=3.1.0 to be installed. Your version is 3.0.3.

[2026-05-01 13:09:26]     [167/576] N2-conjunction-fallacy: generating (cap=2048)...
[2026-05-01 13:09:26]       ERROR: apply_chat_template requires jinja2>=3.1.0 to be installed. Your version is 3.0.3.
Traceback (most recent call last):
  File "/home/sumit/phronesis/mvp/run_openr1_sweep.py", line 403, in main
    r = generate(model, tokenizer, device, p["prompt"], cap)
  File "/home/sumit/phronesis/mvp/run_openr1_sweep.py", line 182, in generate
    text = tokenizer.apply_chat_template(
  File "/home/sumit/phronesis/mvp/.venv/lib/python3.10/site-packages/transformers/tokenization_utils_base.py", line 3086, in apply_chat_template
    rendered_chat, generation_indices = render_jinja_template(
  File "/home/sumit/phronesis/mvp/.venv/lib/python3.10/site-packages/transformers/utils/chat_template_utils.py", line 514, in render_jinja_template
    compiled_template = _compile_jinja_template(chat_template)
  File "/home/sumit/phronesis/mvp/.venv/lib/python3.10/site-packages/transformers/utils/chat_template_utils.py", line 421, in _compile_jinja_template
    return _cached_compile_jinja_template(chat_template)
  File "/home/sumit/phronesis/mvp/.venv/lib/python3.10/site-packages/transformers/utils/chat_template_utils.py", line 474, in _cached_compile_jinja_template
    raise ImportError(
ImportError: apply_chat_template requires jinja2>=3.1.0 to be installed. Your version is 3.0.3.

[2026-05-01 13:09:26]     [168/576] N3-survivorship-bias: generating (cap=2048)...
[2026-05-01 13:09:26]       ERROR: apply_chat_template requires jinja2>=3.1.0 to be installed. Your version is 3.0.3.
Traceback (most recent call last):
  File "/home/sumit/phronesis/mvp/run_openr1_sweep.py", line 403, in main
    r = generate(model, tokenizer, device, p["prompt"], cap)
  File "/home/sumit/phronesis/mvp/run_openr1_sweep.py", line 182, in generate
    text = tokenizer.apply_chat_template(
  File "/home/sumit/phronesis/mvp/.venv/lib/python3.10/site-packages/transformers/tokenization_utils_base.py", line 3086, in apply_chat_template
    rendered_chat, generation_indices = render_jinja_template(
  File "/home/sumit/phronesis/mvp/.venv/lib/python3.10/site-packages/transformers/utils/chat_template_utils.py", line 514, in render_jinja_template
    compiled_template = _compile_jinja_template(chat_template)
  File "/home/sumit/phronesis/mvp/.venv/lib/python3.10/site-packages/transformers/utils/chat_template_utils.py", line 421, in _compile_jinja_template
    return _cached_compile_jinja_template(chat_template)
  File "/home/sumit/phronesis/mvp/.venv/lib/python3.10/site-packages/transformers/utils/chat_template_utils.py", line 474, in _cached_compile_jinja_template
    raise ImportError(
ImportError: apply_chat_template requires jinja2>=3.1.0 to be installed. Your version is 3.0.3.

[2026-05-01 13:09:26]   ─ α=+12.00 (a+12.00) ─
[2026-05-01 13:09:26]     [169/576] E1-confabulation: generating (cap=2048)...
[2026-05-01 13:09:26]       ERROR: apply_chat_template requires jinja2>=3.1.0 to be installed. Your version is 3.0.3.
Traceback (most recent call last):
  File "/home/sumit/phronesis/mvp/run_openr1_sweep.py", line 403, in main
    r = generate(model, tokenizer, device, p["prompt"], cap)
  File "/home/sumit/phronesis/mvp/run_openr1_sweep.py", line 182, in generate
    text = tokenizer.apply_chat_template(
  File "/home/sumit/phronesis/mvp/.venv/lib/python3.10/site-packages/transformers/tokenization_utils_base.py", line 3086, in apply_chat_template
    rendered_chat, generation_indices = render_jinja_template(
  File "/home/sumit/phronesis/mvp/.venv/lib/python3.10/site-packages/transformers/utils/chat_template_utils.py", line 514, in render_jinja_template
    compiled_template = _compile_jinja_template(chat_template)
  File "/home/sumit/phronesis/mvp/.venv/lib/python3.10/site-packages/transformers/utils/chat_template_utils.py", line 421, in _compile_jinja_template
    return _cached_compile_jinja_template(chat_template)
  File "/home/sumit/phronesis/mvp/.venv/lib/python3.10/site-packages/transformers/utils/chat_template_utils.py", line 474, in _cached_compile_jinja_template
    raise ImportError(
ImportError: apply_chat_template requires jinja2>=3.1.0 to be installed. Your version is 3.0.3.

[2026-05-01 13:09:26]     [170/576] E2-contested-science: generating (cap=2048)...
[2026-05-01 13:09:26]       ERROR: apply_chat_template requires jinja2>=3.1.0 to be installed. Your version is 3.0.3.
Traceback (most recent call last):
  File "/home/sumit/phronesis/mvp/run_openr1_sweep.py", line 403, in main
    r = generate(model, tokenizer, device, p["prompt"], cap)
  File "/home/sumit/phronesis/mvp/run_openr1_sweep.py", line 182, in generate
    text = tokenizer.apply_chat_template(
  File "/home/sumit/phronesis/mvp/.venv/lib/python3.10/site-packages/transformers/tokenization_utils_base.py", line 3086, in apply_chat_template
    rendered_chat, generation_indices = render_jinja_template(
  File "/home/sumit/phronesis/mvp/.venv/lib/python3.10/site-packages/transformers/utils/chat_template_utils.py", line 514, in render_jinja_template
    compiled_template = _compile_jinja_template(chat_template)
  File "/home/sumit/phronesis/mvp/.venv/lib/python3.10/site-packages/transformers/utils/chat_template_utils.py", line 421, in _compile_jinja_template
    return _cached_compile_jinja_template(chat_template)
  File "/home/sumit/phronesis/mvp/.venv/lib/python3.10/site-packages/transformers/utils/chat_template_utils.py", line 474, in _cached_compile_jinja_template
    raise ImportError(
ImportError: apply_chat_template requires jinja2>=3.1.0 to be installed. Your version is 3.0.3.

[2026-05-01 13:09:26]     [171/576] E3-bayesian-update: generating (cap=8192)...
[2026-05-01 13:09:26]       ERROR: apply_chat_template requires jinja2>=3.1.0 to be installed. Your version is 3.0.3.
Traceback (most recent call last):
  File "/home/sumit/phronesis/mvp/run_openr1_sweep.py", line 403, in main
    r = generate(model, tokenizer, device, p["prompt"], cap)
  File "/home/sumit/phronesis/mvp/run_openr1_sweep.py", line 182, in generate
    text = tokenizer.apply_chat_template(
  File "/home/sumit/phronesis/mvp/.venv/lib/python3.10/site-packages/transformers/tokenization_utils_base.py", line 3086, in apply_chat_template
    rendered_chat, generation_indices = render_jinja_template(
  File "/home/sumit/phronesis/mvp/.venv/lib/python3.10/site-packages/transformers/utils/chat_template_utils.py", line 514, in render_jinja_template
    compiled_template = _compile_jinja_template(chat_template)
  File "/home/sumit/phronesis/mvp/.venv/lib/python3.10/site-packages/transformers/utils/chat_template_utils.py", line 421, in _compile_jinja_template
    return _cached_compile_jinja_template(chat_template)
  File "/home/sumit/phronesis/mvp/.venv/lib/python3.10/site-packages/transformers/utils/chat_template_utils.py", line 474, in _cached_compile_jinja_template
    raise ImportError(
ImportError: apply_chat_template requires jinja2>=3.1.0 to be installed. Your version is 3.0.3.

[2026-05-01 13:09:26]     [172/576] E4-taxi-social: generating (cap=8192)...
[2026-05-01 13:09:26]       ERROR: apply_chat_template requires jinja2>=3.1.0 to be installed. Your version is 3.0.3.
Traceback (most recent call last):
  File "/home/sumit/phronesis/mvp/run_openr1_sweep.py", line 403, in main
    r = generate(model, tokenizer, device, p["prompt"], cap)
  File "/home/sumit/phronesis/mvp/run_openr1_sweep.py", line 182, in generate
    text = tokenizer.apply_chat_template(
  File "/home/sumit/phronesis/mvp/.venv/lib/python3.10/site-packages/transformers/tokenization_utils_base.py", line 3086, in apply_chat_template
    rendered_chat, generation_indices = render_jinja_template(
  File "/home/sumit/phronesis/mvp/.venv/lib/python3.10/site-packages/transformers/utils/chat_template_utils.py", line 514, in render_jinja_template
    compiled_template = _compile_jinja_template(chat_template)
  File "/home/sumit/phronesis/mvp/.venv/lib/python3.10/site-packages/transformers/utils/chat_template_utils.py", line 421, in _compile_jinja_template
    return _cached_compile_jinja_template(chat_template)
  File "/home/sumit/phronesis/mvp/.venv/lib/python3.10/site-packages/transformers/utils/chat_template_utils.py", line 474, in _cached_compile_jinja_template
    raise ImportError(
ImportError: apply_chat_template requires jinja2>=3.1.0 to be installed. Your version is 3.0.3.

[2026-05-01 13:09:26]     [173/576] E5-ecological-fallacy: generating (cap=2048)...
[2026-05-01 13:09:26]       ERROR: apply_chat_template requires jinja2>=3.1.0 to be installed. Your version is 3.0.3.
Traceback (most recent call last):
  File "/home/sumit/phronesis/mvp/run_openr1_sweep.py", line 403, in main
    r = generate(model, tokenizer, device, p["prompt"], cap)
  File "/home/sumit/phronesis/mvp/run_openr1_sweep.py", line 182, in generate
    text = tokenizer.apply_chat_template(
  File "/home/sumit/phronesis/mvp/.venv/lib/python3.10/site-packages/transformers/tokenization_utils_base.py", line 3086, in apply_chat_template
    rendered_chat, generation_indices = render_jinja_template(
  File "/home/sumit/phronesis/mvp/.venv/lib/python3.10/site-packages/transformers/utils/chat_template_utils.py", line 514, in render_jinja_template
    compiled_template = _compile_jinja_template(chat_template)
  File "/home/sumit/phronesis/mvp/.venv/lib/python3.10/site-packages/transformers/utils/chat_template_utils.py", line 421, in _compile_jinja_template
    return _cached_compile_jinja_template(chat_template)
  File "/home/sumit/phronesis/mvp/.venv/lib/python3.10/site-packages/transformers/utils/chat_template_utils.py", line 474, in _cached_compile_jinja_template
    raise ImportError(
ImportError: apply_chat_template requires jinja2>=3.1.0 to be installed. Your version is 3.0.3.

[2026-05-01 13:09:26]     [174/576] N1-simpsons-paradox: generating (cap=4096)...
[2026-05-01 13:09:26]       ERROR: apply_chat_template requires jinja2>=3.1.0 to be installed. Your version is 3.0.3.
Traceback (most recent call last):
  File "/home/sumit/phronesis/mvp/run_openr1_sweep.py", line 403, in main
    r = generate(model, tokenizer, device, p["prompt"], cap)
  File "/home/sumit/phronesis/mvp/run_openr1_sweep.py", line 182, in generate
    text = tokenizer.apply_chat_template(
  File "/home/sumit/phronesis/mvp/.venv/lib/python3.10/site-packages/transformers/tokenization_utils_base.py", line 3086, in apply_chat_template
    rendered_chat, generation_indices = render_jinja_template(
  File "/home/sumit/phronesis/mvp/.venv/lib/python3.10/site-packages/transformers/utils/chat_template_utils.py", line 514, in render_jinja_template
    compiled_template = _compile_jinja_template(chat_template)
  File "/home/sumit/phronesis/mvp/.venv/lib/python3.10/site-packages/transformers/utils/chat_template_utils.py", line 421, in _compile_jinja_template
    return _cached_compile_jinja_template(chat_template)
  File "/home/sumit/phronesis/mvp/.venv/lib/python3.10/site-packages/transformers/utils/chat_template_utils.py", line 474, in _cached_compile_jinja_template
    raise ImportError(
ImportError: apply_chat_template requires jinja2>=3.1.0 to be installed. Your version is 3.0.3.

[2026-05-01 13:09:26]     [175/576] N2-conjunction-fallacy: generating (cap=2048)...
[2026-05-01 13:09:26]       ERROR: apply_chat_template requires jinja2>=3.1.0 to be installed. Your version is 3.0.3.
Traceback (most recent call last):
  File "/home/sumit/phronesis/mvp/run_openr1_sweep.py", line 403, in main
    r = generate(model, tokenizer, device, p["prompt"], cap)
  File "/home/sumit/phronesis/mvp/run_openr1_sweep.py", line 182, in generate
    text = tokenizer.apply_chat_template(
  File "/home/sumit/phronesis/mvp/.venv/lib/python3.10/site-packages/transformers/tokenization_utils_base.py", line 3086, in apply_chat_template
    rendered_chat, generation_indices = render_jinja_template(
  File "/home/sumit/phronesis/mvp/.venv/lib/python3.10/site-packages/transformers/utils/chat_template_utils.py", line 514, in render_jinja_template
    compiled_template = _compile_jinja_template(chat_template)
  File "/home/sumit/phronesis/mvp/.venv/lib/python3.10/site-packages/transformers/utils/chat_template_utils.py", line 421, in _compile_jinja_template
    return _cached_compile_jinja_template(chat_template)
  File "/home/sumit/phronesis/mvp/.venv/lib/python3.10/site-packages/transformers/utils/chat_template_utils.py", line 474, in _cached_compile_jinja_template
    raise ImportError(
ImportError: apply_chat_template requires jinja2>=3.1.0 to be installed. Your version is 3.0.3.

[2026-05-01 13:09:26]     [176/576] N3-survivorship-bias: generating (cap=2048)...
[2026-05-01 13:09:26]       ERROR: apply_chat_template requires jinja2>=3.1.0 to be installed. Your version is 3.0.3.
Traceback (most recent call last):
  File "/home/sumit/phronesis/mvp/run_openr1_sweep.py", line 403, in main
    r = generate(model, tokenizer, device, p["prompt"], cap)
  File "/home/sumit/phronesis/mvp/run_openr1_sweep.py", line 182, in generate
    text = tokenizer.apply_chat_template(
  File "/home/sumit/phronesis/mvp/.venv/lib/python3.10/site-packages/transformers/tokenization_utils_base.py", line 3086, in apply_chat_template
    rendered_chat, generation_indices = render_jinja_template(
  File "/home/sumit/phronesis/mvp/.venv/lib/python3.10/site-packages/transformers/utils/chat_template_utils.py", line 514, in render_jinja_template
    compiled_template = _compile_jinja_template(chat_template)
  File "/home/sumit/phronesis/mvp/.venv/lib/python3.10/site-packages/transformers/utils/chat_template_utils.py", line 421, in _compile_jinja_template
    return _cached_compile_jinja_template(chat_template)
  File "/home/sumit/phronesis/mvp/.venv/lib/python3.10/site-packages/transformers/utils/chat_template_utils.py", line 474, in _cached_compile_jinja_template
    raise ImportError(
ImportError: apply_chat_template requires jinja2>=3.1.0 to be installed. Your version is 3.0.3.

[2026-05-01 13:09:26]   ─ α=+16.00 (a+16.00) ─
[2026-05-01 13:09:26]     [177/576] E1-confabulation: generating (cap=2048)...
[2026-05-01 13:09:26]       ERROR: apply_chat_template requires jinja2>=3.1.0 to be installed. Your version is 3.0.3.
Traceback (most recent call last):
  File "/home/sumit/phronesis/mvp/run_openr1_sweep.py", line 403, in main
    r = generate(model, tokenizer, device, p["prompt"], cap)
  File "/home/sumit/phronesis/mvp/run_openr1_sweep.py", line 182, in generate
    text = tokenizer.apply_chat_template(
  File "/home/sumit/phronesis/mvp/.venv/lib/python3.10/site-packages/transformers/tokenization_utils_base.py", line 3086, in apply_chat_template
    rendered_chat, generation_indices = render_jinja_template(
  File "/home/sumit/phronesis/mvp/.venv/lib/python3.10/site-packages/transformers/utils/chat_template_utils.py", line 514, in render_jinja_template
    compiled_template = _compile_jinja_template(chat_template)
  File "/home/sumit/phronesis/mvp/.venv/lib/python3.10/site-packages/transformers/utils/chat_template_utils.py", line 421, in _compile_jinja_template
    return _cached_compile_jinja_template(chat_template)
  File "/home/sumit/phronesis/mvp/.venv/lib/python3.10/site-packages/transformers/utils/chat_template_utils.py", line 474, in _cached_compile_jinja_template
    raise ImportError(
ImportError: apply_chat_template requires jinja2>=3.1.0 to be installed. Your version is 3.0.3.

[2026-05-01 13:09:26]     [178/576] E2-contested-science: generating (cap=2048)...
[2026-05-01 13:09:26]       ERROR: apply_chat_template requires jinja2>=3.1.0 to be installed. Your version is 3.0.3.
Traceback (most recent call last):
  File "/home/sumit/phronesis/mvp/run_openr1_sweep.py", line 403, in main
    r = generate(model, tokenizer, device, p["prompt"], cap)
  File "/home/sumit/phronesis/mvp/run_openr1_sweep.py", line 182, in generate
    text = tokenizer.apply_chat_template(
  File "/home/sumit/phronesis/mvp/.venv/lib/python3.10/site-packages/transformers/tokenization_utils_base.py", line 3086, in apply_chat_template
    rendered_chat, generation_indices = render_jinja_template(
  File "/home/sumit/phronesis/mvp/.venv/lib/python3.10/site-packages/transformers/utils/chat_template_utils.py", line 514, in render_jinja_template
    compiled_template = _compile_jinja_template(chat_template)
  File "/home/sumit/phronesis/mvp/.venv/lib/python3.10/site-packages/transformers/utils/chat_template_utils.py", line 421, in _compile_jinja_template
    return _cached_compile_jinja_template(chat_template)
  File "/home/sumit/phronesis/mvp/.venv/lib/python3.10/site-packages/transformers/utils/chat_template_utils.py", line 474, in _cached_compile_jinja_template
    raise ImportError(
ImportError: apply_chat_template requires jinja2>=3.1.0 to be installed. Your version is 3.0.3.

[2026-05-01 13:09:26]     [179/576] E3-bayesian-update: generating (cap=8192)...
[2026-05-01 13:09:26]       ERROR: apply_chat_template requires jinja2>=3.1.0 to be installed. Your version is 3.0.3.
Traceback (most recent call last):
  File "/home/sumit/phronesis/mvp/run_openr1_sweep.py", line 403, in main
    r = generate(model, tokenizer, device, p["prompt"], cap)
  File "/home/sumit/phronesis/mvp/run_openr1_sweep.py", line 182, in generate
    text = tokenizer.apply_chat_template(
  File "/home/sumit/phronesis/mvp/.venv/lib/python3.10/site-packages/transformers/tokenization_utils_base.py", line 3086, in apply_chat_template
    rendered_chat, generation_indices = render_jinja_template(
  File "/home/sumit/phronesis/mvp/.venv/lib/python3.10/site-packages/transformers/utils/chat_template_utils.py", line 514, in render_jinja_template
    compiled_template = _compile_jinja_template(chat_template)
  File "/home/sumit/phronesis/mvp/.venv/lib/python3.10/site-packages/transformers/utils/chat_template_utils.py", line 421, in _compile_jinja_template
    return _cached_compile_jinja_template(chat_template)
  File "/home/sumit/phronesis/mvp/.venv/lib/python3.10/site-packages/transformers/utils/chat_template_utils.py", line 474, in _cached_compile_jinja_template
    raise ImportError(
ImportError: apply_chat_template requires jinja2>=3.1.0 to be installed. Your version is 3.0.3.

[2026-05-01 13:09:26]     [180/576] E4-taxi-social: generating (cap=8192)...
[2026-05-01 13:09:26]       ERROR: apply_chat_template requires jinja2>=3.1.0 to be installed. Your version is 3.0.3.
Traceback (most recent call last):
  File "/home/sumit/phronesis/mvp/run_openr1_sweep.py", line 403, in main
    r = generate(model, tokenizer, device, p["prompt"], cap)
  File "/home/sumit/phronesis/mvp/run_openr1_sweep.py", line 182, in generate
    text = tokenizer.apply_chat_template(
  File "/home/sumit/phronesis/mvp/.venv/lib/python3.10/site-packages/transformers/tokenization_utils_base.py", line 3086, in apply_chat_template
    rendered_chat, generation_indices = render_jinja_template(
  File "/home/sumit/phronesis/mvp/.venv/lib/python3.10/site-packages/transformers/utils/chat_template_utils.py", line 514, in render_jinja_template
    compiled_template = _compile_jinja_template(chat_template)
  File "/home/sumit/phronesis/mvp/.venv/lib/python3.10/site-packages/transformers/utils/chat_template_utils.py", line 421, in _compile_jinja_template
    return _cached_compile_jinja_template(chat_template)
  File "/home/sumit/phronesis/mvp/.venv/lib/python3.10/site-packages/transformers/utils/chat_template_utils.py", line 474, in _cached_compile_jinja_template
    raise ImportError(
ImportError: apply_chat_template requires jinja2>=3.1.0 to be installed. Your version is 3.0.3.

[2026-05-01 13:09:26]     [181/576] E5-ecological-fallacy: generating (cap=2048)...
[2026-05-01 13:09:26]       ERROR: apply_chat_template requires jinja2>=3.1.0 to be installed. Your version is 3.0.3.
Traceback (most recent call last):
  File "/home/sumit/phronesis/mvp/run_openr1_sweep.py", line 403, in main
    r = generate(model, tokenizer, device, p["prompt"], cap)
  File "/home/sumit/phronesis/mvp/run_openr1_sweep.py", line 182, in generate
    text = tokenizer.apply_chat_template(
  File "/home/sumit/phronesis/mvp/.venv/lib/python3.10/site-packages/transformers/tokenization_utils_base.py", line 3086, in apply_chat_template
    rendered_chat, generation_indices = render_jinja_template(
  File "/home/sumit/phronesis/mvp/.venv/lib/python3.10/site-packages/transformers/utils/chat_template_utils.py", line 514, in render_jinja_template
    compiled_template = _compile_jinja_template(chat_template)
  File "/home/sumit/phronesis/mvp/.venv/lib/python3.10/site-packages/transformers/utils/chat_template_utils.py", line 421, in _compile_jinja_template
    return _cached_compile_jinja_template(chat_template)
  File "/home/sumit/phronesis/mvp/.venv/lib/python3.10/site-packages/transformers/utils/chat_template_utils.py", line 474, in _cached_compile_jinja_template
    raise ImportError(
ImportError: apply_chat_template requires jinja2>=3.1.0 to be installed. Your version is 3.0.3.

[2026-05-01 13:09:26]     [182/576] N1-simpsons-paradox: generating (cap=4096)...
[2026-05-01 13:09:26]       ERROR: apply_chat_template requires jinja2>=3.1.0 to be installed. Your version is 3.0.3.
Traceback (most recent call last):
  File "/home/sumit/phronesis/mvp/run_openr1_sweep.py", line 403, in main
    r = generate(model, tokenizer, device, p["prompt"], cap)
  File "/home/sumit/phronesis/mvp/run_openr1_sweep.py", line 182, in generate
    text = tokenizer.apply_chat_template(
  File "/home/sumit/phronesis/mvp/.venv/lib/python3.10/site-packages/transformers/tokenization_utils_base.py", line 3086, in apply_chat_template
    rendered_chat, generation_indices = render_jinja_template(
  File "/home/sumit/phronesis/mvp/.venv/lib/python3.10/site-packages/transformers/utils/chat_template_utils.py", line 514, in render_jinja_template
    compiled_template = _compile_jinja_template(chat_template)
  File "/home/sumit/phronesis/mvp/.venv/lib/python3.10/site-packages/transformers/utils/chat_template_utils.py", line 421, in _compile_jinja_template
    return _cached_compile_jinja_template(chat_template)
  File "/home/sumit/phronesis/mvp/.venv/lib/python3.10/site-packages/transformers/utils/chat_template_utils.py", line 474, in _cached_compile_jinja_template
    raise ImportError(
ImportError: apply_chat_template requires jinja2>=3.1.0 to be installed. Your version is 3.0.3.

[2026-05-01 13:09:26]     [183/576] N2-conjunction-fallacy: generating (cap=2048)...
[2026-05-01 13:09:26]       ERROR: apply_chat_template requires jinja2>=3.1.0 to be installed. Your version is 3.0.3.
Traceback (most recent call last):
  File "/home/sumit/phronesis/mvp/run_openr1_sweep.py", line 403, in main
    r = generate(model, tokenizer, device, p["prompt"], cap)
  File "/home/sumit/phronesis/mvp/run_openr1_sweep.py", line 182, in generate
    text = tokenizer.apply_chat_template(
  File "/home/sumit/phronesis/mvp/.venv/lib/python3.10/site-packages/transformers/tokenization_utils_base.py", line 3086, in apply_chat_template
    rendered_chat, generation_indices = render_jinja_template(
  File "/home/sumit/phronesis/mvp/.venv/lib/python3.10/site-packages/transformers/utils/chat_template_utils.py", line 514, in render_jinja_template
    compiled_template = _compile_jinja_template(chat_template)
  File "/home/sumit/phronesis/mvp/.venv/lib/python3.10/site-packages/transformers/utils/chat_template_utils.py", line 421, in _compile_jinja_template
    return _cached_compile_jinja_template(chat_template)
  File "/home/sumit/phronesis/mvp/.venv/lib/python3.10/site-packages/transformers/utils/chat_template_utils.py", line 474, in _cached_compile_jinja_template
    raise ImportError(
ImportError: apply_chat_template requires jinja2>=3.1.0 to be installed. Your version is 3.0.3.

[2026-05-01 13:09:26]     [184/576] N3-survivorship-bias: generating (cap=2048)...
[2026-05-01 13:09:26]       ERROR: apply_chat_template requires jinja2>=3.1.0 to be installed. Your version is 3.0.3.
Traceback (most recent call last):
  File "/home/sumit/phronesis/mvp/run_openr1_sweep.py", line 403, in main
    r = generate(model, tokenizer, device, p["prompt"], cap)
  File "/home/sumit/phronesis/mvp/run_openr1_sweep.py", line 182, in generate
    text = tokenizer.apply_chat_template(
  File "/home/sumit/phronesis/mvp/.venv/lib/python3.10/site-packages/transformers/tokenization_utils_base.py", line 3086, in apply_chat_template
    rendered_chat, generation_indices = render_jinja_template(
  File "/home/sumit/phronesis/mvp/.venv/lib/python3.10/site-packages/transformers/utils/chat_template_utils.py", line 514, in render_jinja_template
    compiled_template = _compile_jinja_template(chat_template)
  File "/home/sumit/phronesis/mvp/.venv/lib/python3.10/site-packages/transformers/utils/chat_template_utils.py", line 421, in _compile_jinja_template
    return _cached_compile_jinja_template(chat_template)
  File "/home/sumit/phronesis/mvp/.venv/lib/python3.10/site-packages/transformers/utils/chat_template_utils.py", line 474, in _cached_compile_jinja_template
    raise ImportError(
ImportError: apply_chat_template requires jinja2>=3.1.0 to be installed. Your version is 3.0.3.

[2026-05-01 13:09:26]   ─ α=+20.00 (a+20.00) ─
[2026-05-01 13:09:26]     [185/576] E1-confabulation: generating (cap=2048)...
[2026-05-01 13:09:26]       ERROR: apply_chat_template requires jinja2>=3.1.0 to be installed. Your version is 3.0.3.
Traceback (most recent call last):
  File "/home/sumit/phronesis/mvp/run_openr1_sweep.py", line 403, in main
    r = generate(model, tokenizer, device, p["prompt"], cap)
  File "/home/sumit/phronesis/mvp/run_openr1_sweep.py", line 182, in generate
    text = tokenizer.apply_chat_template(
  File "/home/sumit/phronesis/mvp/.venv/lib/python3.10/site-packages/transformers/tokenization_utils_base.py", line 3086, in apply_chat_template
    rendered_chat, generation_indices = render_jinja_template(
  File "/home/sumit/phronesis/mvp/.venv/lib/python3.10/site-packages/transformers/utils/chat_template_utils.py", line 514, in render_jinja_template
    compiled_template = _compile_jinja_template(chat_template)
  File "/home/sumit/phronesis/mvp/.venv/lib/python3.10/site-packages/transformers/utils/chat_template_utils.py", line 421, in _compile_jinja_template
    return _cached_compile_jinja_template(chat_template)
  File "/home/sumit/phronesis/mvp/.venv/lib/python3.10/site-packages/transformers/utils/chat_template_utils.py", line 474, in _cached_compile_jinja_template
    raise ImportError(
ImportError: apply_chat_template requires jinja2>=3.1.0 to be installed. Your version is 3.0.3.

[2026-05-01 13:09:26]     [186/576] E2-contested-science: generating (cap=2048)...
[2026-05-01 13:09:26]       ERROR: apply_chat_template requires jinja2>=3.1.0 to be installed. Your version is 3.0.3.
Traceback (most recent call last):
  File "/home/sumit/phronesis/mvp/run_openr1_sweep.py", line 403, in main
    r = generate(model, tokenizer, device, p["prompt"], cap)
  File "/home/sumit/phronesis/mvp/run_openr1_sweep.py", line 182, in generate
    text = tokenizer.apply_chat_template(
  File "/home/sumit/phronesis/mvp/.venv/lib/python3.10/site-packages/transformers/tokenization_utils_base.py", line 3086, in apply_chat_template
    rendered_chat, generation_indices = render_jinja_template(
  File "/home/sumit/phronesis/mvp/.venv/lib/python3.10/site-packages/transformers/utils/chat_template_utils.py", line 514, in render_jinja_template
    compiled_template = _compile_jinja_template(chat_template)
  File "/home/sumit/phronesis/mvp/.venv/lib/python3.10/site-packages/transformers/utils/chat_template_utils.py", line 421, in _compile_jinja_template
    return _cached_compile_jinja_template(chat_template)
  File "/home/sumit/phronesis/mvp/.venv/lib/python3.10/site-packages/transformers/utils/chat_template_utils.py", line 474, in _cached_compile_jinja_template
    raise ImportError(
ImportError: apply_chat_template requires jinja2>=3.1.0 to be installed. Your version is 3.0.3.

[2026-05-01 13:09:26]     [187/576] E3-bayesian-update: generating (cap=8192)...
[2026-05-01 13:09:26]       ERROR: apply_chat_template requires jinja2>=3.1.0 to be installed. Your version is 3.0.3.
Traceback (most recent call last):
  File "/home/sumit/phronesis/mvp/run_openr1_sweep.py", line 403, in main
    r = generate(model, tokenizer, device, p["prompt"], cap)
  File "/home/sumit/phronesis/mvp/run_openr1_sweep.py", line 182, in generate
    text = tokenizer.apply_chat_template(
  File "/home/sumit/phronesis/mvp/.venv/lib/python3.10/site-packages/transformers/tokenization_utils_base.py", line 3086, in apply_chat_template
    rendered_chat, generation_indices = render_jinja_template(
  File "/home/sumit/phronesis/mvp/.venv/lib/python3.10/site-packages/transformers/utils/chat_template_utils.py", line 514, in render_jinja_template
    compiled_template = _compile_jinja_template(chat_template)
  File "/home/sumit/phronesis/mvp/.venv/lib/python3.10/site-packages/transformers/utils/chat_template_utils.py", line 421, in _compile_jinja_template
    return _cached_compile_jinja_template(chat_template)
  File "/home/sumit/phronesis/mvp/.venv/lib/python3.10/site-packages/transformers/utils/chat_template_utils.py", line 474, in _cached_compile_jinja_template
    raise ImportError(
ImportError: apply_chat_template requires jinja2>=3.1.0 to be installed. Your version is 3.0.3.

[2026-05-01 13:09:26]     [188/576] E4-taxi-social: generating (cap=8192)...
[2026-05-01 13:09:26]       ERROR: apply_chat_template requires jinja2>=3.1.0 to be installed. Your version is 3.0.3.
Traceback (most recent call last):
  File "/home/sumit/phronesis/mvp/run_openr1_sweep.py", line 403, in main
    r = generate(model, tokenizer, device, p["prompt"], cap)
  File "/home/sumit/phronesis/mvp/run_openr1_sweep.py", line 182, in generate
    text = tokenizer.apply_chat_template(
  File "/home/sumit/phronesis/mvp/.venv/lib/python3.10/site-packages/transformers/tokenization_utils_base.py", line 3086, in apply_chat_template
    rendered_chat, generation_indices = render_jinja_template(
  File "/home/sumit/phronesis/mvp/.venv/lib/python3.10/site-packages/transformers/utils/chat_template_utils.py", line 514, in render_jinja_template
    compiled_template = _compile_jinja_template(chat_template)
  File "/home/sumit/phronesis/mvp/.venv/lib/python3.10/site-packages/transformers/utils/chat_template_utils.py", line 421, in _compile_jinja_template
    return _cached_compile_jinja_template(chat_template)
  File "/home/sumit/phronesis/mvp/.venv/lib/python3.10/site-packages/transformers/utils/chat_template_utils.py", line 474, in _cached_compile_jinja_template
    raise ImportError(
ImportError: apply_chat_template requires jinja2>=3.1.0 to be installed. Your version is 3.0.3.

[2026-05-01 13:09:26]     [189/576] E5-ecological-fallacy: generating (cap=2048)...
[2026-05-01 13:09:26]       ERROR: apply_chat_template requires jinja2>=3.1.0 to be installed. Your version is 3.0.3.
Traceback (most recent call last):
  File "/home/sumit/phronesis/mvp/run_openr1_sweep.py", line 403, in main
    r = generate(model, tokenizer, device, p["prompt"], cap)
  File "/home/sumit/phronesis/mvp/run_openr1_sweep.py", line 182, in generate
    text = tokenizer.apply_chat_template(
  File "/home/sumit/phronesis/mvp/.venv/lib/python3.10/site-packages/transformers/tokenization_utils_base.py", line 3086, in apply_chat_template
    rendered_chat, generation_indices = render_jinja_template(
  File "/home/sumit/phronesis/mvp/.venv/lib/python3.10/site-packages/transformers/utils/chat_template_utils.py", line 514, in render_jinja_template
    compiled_template = _compile_jinja_template(chat_template)
  File "/home/sumit/phronesis/mvp/.venv/lib/python3.10/site-packages/transformers/utils/chat_template_utils.py", line 421, in _compile_jinja_template
    return _cached_compile_jinja_template(chat_template)
  File "/home/sumit/phronesis/mvp/.venv/lib/python3.10/site-packages/transformers/utils/chat_template_utils.py", line 474, in _cached_compile_jinja_template
    raise ImportError(
ImportError: apply_chat_template requires jinja2>=3.1.0 to be installed. Your version is 3.0.3.

[2026-05-01 13:09:26]     [190/576] N1-simpsons-paradox: generating (cap=4096)...
[2026-05-01 13:09:26]       ERROR: apply_chat_template requires jinja2>=3.1.0 to be installed. Your version is 3.0.3.
Traceback (most recent call last):
  File "/home/sumit/phronesis/mvp/run_openr1_sweep.py", line 403, in main
    r = generate(model, tokenizer, device, p["prompt"], cap)
  File "/home/sumit/phronesis/mvp/run_openr1_sweep.py", line 182, in generate
    text = tokenizer.apply_chat_template(
  File "/home/sumit/phronesis/mvp/.venv/lib/python3.10/site-packages/transformers/tokenization_utils_base.py", line 3086, in apply_chat_template
    rendered_chat, generation_indices = render_jinja_template(
  File "/home/sumit/phronesis/mvp/.venv/lib/python3.10/site-packages/transformers/utils/chat_template_utils.py", line 514, in render_jinja_template
    compiled_template = _compile_jinja_template(chat_template)
  File "/home/sumit/phronesis/mvp/.venv/lib/python3.10/site-packages/transformers/utils/chat_template_utils.py", line 421, in _compile_jinja_template
    return _cached_compile_jinja_template(chat_template)
  File "/home/sumit/phronesis/mvp/.venv/lib/python3.10/site-packages/transformers/utils/chat_template_utils.py", line 474, in _cached_compile_jinja_template
    raise ImportError(
ImportError: apply_chat_template requires jinja2>=3.1.0 to be installed. Your version is 3.0.3.

[2026-05-01 13:09:26]     [191/576] N2-conjunction-fallacy: generating (cap=2048)...
[2026-05-01 13:09:26]       ERROR: apply_chat_template requires jinja2>=3.1.0 to be installed. Your version is 3.0.3.
Traceback (most recent call last):
  File "/home/sumit/phronesis/mvp/run_openr1_sweep.py", line 403, in main
    r = generate(model, tokenizer, device, p["prompt"], cap)
  File "/home/sumit/phronesis/mvp/run_openr1_sweep.py", line 182, in generate
    text = tokenizer.apply_chat_template(
  File "/home/sumit/phronesis/mvp/.venv/lib/python3.10/site-packages/transformers/tokenization_utils_base.py", line 3086, in apply_chat_template
    rendered_chat, generation_indices = render_jinja_template(
  File "/home/sumit/phronesis/mvp/.venv/lib/python3.10/site-packages/transformers/utils/chat_template_utils.py", line 514, in render_jinja_template
    compiled_template = _compile_jinja_template(chat_template)
  File "/home/sumit/phronesis/mvp/.venv/lib/python3.10/site-packages/transformers/utils/chat_template_utils.py", line 421, in _compile_jinja_template
    return _cached_compile_jinja_template(chat_template)
  File "/home/sumit/phronesis/mvp/.venv/lib/python3.10/site-packages/transformers/utils/chat_template_utils.py", line 474, in _cached_compile_jinja_template
    raise ImportError(
ImportError: apply_chat_template requires jinja2>=3.1.0 to be installed. Your version is 3.0.3.

[2026-05-01 13:09:26]     [192/576] N3-survivorship-bias: generating (cap=2048)...
[2026-05-01 13:09:26]       ERROR: apply_chat_template requires jinja2>=3.1.0 to be installed. Your version is 3.0.3.
Traceback (most recent call last):
  File "/home/sumit/phronesis/mvp/run_openr1_sweep.py", line 403, in main
    r = generate(model, tokenizer, device, p["prompt"], cap)
  File "/home/sumit/phronesis/mvp/run_openr1_sweep.py", line 182, in generate
    text = tokenizer.apply_chat_template(
  File "/home/sumit/phronesis/mvp/.venv/lib/python3.10/site-packages/transformers/tokenization_utils_base.py", line 3086, in apply_chat_template
    rendered_chat, generation_indices = render_jinja_template(
  File "/home/sumit/phronesis/mvp/.venv/lib/python3.10/site-packages/transformers/utils/chat_template_utils.py", line 514, in render_jinja_template
    compiled_template = _compile_jinja_template(chat_template)
  File "/home/sumit/phronesis/mvp/.venv/lib/python3.10/site-packages/transformers/utils/chat_template_utils.py", line 421, in _compile_jinja_template
    return _cached_compile_jinja_template(chat_template)
  File "/home/sumit/phronesis/mvp/.venv/lib/python3.10/site-packages/transformers/utils/chat_template_utils.py", line 474, in _cached_compile_jinja_template
    raise ImportError(
ImportError: apply_chat_template requires jinja2>=3.1.0 to be installed. Your version is 3.0.3.

[2026-05-01 13:09:26] ════════════════════════════════════════════════════════════════════════
[2026-05-01 13:09:26] VECTOR RT_L19 — corpus=triplets-reasoning-transparency  layer=L19  norm=30.10
[2026-05-01 13:09:26]   ─ α=-8.00 (a-08.00) ─
[2026-05-01 13:09:26]     [193/576] E1-confabulation: generating (cap=2048)...
[2026-05-01 13:09:26]       ERROR: apply_chat_template requires jinja2>=3.1.0 to be installed. Your version is 3.0.3.
Traceback (most recent call last):
  File "/home/sumit/phronesis/mvp/run_openr1_sweep.py", line 403, in main
    r = generate(model, tokenizer, device, p["prompt"], cap)
  File "/home/sumit/phronesis/mvp/run_openr1_sweep.py", line 182, in generate
    text = tokenizer.apply_chat_template(
  File "/home/sumit/phronesis/mvp/.venv/lib/python3.10/site-packages/transformers/tokenization_utils_base.py", line 3086, in apply_chat_template
    rendered_chat, generation_indices = render_jinja_template(
  File "/home/sumit/phronesis/mvp/.venv/lib/python3.10/site-packages/transformers/utils/chat_template_utils.py", line 514, in render_jinja_template
    compiled_template = _compile_jinja_template(chat_template)
  File "/home/sumit/phronesis/mvp/.venv/lib/python3.10/site-packages/transformers/utils/chat_template_utils.py", line 421, in _compile_jinja_template
    return _cached_compile_jinja_template(chat_template)
  File "/home/sumit/phronesis/mvp/.venv/lib/python3.10/site-packages/transformers/utils/chat_template_utils.py", line 474, in _cached_compile_jinja_template
    raise ImportError(
ImportError: apply_chat_template requires jinja2>=3.1.0 to be installed. Your version is 3.0.3.

[2026-05-01 13:09:26]     [194/576] E2-contested-science: generating (cap=2048)...
[2026-05-01 13:09:26]       ERROR: apply_chat_template requires jinja2>=3.1.0 to be installed. Your version is 3.0.3.
Traceback (most recent call last):
  File "/home/sumit/phronesis/mvp/run_openr1_sweep.py", line 403, in main
    r = generate(model, tokenizer, device, p["prompt"], cap)
  File "/home/sumit/phronesis/mvp/run_openr1_sweep.py", line 182, in generate
    text = tokenizer.apply_chat_template(
  File "/home/sumit/phronesis/mvp/.venv/lib/python3.10/site-packages/transformers/tokenization_utils_base.py", line 3086, in apply_chat_template
    rendered_chat, generation_indices = render_jinja_template(
  File "/home/sumit/phronesis/mvp/.venv/lib/python3.10/site-packages/transformers/utils/chat_template_utils.py", line 514, in render_jinja_template
    compiled_template = _compile_jinja_template(chat_template)
  File "/home/sumit/phronesis/mvp/.venv/lib/python3.10/site-packages/transformers/utils/chat_template_utils.py", line 421, in _compile_jinja_template
    return _cached_compile_jinja_template(chat_template)
  File "/home/sumit/phronesis/mvp/.venv/lib/python3.10/site-packages/transformers/utils/chat_template_utils.py", line 474, in _cached_compile_jinja_template
    raise ImportError(
ImportError: apply_chat_template requires jinja2>=3.1.0 to be installed. Your version is 3.0.3.

[2026-05-01 13:09:26]     [195/576] E3-bayesian-update: generating (cap=8192)...
[2026-05-01 13:09:26]       ERROR: apply_chat_template requires jinja2>=3.1.0 to be installed. Your version is 3.0.3.
Traceback (most recent call last):
  File "/home/sumit/phronesis/mvp/run_openr1_sweep.py", line 403, in main
    r = generate(model, tokenizer, device, p["prompt"], cap)
  File "/home/sumit/phronesis/mvp/run_openr1_sweep.py", line 182, in generate
    text = tokenizer.apply_chat_template(
  File "/home/sumit/phronesis/mvp/.venv/lib/python3.10/site-packages/transformers/tokenization_utils_base.py", line 3086, in apply_chat_template
    rendered_chat, generation_indices = render_jinja_template(
  File "/home/sumit/phronesis/mvp/.venv/lib/python3.10/site-packages/transformers/utils/chat_template_utils.py", line 514, in render_jinja_template
    compiled_template = _compile_jinja_template(chat_template)
  File "/home/sumit/phronesis/mvp/.venv/lib/python3.10/site-packages/transformers/utils/chat_template_utils.py", line 421, in _compile_jinja_template
    return _cached_compile_jinja_template(chat_template)
  File "/home/sumit/phronesis/mvp/.venv/lib/python3.10/site-packages/transformers/utils/chat_template_utils.py", line 474, in _cached_compile_jinja_template
    raise ImportError(
ImportError: apply_chat_template requires jinja2>=3.1.0 to be installed. Your version is 3.0.3.

[2026-05-01 13:09:26]     [196/576] E4-taxi-social: generating (cap=8192)...
[2026-05-01 13:09:26]       ERROR: apply_chat_template requires jinja2>=3.1.0 to be installed. Your version is 3.0.3.
Traceback (most recent call last):
  File "/home/sumit/phronesis/mvp/run_openr1_sweep.py", line 403, in main
    r = generate(model, tokenizer, device, p["prompt"], cap)
  File "/home/sumit/phronesis/mvp/run_openr1_sweep.py", line 182, in generate
    text = tokenizer.apply_chat_template(
  File "/home/sumit/phronesis/mvp/.venv/lib/python3.10/site-packages/transformers/tokenization_utils_base.py", line 3086, in apply_chat_template
    rendered_chat, generation_indices = render_jinja_template(
  File "/home/sumit/phronesis/mvp/.venv/lib/python3.10/site-packages/transformers/utils/chat_template_utils.py", line 514, in render_jinja_template
    compiled_template = _compile_jinja_template(chat_template)
  File "/home/sumit/phronesis/mvp/.venv/lib/python3.10/site-packages/transformers/utils/chat_template_utils.py", line 421, in _compile_jinja_template
    return _cached_compile_jinja_template(chat_template)
  File "/home/sumit/phronesis/mvp/.venv/lib/python3.10/site-packages/transformers/utils/chat_template_utils.py", line 474, in _cached_compile_jinja_template
    raise ImportError(
ImportError: apply_chat_template requires jinja2>=3.1.0 to be installed. Your version is 3.0.3.

[2026-05-01 13:09:26]     [197/576] E5-ecological-fallacy: generating (cap=2048)...
[2026-05-01 13:09:26]       ERROR: apply_chat_template requires jinja2>=3.1.0 to be installed. Your version is 3.0.3.
Traceback (most recent call last):
  File "/home/sumit/phronesis/mvp/run_openr1_sweep.py", line 403, in main
    r = generate(model, tokenizer, device, p["prompt"], cap)
  File "/home/sumit/phronesis/mvp/run_openr1_sweep.py", line 182, in generate
    text = tokenizer.apply_chat_template(
  File "/home/sumit/phronesis/mvp/.venv/lib/python3.10/site-packages/transformers/tokenization_utils_base.py", line 3086, in apply_chat_template
    rendered_chat, generation_indices = render_jinja_template(
  File "/home/sumit/phronesis/mvp/.venv/lib/python3.10/site-packages/transformers/utils/chat_template_utils.py", line 514, in render_jinja_template
    compiled_template = _compile_jinja_template(chat_template)
  File "/home/sumit/phronesis/mvp/.venv/lib/python3.10/site-packages/transformers/utils/chat_template_utils.py", line 421, in _compile_jinja_template
    return _cached_compile_jinja_template(chat_template)
  File "/home/sumit/phronesis/mvp/.venv/lib/python3.10/site-packages/transformers/utils/chat_template_utils.py", line 474, in _cached_compile_jinja_template
    raise ImportError(
ImportError: apply_chat_template requires jinja2>=3.1.0 to be installed. Your version is 3.0.3.

[2026-05-01 13:09:26]     [198/576] N1-simpsons-paradox: generating (cap=4096)...
[2026-05-01 13:09:26]       ERROR: apply_chat_template requires jinja2>=3.1.0 to be installed. Your version is 3.0.3.
Traceback (most recent call last):
  File "/home/sumit/phronesis/mvp/run_openr1_sweep.py", line 403, in main
    r = generate(model, tokenizer, device, p["prompt"], cap)
  File "/home/sumit/phronesis/mvp/run_openr1_sweep.py", line 182, in generate
    text = tokenizer.apply_chat_template(
  File "/home/sumit/phronesis/mvp/.venv/lib/python3.10/site-packages/transformers/tokenization_utils_base.py", line 3086, in apply_chat_template
    rendered_chat, generation_indices = render_jinja_template(
  File "/home/sumit/phronesis/mvp/.venv/lib/python3.10/site-packages/transformers/utils/chat_template_utils.py", line 514, in render_jinja_template
    compiled_template = _compile_jinja_template(chat_template)
  File "/home/sumit/phronesis/mvp/.venv/lib/python3.10/site-packages/transformers/utils/chat_template_utils.py", line 421, in _compile_jinja_template
    return _cached_compile_jinja_template(chat_template)
  File "/home/sumit/phronesis/mvp/.venv/lib/python3.10/site-packages/transformers/utils/chat_template_utils.py", line 474, in _cached_compile_jinja_template
    raise ImportError(
ImportError: apply_chat_template requires jinja2>=3.1.0 to be installed. Your version is 3.0.3.

[2026-05-01 13:09:26]     [199/576] N2-conjunction-fallacy: generating (cap=2048)...
[2026-05-01 13:09:26]       ERROR: apply_chat_template requires jinja2>=3.1.0 to be installed. Your version is 3.0.3.
Traceback (most recent call last):
  File "/home/sumit/phronesis/mvp/run_openr1_sweep.py", line 403, in main
    r = generate(model, tokenizer, device, p["prompt"], cap)
  File "/home/sumit/phronesis/mvp/run_openr1_sweep.py", line 182, in generate
    text = tokenizer.apply_chat_template(
  File "/home/sumit/phronesis/mvp/.venv/lib/python3.10/site-packages/transformers/tokenization_utils_base.py", line 3086, in apply_chat_template
    rendered_chat, generation_indices = render_jinja_template(
  File "/home/sumit/phronesis/mvp/.venv/lib/python3.10/site-packages/transformers/utils/chat_template_utils.py", line 514, in render_jinja_template
    compiled_template = _compile_jinja_template(chat_template)
  File "/home/sumit/phronesis/mvp/.venv/lib/python3.10/site-packages/transformers/utils/chat_template_utils.py", line 421, in _compile_jinja_template
    return _cached_compile_jinja_template(chat_template)
  File "/home/sumit/phronesis/mvp/.venv/lib/python3.10/site-packages/transformers/utils/chat_template_utils.py", line 474, in _cached_compile_jinja_template
    raise ImportError(
ImportError: apply_chat_template requires jinja2>=3.1.0 to be installed. Your version is 3.0.3.

[2026-05-01 13:09:26]     [200/576] N3-survivorship-bias: generating (cap=2048)...
[2026-05-01 13:09:26]       ERROR: apply_chat_template requires jinja2>=3.1.0 to be installed. Your version is 3.0.3.
Traceback (most recent call last):
  File "/home/sumit/phronesis/mvp/run_openr1_sweep.py", line 403, in main
    r = generate(model, tokenizer, device, p["prompt"], cap)
  File "/home/sumit/phronesis/mvp/run_openr1_sweep.py", line 182, in generate
    text = tokenizer.apply_chat_template(
  File "/home/sumit/phronesis/mvp/.venv/lib/python3.10/site-packages/transformers/tokenization_utils_base.py", line 3086, in apply_chat_template
    rendered_chat, generation_indices = render_jinja_template(
  File "/home/sumit/phronesis/mvp/.venv/lib/python3.10/site-packages/transformers/utils/chat_template_utils.py", line 514, in render_jinja_template
    compiled_template = _compile_jinja_template(chat_template)
  File "/home/sumit/phronesis/mvp/.venv/lib/python3.10/site-packages/transformers/utils/chat_template_utils.py", line 421, in _compile_jinja_template
    return _cached_compile_jinja_template(chat_template)
  File "/home/sumit/phronesis/mvp/.venv/lib/python3.10/site-packages/transformers/utils/chat_template_utils.py", line 474, in _cached_compile_jinja_template
    raise ImportError(
ImportError: apply_chat_template requires jinja2>=3.1.0 to be installed. Your version is 3.0.3.

[2026-05-01 13:09:26]   ─ α=-4.00 (a-04.00) ─
[2026-05-01 13:09:26]     [201/576] E1-confabulation: generating (cap=2048)...
[2026-05-01 13:09:26]       ERROR: apply_chat_template requires jinja2>=3.1.0 to be installed. Your version is 3.0.3.
Traceback (most recent call last):
  File "/home/sumit/phronesis/mvp/run_openr1_sweep.py", line 403, in main
    r = generate(model, tokenizer, device, p["prompt"], cap)
  File "/home/sumit/phronesis/mvp/run_openr1_sweep.py", line 182, in generate
    text = tokenizer.apply_chat_template(
  File "/home/sumit/phronesis/mvp/.venv/lib/python3.10/site-packages/transformers/tokenization_utils_base.py", line 3086, in apply_chat_template
    rendered_chat, generation_indices = render_jinja_template(
  File "/home/sumit/phronesis/mvp/.venv/lib/python3.10/site-packages/transformers/utils/chat_template_utils.py", line 514, in render_jinja_template
    compiled_template = _compile_jinja_template(chat_template)
  File "/home/sumit/phronesis/mvp/.venv/lib/python3.10/site-packages/transformers/utils/chat_template_utils.py", line 421, in _compile_jinja_template
    return _cached_compile_jinja_template(chat_template)
  File "/home/sumit/phronesis/mvp/.venv/lib/python3.10/site-packages/transformers/utils/chat_template_utils.py", line 474, in _cached_compile_jinja_template
    raise ImportError(
ImportError: apply_chat_template requires jinja2>=3.1.0 to be installed. Your version is 3.0.3.

[2026-05-01 13:09:26]     [202/576] E2-contested-science: generating (cap=2048)...
[2026-05-01 13:09:26]       ERROR: apply_chat_template requires jinja2>=3.1.0 to be installed. Your version is 3.0.3.
Traceback (most recent call last):
  File "/home/sumit/phronesis/mvp/run_openr1_sweep.py", line 403, in main
    r = generate(model, tokenizer, device, p["prompt"], cap)
  File "/home/sumit/phronesis/mvp/run_openr1_sweep.py", line 182, in generate
    text = tokenizer.apply_chat_template(
  File "/home/sumit/phronesis/mvp/.venv/lib/python3.10/site-packages/transformers/tokenization_utils_base.py", line 3086, in apply_chat_template
    rendered_chat, generation_indices = render_jinja_template(
  File "/home/sumit/phronesis/mvp/.venv/lib/python3.10/site-packages/transformers/utils/chat_template_utils.py", line 514, in render_jinja_template
    compiled_template = _compile_jinja_template(chat_template)
  File "/home/sumit/phronesis/mvp/.venv/lib/python3.10/site-packages/transformers/utils/chat_template_utils.py", line 421, in _compile_jinja_template
    return _cached_compile_jinja_template(chat_template)
  File "/home/sumit/phronesis/mvp/.venv/lib/python3.10/site-packages/transformers/utils/chat_template_utils.py", line 474, in _cached_compile_jinja_template
    raise ImportError(
ImportError: apply_chat_template requires jinja2>=3.1.0 to be installed. Your version is 3.0.3.

[2026-05-01 13:09:26]     [203/576] E3-bayesian-update: generating (cap=8192)...
[2026-05-01 13:09:26]       ERROR: apply_chat_template requires jinja2>=3.1.0 to be installed. Your version is 3.0.3.
Traceback (most recent call last):
  File "/home/sumit/phronesis/mvp/run_openr1_sweep.py", line 403, in main
    r = generate(model, tokenizer, device, p["prompt"], cap)
  File "/home/sumit/phronesis/mvp/run_openr1_sweep.py", line 182, in generate
    text = tokenizer.apply_chat_template(
  File "/home/sumit/phronesis/mvp/.venv/lib/python3.10/site-packages/transformers/tokenization_utils_base.py", line 3086, in apply_chat_template
    rendered_chat, generation_indices = render_jinja_template(
  File "/home/sumit/phronesis/mvp/.venv/lib/python3.10/site-packages/transformers/utils/chat_template_utils.py", line 514, in render_jinja_template
    compiled_template = _compile_jinja_template(chat_template)
  File "/home/sumit/phronesis/mvp/.venv/lib/python3.10/site-packages/transformers/utils/chat_template_utils.py", line 421, in _compile_jinja_template
    return _cached_compile_jinja_template(chat_template)
  File "/home/sumit/phronesis/mvp/.venv/lib/python3.10/site-packages/transformers/utils/chat_template_utils.py", line 474, in _cached_compile_jinja_template
    raise ImportError(
ImportError: apply_chat_template requires jinja2>=3.1.0 to be installed. Your version is 3.0.3.

[2026-05-01 13:09:26]     [204/576] E4-taxi-social: generating (cap=8192)...
[2026-05-01 13:09:26]       ERROR: apply_chat_template requires jinja2>=3.1.0 to be installed. Your version is 3.0.3.
Traceback (most recent call last):
  File "/home/sumit/phronesis/mvp/run_openr1_sweep.py", line 403, in main
    r = generate(model, tokenizer, device, p["prompt"], cap)
  File "/home/sumit/phronesis/mvp/run_openr1_sweep.py", line 182, in generate
    text = tokenizer.apply_chat_template(
  File "/home/sumit/phronesis/mvp/.venv/lib/python3.10/site-packages/transformers/tokenization_utils_base.py", line 3086, in apply_chat_template
    rendered_chat, generation_indices = render_jinja_template(
  File "/home/sumit/phronesis/mvp/.venv/lib/python3.10/site-packages/transformers/utils/chat_template_utils.py", line 514, in render_jinja_template
    compiled_template = _compile_jinja_template(chat_template)
  File "/home/sumit/phronesis/mvp/.venv/lib/python3.10/site-packages/transformers/utils/chat_template_utils.py", line 421, in _compile_jinja_template
    return _cached_compile_jinja_template(chat_template)
  File "/home/sumit/phronesis/mvp/.venv/lib/python3.10/site-packages/transformers/utils/chat_template_utils.py", line 474, in _cached_compile_jinja_template
    raise ImportError(
ImportError: apply_chat_template requires jinja2>=3.1.0 to be installed. Your version is 3.0.3.

[2026-05-01 13:09:26]     [205/576] E5-ecological-fallacy: generating (cap=2048)...
[2026-05-01 13:09:26]       ERROR: apply_chat_template requires jinja2>=3.1.0 to be installed. Your version is 3.0.3.
Traceback (most recent call last):
  File "/home/sumit/phronesis/mvp/run_openr1_sweep.py", line 403, in main
    r = generate(model, tokenizer, device, p["prompt"], cap)
  File "/home/sumit/phronesis/mvp/run_openr1_sweep.py", line 182, in generate
    text = tokenizer.apply_chat_template(
  File "/home/sumit/phronesis/mvp/.venv/lib/python3.10/site-packages/transformers/tokenization_utils_base.py", line 3086, in apply_chat_template
    rendered_chat, generation_indices = render_jinja_template(
  File "/home/sumit/phronesis/mvp/.venv/lib/python3.10/site-packages/transformers/utils/chat_template_utils.py", line 514, in render_jinja_template
    compiled_template = _compile_jinja_template(chat_template)
  File "/home/sumit/phronesis/mvp/.venv/lib/python3.10/site-packages/transformers/utils/chat_template_utils.py", line 421, in _compile_jinja_template
    return _cached_compile_jinja_template(chat_template)
  File "/home/sumit/phronesis/mvp/.venv/lib/python3.10/site-packages/transformers/utils/chat_template_utils.py", line 474, in _cached_compile_jinja_template
    raise ImportError(
ImportError: apply_chat_template requires jinja2>=3.1.0 to be installed. Your version is 3.0.3.

[2026-05-01 13:09:26]     [206/576] N1-simpsons-paradox: generating (cap=4096)...
[2026-05-01 13:09:26]       ERROR: apply_chat_template requires jinja2>=3.1.0 to be installed. Your version is 3.0.3.
Traceback (most recent call last):
  File "/home/sumit/phronesis/mvp/run_openr1_sweep.py", line 403, in main
    r = generate(model, tokenizer, device, p["prompt"], cap)
  File "/home/sumit/phronesis/mvp/run_openr1_sweep.py", line 182, in generate
    text = tokenizer.apply_chat_template(
  File "/home/sumit/phronesis/mvp/.venv/lib/python3.10/site-packages/transformers/tokenization_utils_base.py", line 3086, in apply_chat_template
    rendered_chat, generation_indices = render_jinja_template(
  File "/home/sumit/phronesis/mvp/.venv/lib/python3.10/site-packages/transformers/utils/chat_template_utils.py", line 514, in render_jinja_template
    compiled_template = _compile_jinja_template(chat_template)
  File "/home/sumit/phronesis/mvp/.venv/lib/python3.10/site-packages/transformers/utils/chat_template_utils.py", line 421, in _compile_jinja_template
    return _cached_compile_jinja_template(chat_template)
  File "/home/sumit/phronesis/mvp/.venv/lib/python3.10/site-packages/transformers/utils/chat_template_utils.py", line 474, in _cached_compile_jinja_template
    raise ImportError(
ImportError: apply_chat_template requires jinja2>=3.1.0 to be installed. Your version is 3.0.3.

[2026-05-01 13:09:26]     [207/576] N2-conjunction-fallacy: generating (cap=2048)...
[2026-05-01 13:09:26]       ERROR: apply_chat_template requires jinja2>=3.1.0 to be installed. Your version is 3.0.3.
Traceback (most recent call last):
  File "/home/sumit/phronesis/mvp/run_openr1_sweep.py", line 403, in main
    r = generate(model, tokenizer, device, p["prompt"], cap)
  File "/home/sumit/phronesis/mvp/run_openr1_sweep.py", line 182, in generate
    text = tokenizer.apply_chat_template(
  File "/home/sumit/phronesis/mvp/.venv/lib/python3.10/site-packages/transformers/tokenization_utils_base.py", line 3086, in apply_chat_template
    rendered_chat, generation_indices = render_jinja_template(
  File "/home/sumit/phronesis/mvp/.venv/lib/python3.10/site-packages/transformers/utils/chat_template_utils.py", line 514, in render_jinja_template
    compiled_template = _compile_jinja_template(chat_template)
  File "/home/sumit/phronesis/mvp/.venv/lib/python3.10/site-packages/transformers/utils/chat_template_utils.py", line 421, in _compile_jinja_template
    return _cached_compile_jinja_template(chat_template)
  File "/home/sumit/phronesis/mvp/.venv/lib/python3.10/site-packages/transformers/utils/chat_template_utils.py", line 474, in _cached_compile_jinja_template
    raise ImportError(
ImportError: apply_chat_template requires jinja2>=3.1.0 to be installed. Your version is 3.0.3.

[2026-05-01 13:09:26]     [208/576] N3-survivorship-bias: generating (cap=2048)...
[2026-05-01 13:09:26]       ERROR: apply_chat_template requires jinja2>=3.1.0 to be installed. Your version is 3.0.3.
Traceback (most recent call last):
  File "/home/sumit/phronesis/mvp/run_openr1_sweep.py", line 403, in main
    r = generate(model, tokenizer, device, p["prompt"], cap)
  File "/home/sumit/phronesis/mvp/run_openr1_sweep.py", line 182, in generate
    text = tokenizer.apply_chat_template(
  File "/home/sumit/phronesis/mvp/.venv/lib/python3.10/site-packages/transformers/tokenization_utils_base.py", line 3086, in apply_chat_template
    rendered_chat, generation_indices = render_jinja_template(
  File "/home/sumit/phronesis/mvp/.venv/lib/python3.10/site-packages/transformers/utils/chat_template_utils.py", line 514, in render_jinja_template
    compiled_template = _compile_jinja_template(chat_template)
  File "/home/sumit/phronesis/mvp/.venv/lib/python3.10/site-packages/transformers/utils/chat_template_utils.py", line 421, in _compile_jinja_template
    return _cached_compile_jinja_template(chat_template)
  File "/home/sumit/phronesis/mvp/.venv/lib/python3.10/site-packages/transformers/utils/chat_template_utils.py", line 474, in _cached_compile_jinja_template
    raise ImportError(
ImportError: apply_chat_template requires jinja2>=3.1.0 to be installed. Your version is 3.0.3.

[2026-05-01 13:09:26]   ─ α=-2.00 (a-02.00) ─
[2026-05-01 13:09:26]     [209/576] E1-confabulation: generating (cap=2048)...
[2026-05-01 13:09:26]       ERROR: apply_chat_template requires jinja2>=3.1.0 to be installed. Your version is 3.0.3.
Traceback (most recent call last):
  File "/home/sumit/phronesis/mvp/run_openr1_sweep.py", line 403, in main
    r = generate(model, tokenizer, device, p["prompt"], cap)
  File "/home/sumit/phronesis/mvp/run_openr1_sweep.py", line 182, in generate
    text = tokenizer.apply_chat_template(
  File "/home/sumit/phronesis/mvp/.venv/lib/python3.10/site-packages/transformers/tokenization_utils_base.py", line 3086, in apply_chat_template
    rendered_chat, generation_indices = render_jinja_template(
  File "/home/sumit/phronesis/mvp/.venv/lib/python3.10/site-packages/transformers/utils/chat_template_utils.py", line 514, in render_jinja_template
    compiled_template = _compile_jinja_template(chat_template)
  File "/home/sumit/phronesis/mvp/.venv/lib/python3.10/site-packages/transformers/utils/chat_template_utils.py", line 421, in _compile_jinja_template
    return _cached_compile_jinja_template(chat_template)
  File "/home/sumit/phronesis/mvp/.venv/lib/python3.10/site-packages/transformers/utils/chat_template_utils.py", line 474, in _cached_compile_jinja_template
    raise ImportError(
ImportError: apply_chat_template requires jinja2>=3.1.0 to be installed. Your version is 3.0.3.

[2026-05-01 13:09:26]     [210/576] E2-contested-science: generating (cap=2048)...
[2026-05-01 13:09:26]       ERROR: apply_chat_template requires jinja2>=3.1.0 to be installed. Your version is 3.0.3.
Traceback (most recent call last):
  File "/home/sumit/phronesis/mvp/run_openr1_sweep.py", line 403, in main
    r = generate(model, tokenizer, device, p["prompt"], cap)
  File "/home/sumit/phronesis/mvp/run_openr1_sweep.py", line 182, in generate
    text = tokenizer.apply_chat_template(
  File "/home/sumit/phronesis/mvp/.venv/lib/python3.10/site-packages/transformers/tokenization_utils_base.py", line 3086, in apply_chat_template
    rendered_chat, generation_indices = render_jinja_template(
  File "/home/sumit/phronesis/mvp/.venv/lib/python3.10/site-packages/transformers/utils/chat_template_utils.py", line 514, in render_jinja_template
    compiled_template = _compile_jinja_template(chat_template)
  File "/home/sumit/phronesis/mvp/.venv/lib/python3.10/site-packages/transformers/utils/chat_template_utils.py", line 421, in _compile_jinja_template
    return _cached_compile_jinja_template(chat_template)
  File "/home/sumit/phronesis/mvp/.venv/lib/python3.10/site-packages/transformers/utils/chat_template_utils.py", line 474, in _cached_compile_jinja_template
    raise ImportError(
ImportError: apply_chat_template requires jinja2>=3.1.0 to be installed. Your version is 3.0.3.

[2026-05-01 13:09:26]     [211/576] E3-bayesian-update: generating (cap=8192)...
[2026-05-01 13:09:26]       ERROR: apply_chat_template requires jinja2>=3.1.0 to be installed. Your version is 3.0.3.
Traceback (most recent call last):
  File "/home/sumit/phronesis/mvp/run_openr1_sweep.py", line 403, in main
    r = generate(model, tokenizer, device, p["prompt"], cap)
  File "/home/sumit/phronesis/mvp/run_openr1_sweep.py", line 182, in generate
    text = tokenizer.apply_chat_template(
  File "/home/sumit/phronesis/mvp/.venv/lib/python3.10/site-packages/transformers/tokenization_utils_base.py", line 3086, in apply_chat_template
    rendered_chat, generation_indices = render_jinja_template(
  File "/home/sumit/phronesis/mvp/.venv/lib/python3.10/site-packages/transformers/utils/chat_template_utils.py", line 514, in render_jinja_template
    compiled_template = _compile_jinja_template(chat_template)
  File "/home/sumit/phronesis/mvp/.venv/lib/python3.10/site-packages/transformers/utils/chat_template_utils.py", line 421, in _compile_jinja_template
    return _cached_compile_jinja_template(chat_template)
  File "/home/sumit/phronesis/mvp/.venv/lib/python3.10/site-packages/transformers/utils/chat_template_utils.py", line 474, in _cached_compile_jinja_template
    raise ImportError(
ImportError: apply_chat_template requires jinja2>=3.1.0 to be installed. Your version is 3.0.3.

[2026-05-01 13:09:26]     [212/576] E4-taxi-social: generating (cap=8192)...
[2026-05-01 13:09:26]       ERROR: apply_chat_template requires jinja2>=3.1.0 to be installed. Your version is 3.0.3.
Traceback (most recent call last):
  File "/home/sumit/phronesis/mvp/run_openr1_sweep.py", line 403, in main
    r = generate(model, tokenizer, device, p["prompt"], cap)
  File "/home/sumit/phronesis/mvp/run_openr1_sweep.py", line 182, in generate
    text = tokenizer.apply_chat_template(
  File "/home/sumit/phronesis/mvp/.venv/lib/python3.10/site-packages/transformers/tokenization_utils_base.py", line 3086, in apply_chat_template
    rendered_chat, generation_indices = render_jinja_template(
  File "/home/sumit/phronesis/mvp/.venv/lib/python3.10/site-packages/transformers/utils/chat_template_utils.py", line 514, in render_jinja_template
    compiled_template = _compile_jinja_template(chat_template)
  File "/home/sumit/phronesis/mvp/.venv/lib/python3.10/site-packages/transformers/utils/chat_template_utils.py", line 421, in _compile_jinja_template
    return _cached_compile_jinja_template(chat_template)
  File "/home/sumit/phronesis/mvp/.venv/lib/python3.10/site-packages/transformers/utils/chat_template_utils.py", line 474, in _cached_compile_jinja_template
    raise ImportError(
ImportError: apply_chat_template requires jinja2>=3.1.0 to be installed. Your version is 3.0.3.

[2026-05-01 13:09:26]     [213/576] E5-ecological-fallacy: generating (cap=2048)...
[2026-05-01 13:09:26]       ERROR: apply_chat_template requires jinja2>=3.1.0 to be installed. Your version is 3.0.3.
Traceback (most recent call last):
  File "/home/sumit/phronesis/mvp/run_openr1_sweep.py", line 403, in main
    r = generate(model, tokenizer, device, p["prompt"], cap)
  File "/home/sumit/phronesis/mvp/run_openr1_sweep.py", line 182, in generate
    text = tokenizer.apply_chat_template(
  File "/home/sumit/phronesis/mvp/.venv/lib/python3.10/site-packages/transformers/tokenization_utils_base.py", line 3086, in apply_chat_template
    rendered_chat, generation_indices = render_jinja_template(
  File "/home/sumit/phronesis/mvp/.venv/lib/python3.10/site-packages/transformers/utils/chat_template_utils.py", line 514, in render_jinja_template
    compiled_template = _compile_jinja_template(chat_template)
  File "/home/sumit/phronesis/mvp/.venv/lib/python3.10/site-packages/transformers/utils/chat_template_utils.py", line 421, in _compile_jinja_template
    return _cached_compile_jinja_template(chat_template)
  File "/home/sumit/phronesis/mvp/.venv/lib/python3.10/site-packages/transformers/utils/chat_template_utils.py", line 474, in _cached_compile_jinja_template
    raise ImportError(
ImportError: apply_chat_template requires jinja2>=3.1.0 to be installed. Your version is 3.0.3.

[2026-05-01 13:09:26]     [214/576] N1-simpsons-paradox: generating (cap=4096)...
[2026-05-01 13:09:26]       ERROR: apply_chat_template requires jinja2>=3.1.0 to be installed. Your version is 3.0.3.
Traceback (most recent call last):
  File "/home/sumit/phronesis/mvp/run_openr1_sweep.py", line 403, in main
    r = generate(model, tokenizer, device, p["prompt"], cap)
  File "/home/sumit/phronesis/mvp/run_openr1_sweep.py", line 182, in generate
    text = tokenizer.apply_chat_template(
  File "/home/sumit/phronesis/mvp/.venv/lib/python3.10/site-packages/transformers/tokenization_utils_base.py", line 3086, in apply_chat_template
    rendered_chat, generation_indices = render_jinja_template(
  File "/home/sumit/phronesis/mvp/.venv/lib/python3.10/site-packages/transformers/utils/chat_template_utils.py", line 514, in render_jinja_template
    compiled_template = _compile_jinja_template(chat_template)
  File "/home/sumit/phronesis/mvp/.venv/lib/python3.10/site-packages/transformers/utils/chat_template_utils.py", line 421, in _compile_jinja_template
    return _cached_compile_jinja_template(chat_template)
  File "/home/sumit/phronesis/mvp/.venv/lib/python3.10/site-packages/transformers/utils/chat_template_utils.py", line 474, in _cached_compile_jinja_template
    raise ImportError(
ImportError: apply_chat_template requires jinja2>=3.1.0 to be installed. Your version is 3.0.3.

[2026-05-01 13:09:26]     [215/576] N2-conjunction-fallacy: generating (cap=2048)...
[2026-05-01 13:09:26]       ERROR: apply_chat_template requires jinja2>=3.1.0 to be installed. Your version is 3.0.3.
Traceback (most recent call last):
  File "/home/sumit/phronesis/mvp/run_openr1_sweep.py", line 403, in main
    r = generate(model, tokenizer, device, p["prompt"], cap)
  File "/home/sumit/phronesis/mvp/run_openr1_sweep.py", line 182, in generate
    text = tokenizer.apply_chat_template(
  File "/home/sumit/phronesis/mvp/.venv/lib/python3.10/site-packages/transformers/tokenization_utils_base.py", line 3086, in apply_chat_template
    rendered_chat, generation_indices = render_jinja_template(
  File "/home/sumit/phronesis/mvp/.venv/lib/python3.10/site-packages/transformers/utils/chat_template_utils.py", line 514, in render_jinja_template
    compiled_template = _compile_jinja_template(chat_template)
  File "/home/sumit/phronesis/mvp/.venv/lib/python3.10/site-packages/transformers/utils/chat_template_utils.py", line 421, in _compile_jinja_template
    return _cached_compile_jinja_template(chat_template)
  File "/home/sumit/phronesis/mvp/.venv/lib/python3.10/site-packages/transformers/utils/chat_template_utils.py", line 474, in _cached_compile_jinja_template
    raise ImportError(
ImportError: apply_chat_template requires jinja2>=3.1.0 to be installed. Your version is 3.0.3.

[2026-05-01 13:09:26]     [216/576] N3-survivorship-bias: generating (cap=2048)...
[2026-05-01 13:09:26]       ERROR: apply_chat_template requires jinja2>=3.1.0 to be installed. Your version is 3.0.3.
Traceback (most recent call last):
  File "/home/sumit/phronesis/mvp/run_openr1_sweep.py", line 403, in main
    r = generate(model, tokenizer, device, p["prompt"], cap)
  File "/home/sumit/phronesis/mvp/run_openr1_sweep.py", line 182, in generate
    text = tokenizer.apply_chat_template(
  File "/home/sumit/phronesis/mvp/.venv/lib/python3.10/site-packages/transformers/tokenization_utils_base.py", line 3086, in apply_chat_template
    rendered_chat, generation_indices = render_jinja_template(
  File "/home/sumit/phronesis/mvp/.venv/lib/python3.10/site-packages/transformers/utils/chat_template_utils.py", line 514, in render_jinja_template
    compiled_template = _compile_jinja_template(chat_template)
  File "/home/sumit/phronesis/mvp/.venv/lib/python3.10/site-packages/transformers/utils/chat_template_utils.py", line 421, in _compile_jinja_template
    return _cached_compile_jinja_template(chat_template)
  File "/home/sumit/phronesis/mvp/.venv/lib/python3.10/site-packages/transformers/utils/chat_template_utils.py", line 474, in _cached_compile_jinja_template
    raise ImportError(
ImportError: apply_chat_template requires jinja2>=3.1.0 to be installed. Your version is 3.0.3.

[2026-05-01 13:09:26]   ─ α=+1.00 (a+01.00) ─
[2026-05-01 13:09:26]     [217/576] E1-confabulation: generating (cap=2048)...
[2026-05-01 13:09:26]       ERROR: apply_chat_template requires jinja2>=3.1.0 to be installed. Your version is 3.0.3.
Traceback (most recent call last):
  File "/home/sumit/phronesis/mvp/run_openr1_sweep.py", line 403, in main
    r = generate(model, tokenizer, device, p["prompt"], cap)
  File "/home/sumit/phronesis/mvp/run_openr1_sweep.py", line 182, in generate
    text = tokenizer.apply_chat_template(
  File "/home/sumit/phronesis/mvp/.venv/lib/python3.10/site-packages/transformers/tokenization_utils_base.py", line 3086, in apply_chat_template
    rendered_chat, generation_indices = render_jinja_template(
  File "/home/sumit/phronesis/mvp/.venv/lib/python3.10/site-packages/transformers/utils/chat_template_utils.py", line 514, in render_jinja_template
    compiled_template = _compile_jinja_template(chat_template)
  File "/home/sumit/phronesis/mvp/.venv/lib/python3.10/site-packages/transformers/utils/chat_template_utils.py", line 421, in _compile_jinja_template
    return _cached_compile_jinja_template(chat_template)
  File "/home/sumit/phronesis/mvp/.venv/lib/python3.10/site-packages/transformers/utils/chat_template_utils.py", line 474, in _cached_compile_jinja_template
    raise ImportError(
ImportError: apply_chat_template requires jinja2>=3.1.0 to be installed. Your version is 3.0.3.

[2026-05-01 13:09:26]     [218/576] E2-contested-science: generating (cap=2048)...
[2026-05-01 13:09:26]       ERROR: apply_chat_template requires jinja2>=3.1.0 to be installed. Your version is 3.0.3.
Traceback (most recent call last):
  File "/home/sumit/phronesis/mvp/run_openr1_sweep.py", line 403, in main
    r = generate(model, tokenizer, device, p["prompt"], cap)
  File "/home/sumit/phronesis/mvp/run_openr1_sweep.py", line 182, in generate
    text = tokenizer.apply_chat_template(
  File "/home/sumit/phronesis/mvp/.venv/lib/python3.10/site-packages/transformers/tokenization_utils_base.py", line 3086, in apply_chat_template
    rendered_chat, generation_indices = render_jinja_template(
  File "/home/sumit/phronesis/mvp/.venv/lib/python3.10/site-packages/transformers/utils/chat_template_utils.py", line 514, in render_jinja_template
    compiled_template = _compile_jinja_template(chat_template)
  File "/home/sumit/phronesis/mvp/.venv/lib/python3.10/site-packages/transformers/utils/chat_template_utils.py", line 421, in _compile_jinja_template
    return _cached_compile_jinja_template(chat_template)
  File "/home/sumit/phronesis/mvp/.venv/lib/python3.10/site-packages/transformers/utils/chat_template_utils.py", line 474, in _cached_compile_jinja_template
    raise ImportError(
ImportError: apply_chat_template requires jinja2>=3.1.0 to be installed. Your version is 3.0.3.

[2026-05-01 13:09:26]     [219/576] E3-bayesian-update: generating (cap=8192)...
[2026-05-01 13:09:26]       ERROR: apply_chat_template requires jinja2>=3.1.0 to be installed. Your version is 3.0.3.
Traceback (most recent call last):
  File "/home/sumit/phronesis/mvp/run_openr1_sweep.py", line 403, in main
    r = generate(model, tokenizer, device, p["prompt"], cap)
  File "/home/sumit/phronesis/mvp/run_openr1_sweep.py", line 182, in generate
    text = tokenizer.apply_chat_template(
  File "/home/sumit/phronesis/mvp/.venv/lib/python3.10/site-packages/transformers/tokenization_utils_base.py", line 3086, in apply_chat_template
    rendered_chat, generation_indices = render_jinja_template(
  File "/home/sumit/phronesis/mvp/.venv/lib/python3.10/site-packages/transformers/utils/chat_template_utils.py", line 514, in render_jinja_template
    compiled_template = _compile_jinja_template(chat_template)
  File "/home/sumit/phronesis/mvp/.venv/lib/python3.10/site-packages/transformers/utils/chat_template_utils.py", line 421, in _compile_jinja_template
    return _cached_compile_jinja_template(chat_template)
  File "/home/sumit/phronesis/mvp/.venv/lib/python3.10/site-packages/transformers/utils/chat_template_utils.py", line 474, in _cached_compile_jinja_template
    raise ImportError(
ImportError: apply_chat_template requires jinja2>=3.1.0 to be installed. Your version is 3.0.3.

[2026-05-01 13:09:26]     [220/576] E4-taxi-social: generating (cap=8192)...
[2026-05-01 13:09:26]       ERROR: apply_chat_template requires jinja2>=3.1.0 to be installed. Your version is 3.0.3.
Traceback (most recent call last):
  File "/home/sumit/phronesis/mvp/run_openr1_sweep.py", line 403, in main
    r = generate(model, tokenizer, device, p["prompt"], cap)
  File "/home/sumit/phronesis/mvp/run_openr1_sweep.py", line 182, in generate
    text = tokenizer.apply_chat_template(
  File "/home/sumit/phronesis/mvp/.venv/lib/python3.10/site-packages/transformers/tokenization_utils_base.py", line 3086, in apply_chat_template
    rendered_chat, generation_indices = render_jinja_template(
  File "/home/sumit/phronesis/mvp/.venv/lib/python3.10/site-packages/transformers/utils/chat_template_utils.py", line 514, in render_jinja_template
    compiled_template = _compile_jinja_template(chat_template)
  File "/home/sumit/phronesis/mvp/.venv/lib/python3.10/site-packages/transformers/utils/chat_template_utils.py", line 421, in _compile_jinja_template
    return _cached_compile_jinja_template(chat_template)
  File "/home/sumit/phronesis/mvp/.venv/lib/python3.10/site-packages/transformers/utils/chat_template_utils.py", line 474, in _cached_compile_jinja_template
    raise ImportError(
ImportError: apply_chat_template requires jinja2>=3.1.0 to be installed. Your version is 3.0.3.

[2026-05-01 13:09:26]     [221/576] E5-ecological-fallacy: generating (cap=2048)...
[2026-05-01 13:09:26]       ERROR: apply_chat_template requires jinja2>=3.1.0 to be installed. Your version is 3.0.3.
Traceback (most recent call last):
  File "/home/sumit/phronesis/mvp/run_openr1_sweep.py", line 403, in main
    r = generate(model, tokenizer, device, p["prompt"], cap)
  File "/home/sumit/phronesis/mvp/run_openr1_sweep.py", line 182, in generate
    text = tokenizer.apply_chat_template(
  File "/home/sumit/phronesis/mvp/.venv/lib/python3.10/site-packages/transformers/tokenization_utils_base.py", line 3086, in apply_chat_template
    rendered_chat, generation_indices = render_jinja_template(
  File "/home/sumit/phronesis/mvp/.venv/lib/python3.10/site-packages/transformers/utils/chat_template_utils.py", line 514, in render_jinja_template
    compiled_template = _compile_jinja_template(chat_template)
  File "/home/sumit/phronesis/mvp/.venv/lib/python3.10/site-packages/transformers/utils/chat_template_utils.py", line 421, in _compile_jinja_template
    return _cached_compile_jinja_template(chat_template)
  File "/home/sumit/phronesis/mvp/.venv/lib/python3.10/site-packages/transformers/utils/chat_template_utils.py", line 474, in _cached_compile_jinja_template
    raise ImportError(
ImportError: apply_chat_template requires jinja2>=3.1.0 to be installed. Your version is 3.0.3.

[2026-05-01 13:09:26]     [222/576] N1-simpsons-paradox: generating (cap=4096)...
[2026-05-01 13:09:26]       ERROR: apply_chat_template requires jinja2>=3.1.0 to be installed. Your version is 3.0.3.
Traceback (most recent call last):
  File "/home/sumit/phronesis/mvp/run_openr1_sweep.py", line 403, in main
    r = generate(model, tokenizer, device, p["prompt"], cap)
  File "/home/sumit/phronesis/mvp/run_openr1_sweep.py", line 182, in generate
    text = tokenizer.apply_chat_template(
  File "/home/sumit/phronesis/mvp/.venv/lib/python3.10/site-packages/transformers/tokenization_utils_base.py", line 3086, in apply_chat_template
    rendered_chat, generation_indices = render_jinja_template(
  File "/home/sumit/phronesis/mvp/.venv/lib/python3.10/site-packages/transformers/utils/chat_template_utils.py", line 514, in render_jinja_template
    compiled_template = _compile_jinja_template(chat_template)
  File "/home/sumit/phronesis/mvp/.venv/lib/python3.10/site-packages/transformers/utils/chat_template_utils.py", line 421, in _compile_jinja_template
    return _cached_compile_jinja_template(chat_template)
  File "/home/sumit/phronesis/mvp/.venv/lib/python3.10/site-packages/transformers/utils/chat_template_utils.py", line 474, in _cached_compile_jinja_template
    raise ImportError(
ImportError: apply_chat_template requires jinja2>=3.1.0 to be installed. Your version is 3.0.3.

[2026-05-01 13:09:26]     [223/576] N2-conjunction-fallacy: generating (cap=2048)...
[2026-05-01 13:09:26]       ERROR: apply_chat_template requires jinja2>=3.1.0 to be installed. Your version is 3.0.3.
Traceback (most recent call last):
  File "/home/sumit/phronesis/mvp/run_openr1_sweep.py", line 403, in main
    r = generate(model, tokenizer, device, p["prompt"], cap)
  File "/home/sumit/phronesis/mvp/run_openr1_sweep.py", line 182, in generate
    text = tokenizer.apply_chat_template(
  File "/home/sumit/phronesis/mvp/.venv/lib/python3.10/site-packages/transformers/tokenization_utils_base.py", line 3086, in apply_chat_template
    rendered_chat, generation_indices = render_jinja_template(
  File "/home/sumit/phronesis/mvp/.venv/lib/python3.10/site-packages/transformers/utils/chat_template_utils.py", line 514, in render_jinja_template
    compiled_template = _compile_jinja_template(chat_template)
  File "/home/sumit/phronesis/mvp/.venv/lib/python3.10/site-packages/transformers/utils/chat_template_utils.py", line 421, in _compile_jinja_template
    return _cached_compile_jinja_template(chat_template)
  File "/home/sumit/phronesis/mvp/.venv/lib/python3.10/site-packages/transformers/utils/chat_template_utils.py", line 474, in _cached_compile_jinja_template
    raise ImportError(
ImportError: apply_chat_template requires jinja2>=3.1.0 to be installed. Your version is 3.0.3.

[2026-05-01 13:09:26]     [224/576] N3-survivorship-bias: generating (cap=2048)...
[2026-05-01 13:09:26]       ERROR: apply_chat_template requires jinja2>=3.1.0 to be installed. Your version is 3.0.3.
Traceback (most recent call last):
  File "/home/sumit/phronesis/mvp/run_openr1_sweep.py", line 403, in main
    r = generate(model, tokenizer, device, p["prompt"], cap)
  File "/home/sumit/phronesis/mvp/run_openr1_sweep.py", line 182, in generate
    text = tokenizer.apply_chat_template(
  File "/home/sumit/phronesis/mvp/.venv/lib/python3.10/site-packages/transformers/tokenization_utils_base.py", line 3086, in apply_chat_template
    rendered_chat, generation_indices = render_jinja_template(
  File "/home/sumit/phronesis/mvp/.venv/lib/python3.10/site-packages/transformers/utils/chat_template_utils.py", line 514, in render_jinja_template
    compiled_template = _compile_jinja_template(chat_template)
  File "/home/sumit/phronesis/mvp/.venv/lib/python3.10/site-packages/transformers/utils/chat_template_utils.py", line 421, in _compile_jinja_template
    return _cached_compile_jinja_template(chat_template)
  File "/home/sumit/phronesis/mvp/.venv/lib/python3.10/site-packages/transformers/utils/chat_template_utils.py", line 474, in _cached_compile_jinja_template
    raise ImportError(
ImportError: apply_chat_template requires jinja2>=3.1.0 to be installed. Your version is 3.0.3.

[2026-05-01 13:09:26]   ─ α=+2.00 (a+02.00) ─
[2026-05-01 13:09:26]     [225/576] E1-confabulation: generating (cap=2048)...
[2026-05-01 13:09:26]       ERROR: apply_chat_template requires jinja2>=3.1.0 to be installed. Your version is 3.0.3.
Traceback (most recent call last):
  File "/home/sumit/phronesis/mvp/run_openr1_sweep.py", line 403, in main
    r = generate(model, tokenizer, device, p["prompt"], cap)
  File "/home/sumit/phronesis/mvp/run_openr1_sweep.py", line 182, in generate
    text = tokenizer.apply_chat_template(
  File "/home/sumit/phronesis/mvp/.venv/lib/python3.10/site-packages/transformers/tokenization_utils_base.py", line 3086, in apply_chat_template
    rendered_chat, generation_indices = render_jinja_template(
  File "/home/sumit/phronesis/mvp/.venv/lib/python3.10/site-packages/transformers/utils/chat_template_utils.py", line 514, in render_jinja_template
    compiled_template = _compile_jinja_template(chat_template)
  File "/home/sumit/phronesis/mvp/.venv/lib/python3.10/site-packages/transformers/utils/chat_template_utils.py", line 421, in _compile_jinja_template
    return _cached_compile_jinja_template(chat_template)
  File "/home/sumit/phronesis/mvp/.venv/lib/python3.10/site-packages/transformers/utils/chat_template_utils.py", line 474, in _cached_compile_jinja_template
    raise ImportError(
ImportError: apply_chat_template requires jinja2>=3.1.0 to be installed. Your version is 3.0.3.

[2026-05-01 13:09:26]     [226/576] E2-contested-science: generating (cap=2048)...
[2026-05-01 13:09:26]       ERROR: apply_chat_template requires jinja2>=3.1.0 to be installed. Your version is 3.0.3.
Traceback (most recent call last):
  File "/home/sumit/phronesis/mvp/run_openr1_sweep.py", line 403, in main
    r = generate(model, tokenizer, device, p["prompt"], cap)
  File "/home/sumit/phronesis/mvp/run_openr1_sweep.py", line 182, in generate
    text = tokenizer.apply_chat_template(
  File "/home/sumit/phronesis/mvp/.venv/lib/python3.10/site-packages/transformers/tokenization_utils_base.py", line 3086, in apply_chat_template
    rendered_chat, generation_indices = render_jinja_template(
  File "/home/sumit/phronesis/mvp/.venv/lib/python3.10/site-packages/transformers/utils/chat_template_utils.py", line 514, in render_jinja_template
    compiled_template = _compile_jinja_template(chat_template)
  File "/home/sumit/phronesis/mvp/.venv/lib/python3.10/site-packages/transformers/utils/chat_template_utils.py", line 421, in _compile_jinja_template
    return _cached_compile_jinja_template(chat_template)
  File "/home/sumit/phronesis/mvp/.venv/lib/python3.10/site-packages/transformers/utils/chat_template_utils.py", line 474, in _cached_compile_jinja_template
    raise ImportError(
ImportError: apply_chat_template requires jinja2>=3.1.0 to be installed. Your version is 3.0.3.

[2026-05-01 13:09:26]     [227/576] E3-bayesian-update: generating (cap=8192)...
[2026-05-01 13:09:26]       ERROR: apply_chat_template requires jinja2>=3.1.0 to be installed. Your version is 3.0.3.
Traceback (most recent call last):
  File "/home/sumit/phronesis/mvp/run_openr1_sweep.py", line 403, in main
    r = generate(model, tokenizer, device, p["prompt"], cap)
  File "/home/sumit/phronesis/mvp/run_openr1_sweep.py", line 182, in generate
    text = tokenizer.apply_chat_template(
  File "/home/sumit/phronesis/mvp/.venv/lib/python3.10/site-packages/transformers/tokenization_utils_base.py", line 3086, in apply_chat_template
    rendered_chat, generation_indices = render_jinja_template(
  File "/home/sumit/phronesis/mvp/.venv/lib/python3.10/site-packages/transformers/utils/chat_template_utils.py", line 514, in render_jinja_template
    compiled_template = _compile_jinja_template(chat_template)
  File "/home/sumit/phronesis/mvp/.venv/lib/python3.10/site-packages/transformers/utils/chat_template_utils.py", line 421, in _compile_jinja_template
    return _cached_compile_jinja_template(chat_template)
  File "/home/sumit/phronesis/mvp/.venv/lib/python3.10/site-packages/transformers/utils/chat_template_utils.py", line 474, in _cached_compile_jinja_template
    raise ImportError(
ImportError: apply_chat_template requires jinja2>=3.1.0 to be installed. Your version is 3.0.3.

[2026-05-01 13:09:26]     [228/576] E4-taxi-social: generating (cap=8192)...
[2026-05-01 13:09:26]       ERROR: apply_chat_template requires jinja2>=3.1.0 to be installed. Your version is 3.0.3.
Traceback (most recent call last):
  File "/home/sumit/phronesis/mvp/run_openr1_sweep.py", line 403, in main
    r = generate(model, tokenizer, device, p["prompt"], cap)
  File "/home/sumit/phronesis/mvp/run_openr1_sweep.py", line 182, in generate
    text = tokenizer.apply_chat_template(
  File "/home/sumit/phronesis/mvp/.venv/lib/python3.10/site-packages/transformers/tokenization_utils_base.py", line 3086, in apply_chat_template
    rendered_chat, generation_indices = render_jinja_template(
  File "/home/sumit/phronesis/mvp/.venv/lib/python3.10/site-packages/transformers/utils/chat_template_utils.py", line 514, in render_jinja_template
    compiled_template = _compile_jinja_template(chat_template)
  File "/home/sumit/phronesis/mvp/.venv/lib/python3.10/site-packages/transformers/utils/chat_template_utils.py", line 421, in _compile_jinja_template
    return _cached_compile_jinja_template(chat_template)
  File "/home/sumit/phronesis/mvp/.venv/lib/python3.10/site-packages/transformers/utils/chat_template_utils.py", line 474, in _cached_compile_jinja_template
    raise ImportError(
ImportError: apply_chat_template requires jinja2>=3.1.0 to be installed. Your version is 3.0.3.

[2026-05-01 13:09:26]     [229/576] E5-ecological-fallacy: generating (cap=2048)...
[2026-05-01 13:09:26]       ERROR: apply_chat_template requires jinja2>=3.1.0 to be installed. Your version is 3.0.3.
Traceback (most recent call last):
  File "/home/sumit/phronesis/mvp/run_openr1_sweep.py", line 403, in main
    r = generate(model, tokenizer, device, p["prompt"], cap)
  File "/home/sumit/phronesis/mvp/run_openr1_sweep.py", line 182, in generate
    text = tokenizer.apply_chat_template(
  File "/home/sumit/phronesis/mvp/.venv/lib/python3.10/site-packages/transformers/tokenization_utils_base.py", line 3086, in apply_chat_template
    rendered_chat, generation_indices = render_jinja_template(
  File "/home/sumit/phronesis/mvp/.venv/lib/python3.10/site-packages/transformers/utils/chat_template_utils.py", line 514, in render_jinja_template
    compiled_template = _compile_jinja_template(chat_template)
  File "/home/sumit/phronesis/mvp/.venv/lib/python3.10/site-packages/transformers/utils/chat_template_utils.py", line 421, in _compile_jinja_template
    return _cached_compile_jinja_template(chat_template)
  File "/home/sumit/phronesis/mvp/.venv/lib/python3.10/site-packages/transformers/utils/chat_template_utils.py", line 474, in _cached_compile_jinja_template
    raise ImportError(
ImportError: apply_chat_template requires jinja2>=3.1.0 to be installed. Your version is 3.0.3.

[2026-05-01 13:09:26]     [230/576] N1-simpsons-paradox: generating (cap=4096)...
[2026-05-01 13:09:26]       ERROR: apply_chat_template requires jinja2>=3.1.0 to be installed. Your version is 3.0.3.
Traceback (most recent call last):
  File "/home/sumit/phronesis/mvp/run_openr1_sweep.py", line 403, in main
    r = generate(model, tokenizer, device, p["prompt"], cap)
  File "/home/sumit/phronesis/mvp/run_openr1_sweep.py", line 182, in generate
    text = tokenizer.apply_chat_template(
  File "/home/sumit/phronesis/mvp/.venv/lib/python3.10/site-packages/transformers/tokenization_utils_base.py", line 3086, in apply_chat_template
    rendered_chat, generation_indices = render_jinja_template(
  File "/home/sumit/phronesis/mvp/.venv/lib/python3.10/site-packages/transformers/utils/chat_template_utils.py", line 514, in render_jinja_template
    compiled_template = _compile_jinja_template(chat_template)
  File "/home/sumit/phronesis/mvp/.venv/lib/python3.10/site-packages/transformers/utils/chat_template_utils.py", line 421, in _compile_jinja_template
    return _cached_compile_jinja_template(chat_template)
  File "/home/sumit/phronesis/mvp/.venv/lib/python3.10/site-packages/transformers/utils/chat_template_utils.py", line 474, in _cached_compile_jinja_template
    raise ImportError(
ImportError: apply_chat_template requires jinja2>=3.1.0 to be installed. Your version is 3.0.3.

[2026-05-01 13:09:26]     [231/576] N2-conjunction-fallacy: generating (cap=2048)...
[2026-05-01 13:09:26]       ERROR: apply_chat_template requires jinja2>=3.1.0 to be installed. Your version is 3.0.3.
Traceback (most recent call last):
  File "/home/sumit/phronesis/mvp/run_openr1_sweep.py", line 403, in main
    r = generate(model, tokenizer, device, p["prompt"], cap)
  File "/home/sumit/phronesis/mvp/run_openr1_sweep.py", line 182, in generate
    text = tokenizer.apply_chat_template(
  File "/home/sumit/phronesis/mvp/.venv/lib/python3.10/site-packages/transformers/tokenization_utils_base.py", line 3086, in apply_chat_template
    rendered_chat, generation_indices = render_jinja_template(
  File "/home/sumit/phronesis/mvp/.venv/lib/python3.10/site-packages/transformers/utils/chat_template_utils.py", line 514, in render_jinja_template
    compiled_template = _compile_jinja_template(chat_template)
  File "/home/sumit/phronesis/mvp/.venv/lib/python3.10/site-packages/transformers/utils/chat_template_utils.py", line 421, in _compile_jinja_template
    return _cached_compile_jinja_template(chat_template)
  File "/home/sumit/phronesis/mvp/.venv/lib/python3.10/site-packages/transformers/utils/chat_template_utils.py", line 474, in _cached_compile_jinja_template
    raise ImportError(
ImportError: apply_chat_template requires jinja2>=3.1.0 to be installed. Your version is 3.0.3.

[2026-05-01 13:09:26]     [232/576] N3-survivorship-bias: generating (cap=2048)...
[2026-05-01 13:09:26]       ERROR: apply_chat_template requires jinja2>=3.1.0 to be installed. Your version is 3.0.3.
Traceback (most recent call last):
  File "/home/sumit/phronesis/mvp/run_openr1_sweep.py", line 403, in main
    r = generate(model, tokenizer, device, p["prompt"], cap)
  File "/home/sumit/phronesis/mvp/run_openr1_sweep.py", line 182, in generate
    text = tokenizer.apply_chat_template(
  File "/home/sumit/phronesis/mvp/.venv/lib/python3.10/site-packages/transformers/tokenization_utils_base.py", line 3086, in apply_chat_template
    rendered_chat, generation_indices = render_jinja_template(
  File "/home/sumit/phronesis/mvp/.venv/lib/python3.10/site-packages/transformers/utils/chat_template_utils.py", line 514, in render_jinja_template
    compiled_template = _compile_jinja_template(chat_template)
  File "/home/sumit/phronesis/mvp/.venv/lib/python3.10/site-packages/transformers/utils/chat_template_utils.py", line 421, in _compile_jinja_template
    return _cached_compile_jinja_template(chat_template)
  File "/home/sumit/phronesis/mvp/.venv/lib/python3.10/site-packages/transformers/utils/chat_template_utils.py", line 474, in _cached_compile_jinja_template
    raise ImportError(
ImportError: apply_chat_template requires jinja2>=3.1.0 to be installed. Your version is 3.0.3.

[2026-05-01 13:09:26]   ─ α=+4.00 (a+04.00) ─
[2026-05-01 13:09:26]     [233/576] E1-confabulation: generating (cap=2048)...
[2026-05-01 13:09:26]       ERROR: apply_chat_template requires jinja2>=3.1.0 to be installed. Your version is 3.0.3.
Traceback (most recent call last):
  File "/home/sumit/phronesis/mvp/run_openr1_sweep.py", line 403, in main
    r = generate(model, tokenizer, device, p["prompt"], cap)
  File "/home/sumit/phronesis/mvp/run_openr1_sweep.py", line 182, in generate
    text = tokenizer.apply_chat_template(
  File "/home/sumit/phronesis/mvp/.venv/lib/python3.10/site-packages/transformers/tokenization_utils_base.py", line 3086, in apply_chat_template
    rendered_chat, generation_indices = render_jinja_template(
  File "/home/sumit/phronesis/mvp/.venv/lib/python3.10/site-packages/transformers/utils/chat_template_utils.py", line 514, in render_jinja_template
    compiled_template = _compile_jinja_template(chat_template)
  File "/home/sumit/phronesis/mvp/.venv/lib/python3.10/site-packages/transformers/utils/chat_template_utils.py", line 421, in _compile_jinja_template
    return _cached_compile_jinja_template(chat_template)
  File "/home/sumit/phronesis/mvp/.venv/lib/python3.10/site-packages/transformers/utils/chat_template_utils.py", line 474, in _cached_compile_jinja_template
    raise ImportError(
ImportError: apply_chat_template requires jinja2>=3.1.0 to be installed. Your version is 3.0.3.

[2026-05-01 13:09:26]     [234/576] E2-contested-science: generating (cap=2048)...
[2026-05-01 13:09:26]       ERROR: apply_chat_template requires jinja2>=3.1.0 to be installed. Your version is 3.0.3.
Traceback (most recent call last):
  File "/home/sumit/phronesis/mvp/run_openr1_sweep.py", line 403, in main
    r = generate(model, tokenizer, device, p["prompt"], cap)
  File "/home/sumit/phronesis/mvp/run_openr1_sweep.py", line 182, in generate
    text = tokenizer.apply_chat_template(
  File "/home/sumit/phronesis/mvp/.venv/lib/python3.10/site-packages/transformers/tokenization_utils_base.py", line 3086, in apply_chat_template
    rendered_chat, generation_indices = render_jinja_template(
  File "/home/sumit/phronesis/mvp/.venv/lib/python3.10/site-packages/transformers/utils/chat_template_utils.py", line 514, in render_jinja_template
    compiled_template = _compile_jinja_template(chat_template)
  File "/home/sumit/phronesis/mvp/.venv/lib/python3.10/site-packages/transformers/utils/chat_template_utils.py", line 421, in _compile_jinja_template
    return _cached_compile_jinja_template(chat_template)
  File "/home/sumit/phronesis/mvp/.venv/lib/python3.10/site-packages/transformers/utils/chat_template_utils.py", line 474, in _cached_compile_jinja_template
    raise ImportError(
ImportError: apply_chat_template requires jinja2>=3.1.0 to be installed. Your version is 3.0.3.

[2026-05-01 13:09:26]     [235/576] E3-bayesian-update: generating (cap=8192)...
[2026-05-01 13:09:26]       ERROR: apply_chat_template requires jinja2>=3.1.0 to be installed. Your version is 3.0.3.
Traceback (most recent call last):
  File "/home/sumit/phronesis/mvp/run_openr1_sweep.py", line 403, in main
    r = generate(model, tokenizer, device, p["prompt"], cap)
  File "/home/sumit/phronesis/mvp/run_openr1_sweep.py", line 182, in generate
    text = tokenizer.apply_chat_template(
  File "/home/sumit/phronesis/mvp/.venv/lib/python3.10/site-packages/transformers/tokenization_utils_base.py", line 3086, in apply_chat_template
    rendered_chat, generation_indices = render_jinja_template(
  File "/home/sumit/phronesis/mvp/.venv/lib/python3.10/site-packages/transformers/utils/chat_template_utils.py", line 514, in render_jinja_template
    compiled_template = _compile_jinja_template(chat_template)
  File "/home/sumit/phronesis/mvp/.venv/lib/python3.10/site-packages/transformers/utils/chat_template_utils.py", line 421, in _compile_jinja_template
    return _cached_compile_jinja_template(chat_template)
  File "/home/sumit/phronesis/mvp/.venv/lib/python3.10/site-packages/transformers/utils/chat_template_utils.py", line 474, in _cached_compile_jinja_template
    raise ImportError(
ImportError: apply_chat_template requires jinja2>=3.1.0 to be installed. Your version is 3.0.3.

[2026-05-01 13:09:26]     [236/576] E4-taxi-social: generating (cap=8192)...
[2026-05-01 13:09:26]       ERROR: apply_chat_template requires jinja2>=3.1.0 to be installed. Your version is 3.0.3.
Traceback (most recent call last):
  File "/home/sumit/phronesis/mvp/run_openr1_sweep.py", line 403, in main
    r = generate(model, tokenizer, device, p["prompt"], cap)
  File "/home/sumit/phronesis/mvp/run_openr1_sweep.py", line 182, in generate
    text = tokenizer.apply_chat_template(
  File "/home/sumit/phronesis/mvp/.venv/lib/python3.10/site-packages/transformers/tokenization_utils_base.py", line 3086, in apply_chat_template
    rendered_chat, generation_indices = render_jinja_template(
  File "/home/sumit/phronesis/mvp/.venv/lib/python3.10/site-packages/transformers/utils/chat_template_utils.py", line 514, in render_jinja_template
    compiled_template = _compile_jinja_template(chat_template)
  File "/home/sumit/phronesis/mvp/.venv/lib/python3.10/site-packages/transformers/utils/chat_template_utils.py", line 421, in _compile_jinja_template
    return _cached_compile_jinja_template(chat_template)
  File "/home/sumit/phronesis/mvp/.venv/lib/python3.10/site-packages/transformers/utils/chat_template_utils.py", line 474, in _cached_compile_jinja_template
    raise ImportError(
ImportError: apply_chat_template requires jinja2>=3.1.0 to be installed. Your version is 3.0.3.

[2026-05-01 13:09:26]     [237/576] E5-ecological-fallacy: generating (cap=2048)...
[2026-05-01 13:09:26]       ERROR: apply_chat_template requires jinja2>=3.1.0 to be installed. Your version is 3.0.3.
Traceback (most recent call last):
  File "/home/sumit/phronesis/mvp/run_openr1_sweep.py", line 403, in main
    r = generate(model, tokenizer, device, p["prompt"], cap)
  File "/home/sumit/phronesis/mvp/run_openr1_sweep.py", line 182, in generate
    text = tokenizer.apply_chat_template(
  File "/home/sumit/phronesis/mvp/.venv/lib/python3.10/site-packages/transformers/tokenization_utils_base.py", line 3086, in apply_chat_template
    rendered_chat, generation_indices = render_jinja_template(
  File "/home/sumit/phronesis/mvp/.venv/lib/python3.10/site-packages/transformers/utils/chat_template_utils.py", line 514, in render_jinja_template
    compiled_template = _compile_jinja_template(chat_template)
  File "/home/sumit/phronesis/mvp/.venv/lib/python3.10/site-packages/transformers/utils/chat_template_utils.py", line 421, in _compile_jinja_template
    return _cached_compile_jinja_template(chat_template)
  File "/home/sumit/phronesis/mvp/.venv/lib/python3.10/site-packages/transformers/utils/chat_template_utils.py", line 474, in _cached_compile_jinja_template
    raise ImportError(
ImportError: apply_chat_template requires jinja2>=3.1.0 to be installed. Your version is 3.0.3.

[2026-05-01 13:09:26]     [238/576] N1-simpsons-paradox: generating (cap=4096)...
[2026-05-01 13:09:26]       ERROR: apply_chat_template requires jinja2>=3.1.0 to be installed. Your version is 3.0.3.
Traceback (most recent call last):
  File "/home/sumit/phronesis/mvp/run_openr1_sweep.py", line 403, in main
    r = generate(model, tokenizer, device, p["prompt"], cap)
  File "/home/sumit/phronesis/mvp/run_openr1_sweep.py", line 182, in generate
    text = tokenizer.apply_chat_template(
  File "/home/sumit/phronesis/mvp/.venv/lib/python3.10/site-packages/transformers/tokenization_utils_base.py", line 3086, in apply_chat_template
    rendered_chat, generation_indices = render_jinja_template(
  File "/home/sumit/phronesis/mvp/.venv/lib/python3.10/site-packages/transformers/utils/chat_template_utils.py", line 514, in render_jinja_template
    compiled_template = _compile_jinja_template(chat_template)
  File "/home/sumit/phronesis/mvp/.venv/lib/python3.10/site-packages/transformers/utils/chat_template_utils.py", line 421, in _compile_jinja_template
    return _cached_compile_jinja_template(chat_template)
  File "/home/sumit/phronesis/mvp/.venv/lib/python3.10/site-packages/transformers/utils/chat_template_utils.py", line 474, in _cached_compile_jinja_template
    raise ImportError(
ImportError: apply_chat_template requires jinja2>=3.1.0 to be installed. Your version is 3.0.3.

[2026-05-01 13:09:26]     [239/576] N2-conjunction-fallacy: generating (cap=2048)...
[2026-05-01 13:09:26]       ERROR: apply_chat_template requires jinja2>=3.1.0 to be installed. Your version is 3.0.3.
Traceback (most recent call last):
  File "/home/sumit/phronesis/mvp/run_openr1_sweep.py", line 403, in main
    r = generate(model, tokenizer, device, p["prompt"], cap)
  File "/home/sumit/phronesis/mvp/run_openr1_sweep.py", line 182, in generate
    text = tokenizer.apply_chat_template(
  File "/home/sumit/phronesis/mvp/.venv/lib/python3.10/site-packages/transformers/tokenization_utils_base.py", line 3086, in apply_chat_template
    rendered_chat, generation_indices = render_jinja_template(
  File "/home/sumit/phronesis/mvp/.venv/lib/python3.10/site-packages/transformers/utils/chat_template_utils.py", line 514, in render_jinja_template
    compiled_template = _compile_jinja_template(chat_template)
  File "/home/sumit/phronesis/mvp/.venv/lib/python3.10/site-packages/transformers/utils/chat_template_utils.py", line 421, in _compile_jinja_template
    return _cached_compile_jinja_template(chat_template)
  File "/home/sumit/phronesis/mvp/.venv/lib/python3.10/site-packages/transformers/utils/chat_template_utils.py", line 474, in _cached_compile_jinja_template
    raise ImportError(
ImportError: apply_chat_template requires jinja2>=3.1.0 to be installed. Your version is 3.0.3.

[2026-05-01 13:09:26]     [240/576] N3-survivorship-bias: generating (cap=2048)...
[2026-05-01 13:09:26]       ERROR: apply_chat_template requires jinja2>=3.1.0 to be installed. Your version is 3.0.3.
Traceback (most recent call last):
  File "/home/sumit/phronesis/mvp/run_openr1_sweep.py", line 403, in main
    r = generate(model, tokenizer, device, p["prompt"], cap)
  File "/home/sumit/phronesis/mvp/run_openr1_sweep.py", line 182, in generate
    text = tokenizer.apply_chat_template(
  File "/home/sumit/phronesis/mvp/.venv/lib/python3.10/site-packages/transformers/tokenization_utils_base.py", line 3086, in apply_chat_template
    rendered_chat, generation_indices = render_jinja_template(
  File "/home/sumit/phronesis/mvp/.venv/lib/python3.10/site-packages/transformers/utils/chat_template_utils.py", line 514, in render_jinja_template
    compiled_template = _compile_jinja_template(chat_template)
  File "/home/sumit/phronesis/mvp/.venv/lib/python3.10/site-packages/transformers/utils/chat_template_utils.py", line 421, in _compile_jinja_template
    return _cached_compile_jinja_template(chat_template)
  File "/home/sumit/phronesis/mvp/.venv/lib/python3.10/site-packages/transformers/utils/chat_template_utils.py", line 474, in _cached_compile_jinja_template
    raise ImportError(
ImportError: apply_chat_template requires jinja2>=3.1.0 to be installed. Your version is 3.0.3.

[2026-05-01 13:09:26]   ─ α=+6.00 (a+06.00) ─
[2026-05-01 13:09:26]     [241/576] E1-confabulation: generating (cap=2048)...
[2026-05-01 13:09:26]       ERROR: apply_chat_template requires jinja2>=3.1.0 to be installed. Your version is 3.0.3.
Traceback (most recent call last):
  File "/home/sumit/phronesis/mvp/run_openr1_sweep.py", line 403, in main
    r = generate(model, tokenizer, device, p["prompt"], cap)
  File "/home/sumit/phronesis/mvp/run_openr1_sweep.py", line 182, in generate
    text = tokenizer.apply_chat_template(
  File "/home/sumit/phronesis/mvp/.venv/lib/python3.10/site-packages/transformers/tokenization_utils_base.py", line 3086, in apply_chat_template
    rendered_chat, generation_indices = render_jinja_template(
  File "/home/sumit/phronesis/mvp/.venv/lib/python3.10/site-packages/transformers/utils/chat_template_utils.py", line 514, in render_jinja_template
    compiled_template = _compile_jinja_template(chat_template)
  File "/home/sumit/phronesis/mvp/.venv/lib/python3.10/site-packages/transformers/utils/chat_template_utils.py", line 421, in _compile_jinja_template
    return _cached_compile_jinja_template(chat_template)
  File "/home/sumit/phronesis/mvp/.venv/lib/python3.10/site-packages/transformers/utils/chat_template_utils.py", line 474, in _cached_compile_jinja_template
    raise ImportError(
ImportError: apply_chat_template requires jinja2>=3.1.0 to be installed. Your version is 3.0.3.

[2026-05-01 13:09:26]     [242/576] E2-contested-science: generating (cap=2048)...
[2026-05-01 13:09:26]       ERROR: apply_chat_template requires jinja2>=3.1.0 to be installed. Your version is 3.0.3.
Traceback (most recent call last):
  File "/home/sumit/phronesis/mvp/run_openr1_sweep.py", line 403, in main
    r = generate(model, tokenizer, device, p["prompt"], cap)
  File "/home/sumit/phronesis/mvp/run_openr1_sweep.py", line 182, in generate
    text = tokenizer.apply_chat_template(
  File "/home/sumit/phronesis/mvp/.venv/lib/python3.10/site-packages/transformers/tokenization_utils_base.py", line 3086, in apply_chat_template
    rendered_chat, generation_indices = render_jinja_template(
  File "/home/sumit/phronesis/mvp/.venv/lib/python3.10/site-packages/transformers/utils/chat_template_utils.py", line 514, in render_jinja_template
    compiled_template = _compile_jinja_template(chat_template)
  File "/home/sumit/phronesis/mvp/.venv/lib/python3.10/site-packages/transformers/utils/chat_template_utils.py", line 421, in _compile_jinja_template
    return _cached_compile_jinja_template(chat_template)
  File "/home/sumit/phronesis/mvp/.venv/lib/python3.10/site-packages/transformers/utils/chat_template_utils.py", line 474, in _cached_compile_jinja_template
    raise ImportError(
ImportError: apply_chat_template requires jinja2>=3.1.0 to be installed. Your version is 3.0.3.

[2026-05-01 13:09:26]     [243/576] E3-bayesian-update: generating (cap=8192)...
[2026-05-01 13:09:26]       ERROR: apply_chat_template requires jinja2>=3.1.0 to be installed. Your version is 3.0.3.
Traceback (most recent call last):
  File "/home/sumit/phronesis/mvp/run_openr1_sweep.py", line 403, in main
    r = generate(model, tokenizer, device, p["prompt"], cap)
  File "/home/sumit/phronesis/mvp/run_openr1_sweep.py", line 182, in generate
    text = tokenizer.apply_chat_template(
  File "/home/sumit/phronesis/mvp/.venv/lib/python3.10/site-packages/transformers/tokenization_utils_base.py", line 3086, in apply_chat_template
    rendered_chat, generation_indices = render_jinja_template(
  File "/home/sumit/phronesis/mvp/.venv/lib/python3.10/site-packages/transformers/utils/chat_template_utils.py", line 514, in render_jinja_template
    compiled_template = _compile_jinja_template(chat_template)
  File "/home/sumit/phronesis/mvp/.venv/lib/python3.10/site-packages/transformers/utils/chat_template_utils.py", line 421, in _compile_jinja_template
    return _cached_compile_jinja_template(chat_template)
  File "/home/sumit/phronesis/mvp/.venv/lib/python3.10/site-packages/transformers/utils/chat_template_utils.py", line 474, in _cached_compile_jinja_template
    raise ImportError(
ImportError: apply_chat_template requires jinja2>=3.1.0 to be installed. Your version is 3.0.3.

[2026-05-01 13:09:26]     [244/576] E4-taxi-social: generating (cap=8192)...
[2026-05-01 13:09:26]       ERROR: apply_chat_template requires jinja2>=3.1.0 to be installed. Your version is 3.0.3.
Traceback (most recent call last):
  File "/home/sumit/phronesis/mvp/run_openr1_sweep.py", line 403, in main
    r = generate(model, tokenizer, device, p["prompt"], cap)
  File "/home/sumit/phronesis/mvp/run_openr1_sweep.py", line 182, in generate
    text = tokenizer.apply_chat_template(
  File "/home/sumit/phronesis/mvp/.venv/lib/python3.10/site-packages/transformers/tokenization_utils_base.py", line 3086, in apply_chat_template
    rendered_chat, generation_indices = render_jinja_template(
  File "/home/sumit/phronesis/mvp/.venv/lib/python3.10/site-packages/transformers/utils/chat_template_utils.py", line 514, in render_jinja_template
    compiled_template = _compile_jinja_template(chat_template)
  File "/home/sumit/phronesis/mvp/.venv/lib/python3.10/site-packages/transformers/utils/chat_template_utils.py", line 421, in _compile_jinja_template
    return _cached_compile_jinja_template(chat_template)
  File "/home/sumit/phronesis/mvp/.venv/lib/python3.10/site-packages/transformers/utils/chat_template_utils.py", line 474, in _cached_compile_jinja_template
    raise ImportError(
ImportError: apply_chat_template requires jinja2>=3.1.0 to be installed. Your version is 3.0.3.

[2026-05-01 13:09:26]     [245/576] E5-ecological-fallacy: generating (cap=2048)...
[2026-05-01 13:09:26]       ERROR: apply_chat_template requires jinja2>=3.1.0 to be installed. Your version is 3.0.3.
Traceback (most recent call last):
  File "/home/sumit/phronesis/mvp/run_openr1_sweep.py", line 403, in main
    r = generate(model, tokenizer, device, p["prompt"], cap)
  File "/home/sumit/phronesis/mvp/run_openr1_sweep.py", line 182, in generate
    text = tokenizer.apply_chat_template(
  File "/home/sumit/phronesis/mvp/.venv/lib/python3.10/site-packages/transformers/tokenization_utils_base.py", line 3086, in apply_chat_template
    rendered_chat, generation_indices = render_jinja_template(
  File "/home/sumit/phronesis/mvp/.venv/lib/python3.10/site-packages/transformers/utils/chat_template_utils.py", line 514, in render_jinja_template
    compiled_template = _compile_jinja_template(chat_template)
  File "/home/sumit/phronesis/mvp/.venv/lib/python3.10/site-packages/transformers/utils/chat_template_utils.py", line 421, in _compile_jinja_template
    return _cached_compile_jinja_template(chat_template)
  File "/home/sumit/phronesis/mvp/.venv/lib/python3.10/site-packages/transformers/utils/chat_template_utils.py", line 474, in _cached_compile_jinja_template
    raise ImportError(
ImportError: apply_chat_template requires jinja2>=3.1.0 to be installed. Your version is 3.0.3.

[2026-05-01 13:09:26]     [246/576] N1-simpsons-paradox: generating (cap=4096)...
[2026-05-01 13:09:26]       ERROR: apply_chat_template requires jinja2>=3.1.0 to be installed. Your version is 3.0.3.
Traceback (most recent call last):
  File "/home/sumit/phronesis/mvp/run_openr1_sweep.py", line 403, in main
    r = generate(model, tokenizer, device, p["prompt"], cap)
  File "/home/sumit/phronesis/mvp/run_openr1_sweep.py", line 182, in generate
    text = tokenizer.apply_chat_template(
  File "/home/sumit/phronesis/mvp/.venv/lib/python3.10/site-packages/transformers/tokenization_utils_base.py", line 3086, in apply_chat_template
    rendered_chat, generation_indices = render_jinja_template(
  File "/home/sumit/phronesis/mvp/.venv/lib/python3.10/site-packages/transformers/utils/chat_template_utils.py", line 514, in render_jinja_template
    compiled_template = _compile_jinja_template(chat_template)
  File "/home/sumit/phronesis/mvp/.venv/lib/python3.10/site-packages/transformers/utils/chat_template_utils.py", line 421, in _compile_jinja_template
    return _cached_compile_jinja_template(chat_template)
  File "/home/sumit/phronesis/mvp/.venv/lib/python3.10/site-packages/transformers/utils/chat_template_utils.py", line 474, in _cached_compile_jinja_template
    raise ImportError(
ImportError: apply_chat_template requires jinja2>=3.1.0 to be installed. Your version is 3.0.3.

[2026-05-01 13:09:26]     [247/576] N2-conjunction-fallacy: generating (cap=2048)...
[2026-05-01 13:09:26]       ERROR: apply_chat_template requires jinja2>=3.1.0 to be installed. Your version is 3.0.3.
Traceback (most recent call last):
  File "/home/sumit/phronesis/mvp/run_openr1_sweep.py", line 403, in main
    r = generate(model, tokenizer, device, p["prompt"], cap)
  File "/home/sumit/phronesis/mvp/run_openr1_sweep.py", line 182, in generate
    text = tokenizer.apply_chat_template(
  File "/home/sumit/phronesis/mvp/.venv/lib/python3.10/site-packages/transformers/tokenization_utils_base.py", line 3086, in apply_chat_template
    rendered_chat, generation_indices = render_jinja_template(
  File "/home/sumit/phronesis/mvp/.venv/lib/python3.10/site-packages/transformers/utils/chat_template_utils.py", line 514, in render_jinja_template
    compiled_template = _compile_jinja_template(chat_template)
  File "/home/sumit/phronesis/mvp/.venv/lib/python3.10/site-packages/transformers/utils/chat_template_utils.py", line 421, in _compile_jinja_template
    return _cached_compile_jinja_template(chat_template)
  File "/home/sumit/phronesis/mvp/.venv/lib/python3.10/site-packages/transformers/utils/chat_template_utils.py", line 474, in _cached_compile_jinja_template
    raise ImportError(
ImportError: apply_chat_template requires jinja2>=3.1.0 to be installed. Your version is 3.0.3.

[2026-05-01 13:09:26]     [248/576] N3-survivorship-bias: generating (cap=2048)...
[2026-05-01 13:09:26]       ERROR: apply_chat_template requires jinja2>=3.1.0 to be installed. Your version is 3.0.3.
Traceback (most recent call last):
  File "/home/sumit/phronesis/mvp/run_openr1_sweep.py", line 403, in main
    r = generate(model, tokenizer, device, p["prompt"], cap)
  File "/home/sumit/phronesis/mvp/run_openr1_sweep.py", line 182, in generate
    text = tokenizer.apply_chat_template(
  File "/home/sumit/phronesis/mvp/.venv/lib/python3.10/site-packages/transformers/tokenization_utils_base.py", line 3086, in apply_chat_template
    rendered_chat, generation_indices = render_jinja_template(
  File "/home/sumit/phronesis/mvp/.venv/lib/python3.10/site-packages/transformers/utils/chat_template_utils.py", line 514, in render_jinja_template
    compiled_template = _compile_jinja_template(chat_template)
  File "/home/sumit/phronesis/mvp/.venv/lib/python3.10/site-packages/transformers/utils/chat_template_utils.py", line 421, in _compile_jinja_template
    return _cached_compile_jinja_template(chat_template)
  File "/home/sumit/phronesis/mvp/.venv/lib/python3.10/site-packages/transformers/utils/chat_template_utils.py", line 474, in _cached_compile_jinja_template
    raise ImportError(
ImportError: apply_chat_template requires jinja2>=3.1.0 to be installed. Your version is 3.0.3.

[2026-05-01 13:09:26]   ─ α=+8.00 (a+08.00) ─
[2026-05-01 13:09:26]     [249/576] E1-confabulation: generating (cap=2048)...
[2026-05-01 13:09:26]       ERROR: apply_chat_template requires jinja2>=3.1.0 to be installed. Your version is 3.0.3.
Traceback (most recent call last):
  File "/home/sumit/phronesis/mvp/run_openr1_sweep.py", line 403, in main
    r = generate(model, tokenizer, device, p["prompt"], cap)
  File "/home/sumit/phronesis/mvp/run_openr1_sweep.py", line 182, in generate
    text = tokenizer.apply_chat_template(
  File "/home/sumit/phronesis/mvp/.venv/lib/python3.10/site-packages/transformers/tokenization_utils_base.py", line 3086, in apply_chat_template
    rendered_chat, generation_indices = render_jinja_template(
  File "/home/sumit/phronesis/mvp/.venv/lib/python3.10/site-packages/transformers/utils/chat_template_utils.py", line 514, in render_jinja_template
    compiled_template = _compile_jinja_template(chat_template)
  File "/home/sumit/phronesis/mvp/.venv/lib/python3.10/site-packages/transformers/utils/chat_template_utils.py", line 421, in _compile_jinja_template
    return _cached_compile_jinja_template(chat_template)
  File "/home/sumit/phronesis/mvp/.venv/lib/python3.10/site-packages/transformers/utils/chat_template_utils.py", line 474, in _cached_compile_jinja_template
    raise ImportError(
ImportError: apply_chat_template requires jinja2>=3.1.0 to be installed. Your version is 3.0.3.

[2026-05-01 13:09:26]     [250/576] E2-contested-science: generating (cap=2048)...
[2026-05-01 13:09:26]       ERROR: apply_chat_template requires jinja2>=3.1.0 to be installed. Your version is 3.0.3.
Traceback (most recent call last):
  File "/home/sumit/phronesis/mvp/run_openr1_sweep.py", line 403, in main
    r = generate(model, tokenizer, device, p["prompt"], cap)
  File "/home/sumit/phronesis/mvp/run_openr1_sweep.py", line 182, in generate
    text = tokenizer.apply_chat_template(
  File "/home/sumit/phronesis/mvp/.venv/lib/python3.10/site-packages/transformers/tokenization_utils_base.py", line 3086, in apply_chat_template
    rendered_chat, generation_indices = render_jinja_template(
  File "/home/sumit/phronesis/mvp/.venv/lib/python3.10/site-packages/transformers/utils/chat_template_utils.py", line 514, in render_jinja_template
    compiled_template = _compile_jinja_template(chat_template)
  File "/home/sumit/phronesis/mvp/.venv/lib/python3.10/site-packages/transformers/utils/chat_template_utils.py", line 421, in _compile_jinja_template
    return _cached_compile_jinja_template(chat_template)
  File "/home/sumit/phronesis/mvp/.venv/lib/python3.10/site-packages/transformers/utils/chat_template_utils.py", line 474, in _cached_compile_jinja_template
    raise ImportError(
ImportError: apply_chat_template requires jinja2>=3.1.0 to be installed. Your version is 3.0.3.

[2026-05-01 13:09:26]     [251/576] E3-bayesian-update: generating (cap=8192)...
[2026-05-01 13:09:26]       ERROR: apply_chat_template requires jinja2>=3.1.0 to be installed. Your version is 3.0.3.
Traceback (most recent call last):
  File "/home/sumit/phronesis/mvp/run_openr1_sweep.py", line 403, in main
    r = generate(model, tokenizer, device, p["prompt"], cap)
  File "/home/sumit/phronesis/mvp/run_openr1_sweep.py", line 182, in generate
    text = tokenizer.apply_chat_template(
  File "/home/sumit/phronesis/mvp/.venv/lib/python3.10/site-packages/transformers/tokenization_utils_base.py", line 3086, in apply_chat_template
    rendered_chat, generation_indices = render_jinja_template(
  File "/home/sumit/phronesis/mvp/.venv/lib/python3.10/site-packages/transformers/utils/chat_template_utils.py", line 514, in render_jinja_template
    compiled_template = _compile_jinja_template(chat_template)
  File "/home/sumit/phronesis/mvp/.venv/lib/python3.10/site-packages/transformers/utils/chat_template_utils.py", line 421, in _compile_jinja_template
    return _cached_compile_jinja_template(chat_template)
  File "/home/sumit/phronesis/mvp/.venv/lib/python3.10/site-packages/transformers/utils/chat_template_utils.py", line 474, in _cached_compile_jinja_template
    raise ImportError(
ImportError: apply_chat_template requires jinja2>=3.1.0 to be installed. Your version is 3.0.3.

[2026-05-01 13:09:26]     [252/576] E4-taxi-social: generating (cap=8192)...
[2026-05-01 13:09:26]       ERROR: apply_chat_template requires jinja2>=3.1.0 to be installed. Your version is 3.0.3.
Traceback (most recent call last):
  File "/home/sumit/phronesis/mvp/run_openr1_sweep.py", line 403, in main
    r = generate(model, tokenizer, device, p["prompt"], cap)
  File "/home/sumit/phronesis/mvp/run_openr1_sweep.py", line 182, in generate
    text = tokenizer.apply_chat_template(
  File "/home/sumit/phronesis/mvp/.venv/lib/python3.10/site-packages/transformers/tokenization_utils_base.py", line 3086, in apply_chat_template
    rendered_chat, generation_indices = render_jinja_template(
  File "/home/sumit/phronesis/mvp/.venv/lib/python3.10/site-packages/transformers/utils/chat_template_utils.py", line 514, in render_jinja_template
    compiled_template = _compile_jinja_template(chat_template)
  File "/home/sumit/phronesis/mvp/.venv/lib/python3.10/site-packages/transformers/utils/chat_template_utils.py", line 421, in _compile_jinja_template
    return _cached_compile_jinja_template(chat_template)
  File "/home/sumit/phronesis/mvp/.venv/lib/python3.10/site-packages/transformers/utils/chat_template_utils.py", line 474, in _cached_compile_jinja_template
    raise ImportError(
ImportError: apply_chat_template requires jinja2>=3.1.0 to be installed. Your version is 3.0.3.

[2026-05-01 13:09:26]     [253/576] E5-ecological-fallacy: generating (cap=2048)...
[2026-05-01 13:09:26]       ERROR: apply_chat_template requires jinja2>=3.1.0 to be installed. Your version is 3.0.3.
Traceback (most recent call last):
  File "/home/sumit/phronesis/mvp/run_openr1_sweep.py", line 403, in main
    r = generate(model, tokenizer, device, p["prompt"], cap)
  File "/home/sumit/phronesis/mvp/run_openr1_sweep.py", line 182, in generate
    text = tokenizer.apply_chat_template(
  File "/home/sumit/phronesis/mvp/.venv/lib/python3.10/site-packages/transformers/tokenization_utils_base.py", line 3086, in apply_chat_template
    rendered_chat, generation_indices = render_jinja_template(
  File "/home/sumit/phronesis/mvp/.venv/lib/python3.10/site-packages/transformers/utils/chat_template_utils.py", line 514, in render_jinja_template
    compiled_template = _compile_jinja_template(chat_template)
  File "/home/sumit/phronesis/mvp/.venv/lib/python3.10/site-packages/transformers/utils/chat_template_utils.py", line 421, in _compile_jinja_template
    return _cached_compile_jinja_template(chat_template)
  File "/home/sumit/phronesis/mvp/.venv/lib/python3.10/site-packages/transformers/utils/chat_template_utils.py", line 474, in _cached_compile_jinja_template
    raise ImportError(
ImportError: apply_chat_template requires jinja2>=3.1.0 to be installed. Your version is 3.0.3.

[2026-05-01 13:09:26]     [254/576] N1-simpsons-paradox: generating (cap=4096)...
[2026-05-01 13:09:26]       ERROR: apply_chat_template requires jinja2>=3.1.0 to be installed. Your version is 3.0.3.
Traceback (most recent call last):
  File "/home/sumit/phronesis/mvp/run_openr1_sweep.py", line 403, in main
    r = generate(model, tokenizer, device, p["prompt"], cap)
  File "/home/sumit/phronesis/mvp/run_openr1_sweep.py", line 182, in generate
    text = tokenizer.apply_chat_template(
  File "/home/sumit/phronesis/mvp/.venv/lib/python3.10/site-packages/transformers/tokenization_utils_base.py", line 3086, in apply_chat_template
    rendered_chat, generation_indices = render_jinja_template(
  File "/home/sumit/phronesis/mvp/.venv/lib/python3.10/site-packages/transformers/utils/chat_template_utils.py", line 514, in render_jinja_template
    compiled_template = _compile_jinja_template(chat_template)
  File "/home/sumit/phronesis/mvp/.venv/lib/python3.10/site-packages/transformers/utils/chat_template_utils.py", line 421, in _compile_jinja_template
    return _cached_compile_jinja_template(chat_template)
  File "/home/sumit/phronesis/mvp/.venv/lib/python3.10/site-packages/transformers/utils/chat_template_utils.py", line 474, in _cached_compile_jinja_template
    raise ImportError(
ImportError: apply_chat_template requires jinja2>=3.1.0 to be installed. Your version is 3.0.3.

[2026-05-01 13:09:26]     [255/576] N2-conjunction-fallacy: generating (cap=2048)...
[2026-05-01 13:09:26]       ERROR: apply_chat_template requires jinja2>=3.1.0 to be installed. Your version is 3.0.3.
Traceback (most recent call last):
  File "/home/sumit/phronesis/mvp/run_openr1_sweep.py", line 403, in main
    r = generate(model, tokenizer, device, p["prompt"], cap)
  File "/home/sumit/phronesis/mvp/run_openr1_sweep.py", line 182, in generate
    text = tokenizer.apply_chat_template(
  File "/home/sumit/phronesis/mvp/.venv/lib/python3.10/site-packages/transformers/tokenization_utils_base.py", line 3086, in apply_chat_template
    rendered_chat, generation_indices = render_jinja_template(
  File "/home/sumit/phronesis/mvp/.venv/lib/python3.10/site-packages/transformers/utils/chat_template_utils.py", line 514, in render_jinja_template
    compiled_template = _compile_jinja_template(chat_template)
  File "/home/sumit/phronesis/mvp/.venv/lib/python3.10/site-packages/transformers/utils/chat_template_utils.py", line 421, in _compile_jinja_template
    return _cached_compile_jinja_template(chat_template)
  File "/home/sumit/phronesis/mvp/.venv/lib/python3.10/site-packages/transformers/utils/chat_template_utils.py", line 474, in _cached_compile_jinja_template
    raise ImportError(
ImportError: apply_chat_template requires jinja2>=3.1.0 to be installed. Your version is 3.0.3.

[2026-05-01 13:09:26]     [256/576] N3-survivorship-bias: generating (cap=2048)...
[2026-05-01 13:09:26]       ERROR: apply_chat_template requires jinja2>=3.1.0 to be installed. Your version is 3.0.3.
Traceback (most recent call last):
  File "/home/sumit/phronesis/mvp/run_openr1_sweep.py", line 403, in main
    r = generate(model, tokenizer, device, p["prompt"], cap)
  File "/home/sumit/phronesis/mvp/run_openr1_sweep.py", line 182, in generate
    text = tokenizer.apply_chat_template(
  File "/home/sumit/phronesis/mvp/.venv/lib/python3.10/site-packages/transformers/tokenization_utils_base.py", line 3086, in apply_chat_template
    rendered_chat, generation_indices = render_jinja_template(
  File "/home/sumit/phronesis/mvp/.venv/lib/python3.10/site-packages/transformers/utils/chat_template_utils.py", line 514, in render_jinja_template
    compiled_template = _compile_jinja_template(chat_template)
  File "/home/sumit/phronesis/mvp/.venv/lib/python3.10/site-packages/transformers/utils/chat_template_utils.py", line 421, in _compile_jinja_template
    return _cached_compile_jinja_template(chat_template)
  File "/home/sumit/phronesis/mvp/.venv/lib/python3.10/site-packages/transformers/utils/chat_template_utils.py", line 474, in _cached_compile_jinja_template
    raise ImportError(
ImportError: apply_chat_template requires jinja2>=3.1.0 to be installed. Your version is 3.0.3.

[2026-05-01 13:09:26]   ─ α=+10.00 (a+10.00) ─
[2026-05-01 13:09:26]     [257/576] E1-confabulation: generating (cap=2048)...
[2026-05-01 13:09:26]       ERROR: apply_chat_template requires jinja2>=3.1.0 to be installed. Your version is 3.0.3.
Traceback (most recent call last):
  File "/home/sumit/phronesis/mvp/run_openr1_sweep.py", line 403, in main
    r = generate(model, tokenizer, device, p["prompt"], cap)
  File "/home/sumit/phronesis/mvp/run_openr1_sweep.py", line 182, in generate
    text = tokenizer.apply_chat_template(
  File "/home/sumit/phronesis/mvp/.venv/lib/python3.10/site-packages/transformers/tokenization_utils_base.py", line 3086, in apply_chat_template
    rendered_chat, generation_indices = render_jinja_template(
  File "/home/sumit/phronesis/mvp/.venv/lib/python3.10/site-packages/transformers/utils/chat_template_utils.py", line 514, in render_jinja_template
    compiled_template = _compile_jinja_template(chat_template)
  File "/home/sumit/phronesis/mvp/.venv/lib/python3.10/site-packages/transformers/utils/chat_template_utils.py", line 421, in _compile_jinja_template
    return _cached_compile_jinja_template(chat_template)
  File "/home/sumit/phronesis/mvp/.venv/lib/python3.10/site-packages/transformers/utils/chat_template_utils.py", line 474, in _cached_compile_jinja_template
    raise ImportError(
ImportError: apply_chat_template requires jinja2>=3.1.0 to be installed. Your version is 3.0.3.

[2026-05-01 13:09:26]     [258/576] E2-contested-science: generating (cap=2048)...
[2026-05-01 13:09:26]       ERROR: apply_chat_template requires jinja2>=3.1.0 to be installed. Your version is 3.0.3.
Traceback (most recent call last):
  File "/home/sumit/phronesis/mvp/run_openr1_sweep.py", line 403, in main
    r = generate(model, tokenizer, device, p["prompt"], cap)
  File "/home/sumit/phronesis/mvp/run_openr1_sweep.py", line 182, in generate
    text = tokenizer.apply_chat_template(
  File "/home/sumit/phronesis/mvp/.venv/lib/python3.10/site-packages/transformers/tokenization_utils_base.py", line 3086, in apply_chat_template
    rendered_chat, generation_indices = render_jinja_template(
  File "/home/sumit/phronesis/mvp/.venv/lib/python3.10/site-packages/transformers/utils/chat_template_utils.py", line 514, in render_jinja_template
    compiled_template = _compile_jinja_template(chat_template)
  File "/home/sumit/phronesis/mvp/.venv/lib/python3.10/site-packages/transformers/utils/chat_template_utils.py", line 421, in _compile_jinja_template
    return _cached_compile_jinja_template(chat_template)
  File "/home/sumit/phronesis/mvp/.venv/lib/python3.10/site-packages/transformers/utils/chat_template_utils.py", line 474, in _cached_compile_jinja_template
    raise ImportError(
ImportError: apply_chat_template requires jinja2>=3.1.0 to be installed. Your version is 3.0.3.

[2026-05-01 13:09:26]     [259/576] E3-bayesian-update: generating (cap=8192)...
[2026-05-01 13:09:26]       ERROR: apply_chat_template requires jinja2>=3.1.0 to be installed. Your version is 3.0.3.
Traceback (most recent call last):
  File "/home/sumit/phronesis/mvp/run_openr1_sweep.py", line 403, in main
    r = generate(model, tokenizer, device, p["prompt"], cap)
  File "/home/sumit/phronesis/mvp/run_openr1_sweep.py", line 182, in generate
    text = tokenizer.apply_chat_template(
  File "/home/sumit/phronesis/mvp/.venv/lib/python3.10/site-packages/transformers/tokenization_utils_base.py", line 3086, in apply_chat_template
    rendered_chat, generation_indices = render_jinja_template(
  File "/home/sumit/phronesis/mvp/.venv/lib/python3.10/site-packages/transformers/utils/chat_template_utils.py", line 514, in render_jinja_template
    compiled_template = _compile_jinja_template(chat_template)
  File "/home/sumit/phronesis/mvp/.venv/lib/python3.10/site-packages/transformers/utils/chat_template_utils.py", line 421, in _compile_jinja_template
    return _cached_compile_jinja_template(chat_template)
  File "/home/sumit/phronesis/mvp/.venv/lib/python3.10/site-packages/transformers/utils/chat_template_utils.py", line 474, in _cached_compile_jinja_template
    raise ImportError(
ImportError: apply_chat_template requires jinja2>=3.1.0 to be installed. Your version is 3.0.3.

[2026-05-01 13:09:26]     [260/576] E4-taxi-social: generating (cap=8192)...
[2026-05-01 13:09:26]       ERROR: apply_chat_template requires jinja2>=3.1.0 to be installed. Your version is 3.0.3.
Traceback (most recent call last):
  File "/home/sumit/phronesis/mvp/run_openr1_sweep.py", line 403, in main
    r = generate(model, tokenizer, device, p["prompt"], cap)
  File "/home/sumit/phronesis/mvp/run_openr1_sweep.py", line 182, in generate
    text = tokenizer.apply_chat_template(
  File "/home/sumit/phronesis/mvp/.venv/lib/python3.10/site-packages/transformers/tokenization_utils_base.py", line 3086, in apply_chat_template
    rendered_chat, generation_indices = render_jinja_template(
  File "/home/sumit/phronesis/mvp/.venv/lib/python3.10/site-packages/transformers/utils/chat_template_utils.py", line 514, in render_jinja_template
    compiled_template = _compile_jinja_template(chat_template)
  File "/home/sumit/phronesis/mvp/.venv/lib/python3.10/site-packages/transformers/utils/chat_template_utils.py", line 421, in _compile_jinja_template
    return _cached_compile_jinja_template(chat_template)
  File "/home/sumit/phronesis/mvp/.venv/lib/python3.10/site-packages/transformers/utils/chat_template_utils.py", line 474, in _cached_compile_jinja_template
    raise ImportError(
ImportError: apply_chat_template requires jinja2>=3.1.0 to be installed. Your version is 3.0.3.

[2026-05-01 13:09:26]     [261/576] E5-ecological-fallacy: generating (cap=2048)...
[2026-05-01 13:09:26]       ERROR: apply_chat_template requires jinja2>=3.1.0 to be installed. Your version is 3.0.3.
Traceback (most recent call last):
  File "/home/sumit/phronesis/mvp/run_openr1_sweep.py", line 403, in main
    r = generate(model, tokenizer, device, p["prompt"], cap)
  File "/home/sumit/phronesis/mvp/run_openr1_sweep.py", line 182, in generate
    text = tokenizer.apply_chat_template(
  File "/home/sumit/phronesis/mvp/.venv/lib/python3.10/site-packages/transformers/tokenization_utils_base.py", line 3086, in apply_chat_template
    rendered_chat, generation_indices = render_jinja_template(
  File "/home/sumit/phronesis/mvp/.venv/lib/python3.10/site-packages/transformers/utils/chat_template_utils.py", line 514, in render_jinja_template
    compiled_template = _compile_jinja_template(chat_template)
  File "/home/sumit/phronesis/mvp/.venv/lib/python3.10/site-packages/transformers/utils/chat_template_utils.py", line 421, in _compile_jinja_template
    return _cached_compile_jinja_template(chat_template)
  File "/home/sumit/phronesis/mvp/.venv/lib/python3.10/site-packages/transformers/utils/chat_template_utils.py", line 474, in _cached_compile_jinja_template
    raise ImportError(
ImportError: apply_chat_template requires jinja2>=3.1.0 to be installed. Your version is 3.0.3.

[2026-05-01 13:09:26]     [262/576] N1-simpsons-paradox: generating (cap=4096)...
[2026-05-01 13:09:26]       ERROR: apply_chat_template requires jinja2>=3.1.0 to be installed. Your version is 3.0.3.
Traceback (most recent call last):
  File "/home/sumit/phronesis/mvp/run_openr1_sweep.py", line 403, in main
    r = generate(model, tokenizer, device, p["prompt"], cap)
  File "/home/sumit/phronesis/mvp/run_openr1_sweep.py", line 182, in generate
    text = tokenizer.apply_chat_template(
  File "/home/sumit/phronesis/mvp/.venv/lib/python3.10/site-packages/transformers/tokenization_utils_base.py", line 3086, in apply_chat_template
    rendered_chat, generation_indices = render_jinja_template(
  File "/home/sumit/phronesis/mvp/.venv/lib/python3.10/site-packages/transformers/utils/chat_template_utils.py", line 514, in render_jinja_template
    compiled_template = _compile_jinja_template(chat_template)
  File "/home/sumit/phronesis/mvp/.venv/lib/python3.10/site-packages/transformers/utils/chat_template_utils.py", line 421, in _compile_jinja_template
    return _cached_compile_jinja_template(chat_template)
  File "/home/sumit/phronesis/mvp/.venv/lib/python3.10/site-packages/transformers/utils/chat_template_utils.py", line 474, in _cached_compile_jinja_template
    raise ImportError(
ImportError: apply_chat_template requires jinja2>=3.1.0 to be installed. Your version is 3.0.3.

[2026-05-01 13:09:26]     [263/576] N2-conjunction-fallacy: generating (cap=2048)...
[2026-05-01 13:09:26]       ERROR: apply_chat_template requires jinja2>=3.1.0 to be installed. Your version is 3.0.3.
Traceback (most recent call last):
  File "/home/sumit/phronesis/mvp/run_openr1_sweep.py", line 403, in main
    r = generate(model, tokenizer, device, p["prompt"], cap)
  File "/home/sumit/phronesis/mvp/run_openr1_sweep.py", line 182, in generate
    text = tokenizer.apply_chat_template(
  File "/home/sumit/phronesis/mvp/.venv/lib/python3.10/site-packages/transformers/tokenization_utils_base.py", line 3086, in apply_chat_template
    rendered_chat, generation_indices = render_jinja_template(
  File "/home/sumit/phronesis/mvp/.venv/lib/python3.10/site-packages/transformers/utils/chat_template_utils.py", line 514, in render_jinja_template
    compiled_template = _compile_jinja_template(chat_template)
  File "/home/sumit/phronesis/mvp/.venv/lib/python3.10/site-packages/transformers/utils/chat_template_utils.py", line 421, in _compile_jinja_template
    return _cached_compile_jinja_template(chat_template)
  File "/home/sumit/phronesis/mvp/.venv/lib/python3.10/site-packages/transformers/utils/chat_template_utils.py", line 474, in _cached_compile_jinja_template
    raise ImportError(
ImportError: apply_chat_template requires jinja2>=3.1.0 to be installed. Your version is 3.0.3.

[2026-05-01 13:09:26]     [264/576] N3-survivorship-bias: generating (cap=2048)...
[2026-05-01 13:09:26]       ERROR: apply_chat_template requires jinja2>=3.1.0 to be installed. Your version is 3.0.3.
Traceback (most recent call last):
  File "/home/sumit/phronesis/mvp/run_openr1_sweep.py", line 403, in main
    r = generate(model, tokenizer, device, p["prompt"], cap)
  File "/home/sumit/phronesis/mvp/run_openr1_sweep.py", line 182, in generate
    text = tokenizer.apply_chat_template(
  File "/home/sumit/phronesis/mvp/.venv/lib/python3.10/site-packages/transformers/tokenization_utils_base.py", line 3086, in apply_chat_template
    rendered_chat, generation_indices = render_jinja_template(
  File "/home/sumit/phronesis/mvp/.venv/lib/python3.10/site-packages/transformers/utils/chat_template_utils.py", line 514, in render_jinja_template
    compiled_template = _compile_jinja_template(chat_template)
  File "/home/sumit/phronesis/mvp/.venv/lib/python3.10/site-packages/transformers/utils/chat_template_utils.py", line 421, in _compile_jinja_template
    return _cached_compile_jinja_template(chat_template)
  File "/home/sumit/phronesis/mvp/.venv/lib/python3.10/site-packages/transformers/utils/chat_template_utils.py", line 474, in _cached_compile_jinja_template
    raise ImportError(
ImportError: apply_chat_template requires jinja2>=3.1.0 to be installed. Your version is 3.0.3.

[2026-05-01 13:09:26]   ─ α=+12.00 (a+12.00) ─
[2026-05-01 13:09:26]     [265/576] E1-confabulation: generating (cap=2048)...
[2026-05-01 13:09:26]       ERROR: apply_chat_template requires jinja2>=3.1.0 to be installed. Your version is 3.0.3.
Traceback (most recent call last):
  File "/home/sumit/phronesis/mvp/run_openr1_sweep.py", line 403, in main
    r = generate(model, tokenizer, device, p["prompt"], cap)
  File "/home/sumit/phronesis/mvp/run_openr1_sweep.py", line 182, in generate
    text = tokenizer.apply_chat_template(
  File "/home/sumit/phronesis/mvp/.venv/lib/python3.10/site-packages/transformers/tokenization_utils_base.py", line 3086, in apply_chat_template
    rendered_chat, generation_indices = render_jinja_template(
  File "/home/sumit/phronesis/mvp/.venv/lib/python3.10/site-packages/transformers/utils/chat_template_utils.py", line 514, in render_jinja_template
    compiled_template = _compile_jinja_template(chat_template)
  File "/home/sumit/phronesis/mvp/.venv/lib/python3.10/site-packages/transformers/utils/chat_template_utils.py", line 421, in _compile_jinja_template
    return _cached_compile_jinja_template(chat_template)
  File "/home/sumit/phronesis/mvp/.venv/lib/python3.10/site-packages/transformers/utils/chat_template_utils.py", line 474, in _cached_compile_jinja_template
    raise ImportError(
ImportError: apply_chat_template requires jinja2>=3.1.0 to be installed. Your version is 3.0.3.

[2026-05-01 13:09:26]     [266/576] E2-contested-science: generating (cap=2048)...
[2026-05-01 13:09:26]       ERROR: apply_chat_template requires jinja2>=3.1.0 to be installed. Your version is 3.0.3.
Traceback (most recent call last):
  File "/home/sumit/phronesis/mvp/run_openr1_sweep.py", line 403, in main
    r = generate(model, tokenizer, device, p["prompt"], cap)
  File "/home/sumit/phronesis/mvp/run_openr1_sweep.py", line 182, in generate
    text = tokenizer.apply_chat_template(
  File "/home/sumit/phronesis/mvp/.venv/lib/python3.10/site-packages/transformers/tokenization_utils_base.py", line 3086, in apply_chat_template
    rendered_chat, generation_indices = render_jinja_template(
  File "/home/sumit/phronesis/mvp/.venv/lib/python3.10/site-packages/transformers/utils/chat_template_utils.py", line 514, in render_jinja_template
    compiled_template = _compile_jinja_template(chat_template)
  File "/home/sumit/phronesis/mvp/.venv/lib/python3.10/site-packages/transformers/utils/chat_template_utils.py", line 421, in _compile_jinja_template
    return _cached_compile_jinja_template(chat_template)
  File "/home/sumit/phronesis/mvp/.venv/lib/python3.10/site-packages/transformers/utils/chat_template_utils.py", line 474, in _cached_compile_jinja_template
    raise ImportError(
ImportError: apply_chat_template requires jinja2>=3.1.0 to be installed. Your version is 3.0.3.

[2026-05-01 13:09:26]     [267/576] E3-bayesian-update: generating (cap=8192)...
[2026-05-01 13:09:26]       ERROR: apply_chat_template requires jinja2>=3.1.0 to be installed. Your version is 3.0.3.
Traceback (most recent call last):
  File "/home/sumit/phronesis/mvp/run_openr1_sweep.py", line 403, in main
    r = generate(model, tokenizer, device, p["prompt"], cap)
  File "/home/sumit/phronesis/mvp/run_openr1_sweep.py", line 182, in generate
    text = tokenizer.apply_chat_template(
  File "/home/sumit/phronesis/mvp/.venv/lib/python3.10/site-packages/transformers/tokenization_utils_base.py", line 3086, in apply_chat_template
    rendered_chat, generation_indices = render_jinja_template(
  File "/home/sumit/phronesis/mvp/.venv/lib/python3.10/site-packages/transformers/utils/chat_template_utils.py", line 514, in render_jinja_template
    compiled_template = _compile_jinja_template(chat_template)
  File "/home/sumit/phronesis/mvp/.venv/lib/python3.10/site-packages/transformers/utils/chat_template_utils.py", line 421, in _compile_jinja_template
    return _cached_compile_jinja_template(chat_template)
  File "/home/sumit/phronesis/mvp/.venv/lib/python3.10/site-packages/transformers/utils/chat_template_utils.py", line 474, in _cached_compile_jinja_template
    raise ImportError(
ImportError: apply_chat_template requires jinja2>=3.1.0 to be installed. Your version is 3.0.3.

[2026-05-01 13:09:26]     [268/576] E4-taxi-social: generating (cap=8192)...
[2026-05-01 13:09:26]       ERROR: apply_chat_template requires jinja2>=3.1.0 to be installed. Your version is 3.0.3.
Traceback (most recent call last):
  File "/home/sumit/phronesis/mvp/run_openr1_sweep.py", line 403, in main
    r = generate(model, tokenizer, device, p["prompt"], cap)
  File "/home/sumit/phronesis/mvp/run_openr1_sweep.py", line 182, in generate
    text = tokenizer.apply_chat_template(
  File "/home/sumit/phronesis/mvp/.venv/lib/python3.10/site-packages/transformers/tokenization_utils_base.py", line 3086, in apply_chat_template
    rendered_chat, generation_indices = render_jinja_template(
  File "/home/sumit/phronesis/mvp/.venv/lib/python3.10/site-packages/transformers/utils/chat_template_utils.py", line 514, in render_jinja_template
    compiled_template = _compile_jinja_template(chat_template)
  File "/home/sumit/phronesis/mvp/.venv/lib/python3.10/site-packages/transformers/utils/chat_template_utils.py", line 421, in _compile_jinja_template
    return _cached_compile_jinja_template(chat_template)
  File "/home/sumit/phronesis/mvp/.venv/lib/python3.10/site-packages/transformers/utils/chat_template_utils.py", line 474, in _cached_compile_jinja_template
    raise ImportError(
ImportError: apply_chat_template requires jinja2>=3.1.0 to be installed. Your version is 3.0.3.

[2026-05-01 13:09:26]     [269/576] E5-ecological-fallacy: generating (cap=2048)...
[2026-05-01 13:09:26]       ERROR: apply_chat_template requires jinja2>=3.1.0 to be installed. Your version is 3.0.3.
Traceback (most recent call last):
  File "/home/sumit/phronesis/mvp/run_openr1_sweep.py", line 403, in main
    r = generate(model, tokenizer, device, p["prompt"], cap)
  File "/home/sumit/phronesis/mvp/run_openr1_sweep.py", line 182, in generate
    text = tokenizer.apply_chat_template(
  File "/home/sumit/phronesis/mvp/.venv/lib/python3.10/site-packages/transformers/tokenization_utils_base.py", line 3086, in apply_chat_template
    rendered_chat, generation_indices = render_jinja_template(
  File "/home/sumit/phronesis/mvp/.venv/lib/python3.10/site-packages/transformers/utils/chat_template_utils.py", line 514, in render_jinja_template
    compiled_template = _compile_jinja_template(chat_template)
  File "/home/sumit/phronesis/mvp/.venv/lib/python3.10/site-packages/transformers/utils/chat_template_utils.py", line 421, in _compile_jinja_template
    return _cached_compile_jinja_template(chat_template)
  File "/home/sumit/phronesis/mvp/.venv/lib/python3.10/site-packages/transformers/utils/chat_template_utils.py", line 474, in _cached_compile_jinja_template
    raise ImportError(
ImportError: apply_chat_template requires jinja2>=3.1.0 to be installed. Your version is 3.0.3.

[2026-05-01 13:09:26]     [270/576] N1-simpsons-paradox: generating (cap=4096)...
[2026-05-01 13:09:26]       ERROR: apply_chat_template requires jinja2>=3.1.0 to be installed. Your version is 3.0.3.
Traceback (most recent call last):
  File "/home/sumit/phronesis/mvp/run_openr1_sweep.py", line 403, in main
    r = generate(model, tokenizer, device, p["prompt"], cap)
  File "/home/sumit/phronesis/mvp/run_openr1_sweep.py", line 182, in generate
    text = tokenizer.apply_chat_template(
  File "/home/sumit/phronesis/mvp/.venv/lib/python3.10/site-packages/transformers/tokenization_utils_base.py", line 3086, in apply_chat_template
    rendered_chat, generation_indices = render_jinja_template(
  File "/home/sumit/phronesis/mvp/.venv/lib/python3.10/site-packages/transformers/utils/chat_template_utils.py", line 514, in render_jinja_template
    compiled_template = _compile_jinja_template(chat_template)
  File "/home/sumit/phronesis/mvp/.venv/lib/python3.10/site-packages/transformers/utils/chat_template_utils.py", line 421, in _compile_jinja_template
    return _cached_compile_jinja_template(chat_template)
  File "/home/sumit/phronesis/mvp/.venv/lib/python3.10/site-packages/transformers/utils/chat_template_utils.py", line 474, in _cached_compile_jinja_template
    raise ImportError(
ImportError: apply_chat_template requires jinja2>=3.1.0 to be installed. Your version is 3.0.3.

[2026-05-01 13:09:26]     [271/576] N2-conjunction-fallacy: generating (cap=2048)...
[2026-05-01 13:09:26]       ERROR: apply_chat_template requires jinja2>=3.1.0 to be installed. Your version is 3.0.3.
Traceback (most recent call last):
  File "/home/sumit/phronesis/mvp/run_openr1_sweep.py", line 403, in main
    r = generate(model, tokenizer, device, p["prompt"], cap)
  File "/home/sumit/phronesis/mvp/run_openr1_sweep.py", line 182, in generate
    text = tokenizer.apply_chat_template(
  File "/home/sumit/phronesis/mvp/.venv/lib/python3.10/site-packages/transformers/tokenization_utils_base.py", line 3086, in apply_chat_template
    rendered_chat, generation_indices = render_jinja_template(
  File "/home/sumit/phronesis/mvp/.venv/lib/python3.10/site-packages/transformers/utils/chat_template_utils.py", line 514, in render_jinja_template
    compiled_template = _compile_jinja_template(chat_template)
  File "/home/sumit/phronesis/mvp/.venv/lib/python3.10/site-packages/transformers/utils/chat_template_utils.py", line 421, in _compile_jinja_template
    return _cached_compile_jinja_template(chat_template)
  File "/home/sumit/phronesis/mvp/.venv/lib/python3.10/site-packages/transformers/utils/chat_template_utils.py", line 474, in _cached_compile_jinja_template
    raise ImportError(
ImportError: apply_chat_template requires jinja2>=3.1.0 to be installed. Your version is 3.0.3.

[2026-05-01 13:09:26]     [272/576] N3-survivorship-bias: generating (cap=2048)...
[2026-05-01 13:09:26]       ERROR: apply_chat_template requires jinja2>=3.1.0 to be installed. Your version is 3.0.3.
Traceback (most recent call last):
  File "/home/sumit/phronesis/mvp/run_openr1_sweep.py", line 403, in main
    r = generate(model, tokenizer, device, p["prompt"], cap)
  File "/home/sumit/phronesis/mvp/run_openr1_sweep.py", line 182, in generate
    text = tokenizer.apply_chat_template(
  File "/home/sumit/phronesis/mvp/.venv/lib/python3.10/site-packages/transformers/tokenization_utils_base.py", line 3086, in apply_chat_template
    rendered_chat, generation_indices = render_jinja_template(
  File "/home/sumit/phronesis/mvp/.venv/lib/python3.10/site-packages/transformers/utils/chat_template_utils.py", line 514, in render_jinja_template
    compiled_template = _compile_jinja_template(chat_template)
  File "/home/sumit/phronesis/mvp/.venv/lib/python3.10/site-packages/transformers/utils/chat_template_utils.py", line 421, in _compile_jinja_template
    return _cached_compile_jinja_template(chat_template)
  File "/home/sumit/phronesis/mvp/.venv/lib/python3.10/site-packages/transformers/utils/chat_template_utils.py", line 474, in _cached_compile_jinja_template
    raise ImportError(
ImportError: apply_chat_template requires jinja2>=3.1.0 to be installed. Your version is 3.0.3.

[2026-05-01 13:09:26]   ─ α=+16.00 (a+16.00) ─
[2026-05-01 13:09:26]     [273/576] E1-confabulation: generating (cap=2048)...
[2026-05-01 13:09:26]       ERROR: apply_chat_template requires jinja2>=3.1.0 to be installed. Your version is 3.0.3.
Traceback (most recent call last):
  File "/home/sumit/phronesis/mvp/run_openr1_sweep.py", line 403, in main
    r = generate(model, tokenizer, device, p["prompt"], cap)
  File "/home/sumit/phronesis/mvp/run_openr1_sweep.py", line 182, in generate
    text = tokenizer.apply_chat_template(
  File "/home/sumit/phronesis/mvp/.venv/lib/python3.10/site-packages/transformers/tokenization_utils_base.py", line 3086, in apply_chat_template
    rendered_chat, generation_indices = render_jinja_template(
  File "/home/sumit/phronesis/mvp/.venv/lib/python3.10/site-packages/transformers/utils/chat_template_utils.py", line 514, in render_jinja_template
    compiled_template = _compile_jinja_template(chat_template)
  File "/home/sumit/phronesis/mvp/.venv/lib/python3.10/site-packages/transformers/utils/chat_template_utils.py", line 421, in _compile_jinja_template
    return _cached_compile_jinja_template(chat_template)
  File "/home/sumit/phronesis/mvp/.venv/lib/python3.10/site-packages/transformers/utils/chat_template_utils.py", line 474, in _cached_compile_jinja_template
    raise ImportError(
ImportError: apply_chat_template requires jinja2>=3.1.0 to be installed. Your version is 3.0.3.

[2026-05-01 13:09:26]     [274/576] E2-contested-science: generating (cap=2048)...
[2026-05-01 13:09:26]       ERROR: apply_chat_template requires jinja2>=3.1.0 to be installed. Your version is 3.0.3.
Traceback (most recent call last):
  File "/home/sumit/phronesis/mvp/run_openr1_sweep.py", line 403, in main
    r = generate(model, tokenizer, device, p["prompt"], cap)
  File "/home/sumit/phronesis/mvp/run_openr1_sweep.py", line 182, in generate
    text = tokenizer.apply_chat_template(
  File "/home/sumit/phronesis/mvp/.venv/lib/python3.10/site-packages/transformers/tokenization_utils_base.py", line 3086, in apply_chat_template
    rendered_chat, generation_indices = render_jinja_template(
  File "/home/sumit/phronesis/mvp/.venv/lib/python3.10/site-packages/transformers/utils/chat_template_utils.py", line 514, in render_jinja_template
    compiled_template = _compile_jinja_template(chat_template)
  File "/home/sumit/phronesis/mvp/.venv/lib/python3.10/site-packages/transformers/utils/chat_template_utils.py", line 421, in _compile_jinja_template
    return _cached_compile_jinja_template(chat_template)
  File "/home/sumit/phronesis/mvp/.venv/lib/python3.10/site-packages/transformers/utils/chat_template_utils.py", line 474, in _cached_compile_jinja_template
    raise ImportError(
ImportError: apply_chat_template requires jinja2>=3.1.0 to be installed. Your version is 3.0.3.

[2026-05-01 13:09:26]     [275/576] E3-bayesian-update: generating (cap=8192)...
[2026-05-01 13:09:26]       ERROR: apply_chat_template requires jinja2>=3.1.0 to be installed. Your version is 3.0.3.
Traceback (most recent call last):
  File "/home/sumit/phronesis/mvp/run_openr1_sweep.py", line 403, in main
    r = generate(model, tokenizer, device, p["prompt"], cap)
  File "/home/sumit/phronesis/mvp/run_openr1_sweep.py", line 182, in generate
    text = tokenizer.apply_chat_template(
  File "/home/sumit/phronesis/mvp/.venv/lib/python3.10/site-packages/transformers/tokenization_utils_base.py", line 3086, in apply_chat_template
    rendered_chat, generation_indices = render_jinja_template(
  File "/home/sumit/phronesis/mvp/.venv/lib/python3.10/site-packages/transformers/utils/chat_template_utils.py", line 514, in render_jinja_template
    compiled_template = _compile_jinja_template(chat_template)
  File "/home/sumit/phronesis/mvp/.venv/lib/python3.10/site-packages/transformers/utils/chat_template_utils.py", line 421, in _compile_jinja_template
    return _cached_compile_jinja_template(chat_template)
  File "/home/sumit/phronesis/mvp/.venv/lib/python3.10/site-packages/transformers/utils/chat_template_utils.py", line 474, in _cached_compile_jinja_template
    raise ImportError(
ImportError: apply_chat_template requires jinja2>=3.1.0 to be installed. Your version is 3.0.3.

[2026-05-01 13:09:26]     [276/576] E4-taxi-social: generating (cap=8192)...
[2026-05-01 13:09:26]       ERROR: apply_chat_template requires jinja2>=3.1.0 to be installed. Your version is 3.0.3.
Traceback (most recent call last):
  File "/home/sumit/phronesis/mvp/run_openr1_sweep.py", line 403, in main
    r = generate(model, tokenizer, device, p["prompt"], cap)
  File "/home/sumit/phronesis/mvp/run_openr1_sweep.py", line 182, in generate
    text = tokenizer.apply_chat_template(
  File "/home/sumit/phronesis/mvp/.venv/lib/python3.10/site-packages/transformers/tokenization_utils_base.py", line 3086, in apply_chat_template
    rendered_chat, generation_indices = render_jinja_template(
  File "/home/sumit/phronesis/mvp/.venv/lib/python3.10/site-packages/transformers/utils/chat_template_utils.py", line 514, in render_jinja_template
    compiled_template = _compile_jinja_template(chat_template)
  File "/home/sumit/phronesis/mvp/.venv/lib/python3.10/site-packages/transformers/utils/chat_template_utils.py", line 421, in _compile_jinja_template
    return _cached_compile_jinja_template(chat_template)
  File "/home/sumit/phronesis/mvp/.venv/lib/python3.10/site-packages/transformers/utils/chat_template_utils.py", line 474, in _cached_compile_jinja_template
    raise ImportError(
ImportError: apply_chat_template requires jinja2>=3.1.0 to be installed. Your version is 3.0.3.

[2026-05-01 13:09:26]     [277/576] E5-ecological-fallacy: generating (cap=2048)...
[2026-05-01 13:09:26]       ERROR: apply_chat_template requires jinja2>=3.1.0 to be installed. Your version is 3.0.3.
Traceback (most recent call last):
  File "/home/sumit/phronesis/mvp/run_openr1_sweep.py", line 403, in main
    r = generate(model, tokenizer, device, p["prompt"], cap)
  File "/home/sumit/phronesis/mvp/run_openr1_sweep.py", line 182, in generate
    text = tokenizer.apply_chat_template(
  File "/home/sumit/phronesis/mvp/.venv/lib/python3.10/site-packages/transformers/tokenization_utils_base.py", line 3086, in apply_chat_template
    rendered_chat, generation_indices = render_jinja_template(
  File "/home/sumit/phronesis/mvp/.venv/lib/python3.10/site-packages/transformers/utils/chat_template_utils.py", line 514, in render_jinja_template
    compiled_template = _compile_jinja_template(chat_template)
  File "/home/sumit/phronesis/mvp/.venv/lib/python3.10/site-packages/transformers/utils/chat_template_utils.py", line 421, in _compile_jinja_template
    return _cached_compile_jinja_template(chat_template)
  File "/home/sumit/phronesis/mvp/.venv/lib/python3.10/site-packages/transformers/utils/chat_template_utils.py", line 474, in _cached_compile_jinja_template
    raise ImportError(
ImportError: apply_chat_template requires jinja2>=3.1.0 to be installed. Your version is 3.0.3.

[2026-05-01 13:09:26]     [278/576] N1-simpsons-paradox: generating (cap=4096)...
[2026-05-01 13:09:26]       ERROR: apply_chat_template requires jinja2>=3.1.0 to be installed. Your version is 3.0.3.
Traceback (most recent call last):
  File "/home/sumit/phronesis/mvp/run_openr1_sweep.py", line 403, in main
    r = generate(model, tokenizer, device, p["prompt"], cap)
  File "/home/sumit/phronesis/mvp/run_openr1_sweep.py", line 182, in generate
    text = tokenizer.apply_chat_template(
  File "/home/sumit/phronesis/mvp/.venv/lib/python3.10/site-packages/transformers/tokenization_utils_base.py", line 3086, in apply_chat_template
    rendered_chat, generation_indices = render_jinja_template(
  File "/home/sumit/phronesis/mvp/.venv/lib/python3.10/site-packages/transformers/utils/chat_template_utils.py", line 514, in render_jinja_template
    compiled_template = _compile_jinja_template(chat_template)
  File "/home/sumit/phronesis/mvp/.venv/lib/python3.10/site-packages/transformers/utils/chat_template_utils.py", line 421, in _compile_jinja_template
    return _cached_compile_jinja_template(chat_template)
  File "/home/sumit/phronesis/mvp/.venv/lib/python3.10/site-packages/transformers/utils/chat_template_utils.py", line 474, in _cached_compile_jinja_template
    raise ImportError(
ImportError: apply_chat_template requires jinja2>=3.1.0 to be installed. Your version is 3.0.3.

[2026-05-01 13:09:26]     [279/576] N2-conjunction-fallacy: generating (cap=2048)...
[2026-05-01 13:09:26]       ERROR: apply_chat_template requires jinja2>=3.1.0 to be installed. Your version is 3.0.3.
Traceback (most recent call last):
  File "/home/sumit/phronesis/mvp/run_openr1_sweep.py", line 403, in main
    r = generate(model, tokenizer, device, p["prompt"], cap)
  File "/home/sumit/phronesis/mvp/run_openr1_sweep.py", line 182, in generate
    text = tokenizer.apply_chat_template(
  File "/home/sumit/phronesis/mvp/.venv/lib/python3.10/site-packages/transformers/tokenization_utils_base.py", line 3086, in apply_chat_template
    rendered_chat, generation_indices = render_jinja_template(
  File "/home/sumit/phronesis/mvp/.venv/lib/python3.10/site-packages/transformers/utils/chat_template_utils.py", line 514, in render_jinja_template
    compiled_template = _compile_jinja_template(chat_template)
  File "/home/sumit/phronesis/mvp/.venv/lib/python3.10/site-packages/transformers/utils/chat_template_utils.py", line 421, in _compile_jinja_template
    return _cached_compile_jinja_template(chat_template)
  File "/home/sumit/phronesis/mvp/.venv/lib/python3.10/site-packages/transformers/utils/chat_template_utils.py", line 474, in _cached_compile_jinja_template
    raise ImportError(
ImportError: apply_chat_template requires jinja2>=3.1.0 to be installed. Your version is 3.0.3.

[2026-05-01 13:09:26]     [280/576] N3-survivorship-bias: generating (cap=2048)...
[2026-05-01 13:09:26]       ERROR: apply_chat_template requires jinja2>=3.1.0 to be installed. Your version is 3.0.3.
Traceback (most recent call last):
  File "/home/sumit/phronesis/mvp/run_openr1_sweep.py", line 403, in main
    r = generate(model, tokenizer, device, p["prompt"], cap)
  File "/home/sumit/phronesis/mvp/run_openr1_sweep.py", line 182, in generate
    text = tokenizer.apply_chat_template(
  File "/home/sumit/phronesis/mvp/.venv/lib/python3.10/site-packages/transformers/tokenization_utils_base.py", line 3086, in apply_chat_template
    rendered_chat, generation_indices = render_jinja_template(
  File "/home/sumit/phronesis/mvp/.venv/lib/python3.10/site-packages/transformers/utils/chat_template_utils.py", line 514, in render_jinja_template
    compiled_template = _compile_jinja_template(chat_template)
  File "/home/sumit/phronesis/mvp/.venv/lib/python3.10/site-packages/transformers/utils/chat_template_utils.py", line 421, in _compile_jinja_template
    return _cached_compile_jinja_template(chat_template)
  File "/home/sumit/phronesis/mvp/.venv/lib/python3.10/site-packages/transformers/utils/chat_template_utils.py", line 474, in _cached_compile_jinja_template
    raise ImportError(
ImportError: apply_chat_template requires jinja2>=3.1.0 to be installed. Your version is 3.0.3.

[2026-05-01 13:09:26]   ─ α=+20.00 (a+20.00) ─
[2026-05-01 13:09:26]     [281/576] E1-confabulation: generating (cap=2048)...
[2026-05-01 13:09:26]       ERROR: apply_chat_template requires jinja2>=3.1.0 to be installed. Your version is 3.0.3.
Traceback (most recent call last):
  File "/home/sumit/phronesis/mvp/run_openr1_sweep.py", line 403, in main
    r = generate(model, tokenizer, device, p["prompt"], cap)
  File "/home/sumit/phronesis/mvp/run_openr1_sweep.py", line 182, in generate
    text = tokenizer.apply_chat_template(
  File "/home/sumit/phronesis/mvp/.venv/lib/python3.10/site-packages/transformers/tokenization_utils_base.py", line 3086, in apply_chat_template
    rendered_chat, generation_indices = render_jinja_template(
  File "/home/sumit/phronesis/mvp/.venv/lib/python3.10/site-packages/transformers/utils/chat_template_utils.py", line 514, in render_jinja_template
    compiled_template = _compile_jinja_template(chat_template)
  File "/home/sumit/phronesis/mvp/.venv/lib/python3.10/site-packages/transformers/utils/chat_template_utils.py", line 421, in _compile_jinja_template
    return _cached_compile_jinja_template(chat_template)
  File "/home/sumit/phronesis/mvp/.venv/lib/python3.10/site-packages/transformers/utils/chat_template_utils.py", line 474, in _cached_compile_jinja_template
    raise ImportError(
ImportError: apply_chat_template requires jinja2>=3.1.0 to be installed. Your version is 3.0.3.

[2026-05-01 13:09:26]     [282/576] E2-contested-science: generating (cap=2048)...
[2026-05-01 13:09:26]       ERROR: apply_chat_template requires jinja2>=3.1.0 to be installed. Your version is 3.0.3.
Traceback (most recent call last):
  File "/home/sumit/phronesis/mvp/run_openr1_sweep.py", line 403, in main
    r = generate(model, tokenizer, device, p["prompt"], cap)
  File "/home/sumit/phronesis/mvp/run_openr1_sweep.py", line 182, in generate
    text = tokenizer.apply_chat_template(
  File "/home/sumit/phronesis/mvp/.venv/lib/python3.10/site-packages/transformers/tokenization_utils_base.py", line 3086, in apply_chat_template
    rendered_chat, generation_indices = render_jinja_template(
  File "/home/sumit/phronesis/mvp/.venv/lib/python3.10/site-packages/transformers/utils/chat_template_utils.py", line 514, in render_jinja_template
    compiled_template = _compile_jinja_template(chat_template)
  File "/home/sumit/phronesis/mvp/.venv/lib/python3.10/site-packages/transformers/utils/chat_template_utils.py", line 421, in _compile_jinja_template
    return _cached_compile_jinja_template(chat_template)
  File "/home/sumit/phronesis/mvp/.venv/lib/python3.10/site-packages/transformers/utils/chat_template_utils.py", line 474, in _cached_compile_jinja_template
    raise ImportError(
ImportError: apply_chat_template requires jinja2>=3.1.0 to be installed. Your version is 3.0.3.

[2026-05-01 13:09:26]     [283/576] E3-bayesian-update: generating (cap=8192)...
[2026-05-01 13:09:26]       ERROR: apply_chat_template requires jinja2>=3.1.0 to be installed. Your version is 3.0.3.
Traceback (most recent call last):
  File "/home/sumit/phronesis/mvp/run_openr1_sweep.py", line 403, in main
    r = generate(model, tokenizer, device, p["prompt"], cap)
  File "/home/sumit/phronesis/mvp/run_openr1_sweep.py", line 182, in generate
    text = tokenizer.apply_chat_template(
  File "/home/sumit/phronesis/mvp/.venv/lib/python3.10/site-packages/transformers/tokenization_utils_base.py", line 3086, in apply_chat_template
    rendered_chat, generation_indices = render_jinja_template(
  File "/home/sumit/phronesis/mvp/.venv/lib/python3.10/site-packages/transformers/utils/chat_template_utils.py", line 514, in render_jinja_template
    compiled_template = _compile_jinja_template(chat_template)
  File "/home/sumit/phronesis/mvp/.venv/lib/python3.10/site-packages/transformers/utils/chat_template_utils.py", line 421, in _compile_jinja_template
    return _cached_compile_jinja_template(chat_template)
  File "/home/sumit/phronesis/mvp/.venv/lib/python3.10/site-packages/transformers/utils/chat_template_utils.py", line 474, in _cached_compile_jinja_template
    raise ImportError(
ImportError: apply_chat_template requires jinja2>=3.1.0 to be installed. Your version is 3.0.3.

[2026-05-01 13:09:26]     [284/576] E4-taxi-social: generating (cap=8192)...
[2026-05-01 13:09:26]       ERROR: apply_chat_template requires jinja2>=3.1.0 to be installed. Your version is 3.0.3.
Traceback (most recent call last):
  File "/home/sumit/phronesis/mvp/run_openr1_sweep.py", line 403, in main
    r = generate(model, tokenizer, device, p["prompt"], cap)
  File "/home/sumit/phronesis/mvp/run_openr1_sweep.py", line 182, in generate
    text = tokenizer.apply_chat_template(
  File "/home/sumit/phronesis/mvp/.venv/lib/python3.10/site-packages/transformers/tokenization_utils_base.py", line 3086, in apply_chat_template
    rendered_chat, generation_indices = render_jinja_template(
  File "/home/sumit/phronesis/mvp/.venv/lib/python3.10/site-packages/transformers/utils/chat_template_utils.py", line 514, in render_jinja_template
    compiled_template = _compile_jinja_template(chat_template)
  File "/home/sumit/phronesis/mvp/.venv/lib/python3.10/site-packages/transformers/utils/chat_template_utils.py", line 421, in _compile_jinja_template
    return _cached_compile_jinja_template(chat_template)
  File "/home/sumit/phronesis/mvp/.venv/lib/python3.10/site-packages/transformers/utils/chat_template_utils.py", line 474, in _cached_compile_jinja_template
    raise ImportError(
ImportError: apply_chat_template requires jinja2>=3.1.0 to be installed. Your version is 3.0.3.

[2026-05-01 13:09:26]     [285/576] E5-ecological-fallacy: generating (cap=2048)...
[2026-05-01 13:09:26]       ERROR: apply_chat_template requires jinja2>=3.1.0 to be installed. Your version is 3.0.3.
Traceback (most recent call last):
  File "/home/sumit/phronesis/mvp/run_openr1_sweep.py", line 403, in main
    r = generate(model, tokenizer, device, p["prompt"], cap)
  File "/home/sumit/phronesis/mvp/run_openr1_sweep.py", line 182, in generate
    text = tokenizer.apply_chat_template(
  File "/home/sumit/phronesis/mvp/.venv/lib/python3.10/site-packages/transformers/tokenization_utils_base.py", line 3086, in apply_chat_template
    rendered_chat, generation_indices = render_jinja_template(
  File "/home/sumit/phronesis/mvp/.venv/lib/python3.10/site-packages/transformers/utils/chat_template_utils.py", line 514, in render_jinja_template
    compiled_template = _compile_jinja_template(chat_template)
  File "/home/sumit/phronesis/mvp/.venv/lib/python3.10/site-packages/transformers/utils/chat_template_utils.py", line 421, in _compile_jinja_template
    return _cached_compile_jinja_template(chat_template)
  File "/home/sumit/phronesis/mvp/.venv/lib/python3.10/site-packages/transformers/utils/chat_template_utils.py", line 474, in _cached_compile_jinja_template
    raise ImportError(
ImportError: apply_chat_template requires jinja2>=3.1.0 to be installed. Your version is 3.0.3.

[2026-05-01 13:09:26]     [286/576] N1-simpsons-paradox: generating (cap=4096)...
[2026-05-01 13:09:26]       ERROR: apply_chat_template requires jinja2>=3.1.0 to be installed. Your version is 3.0.3.
Traceback (most recent call last):
  File "/home/sumit/phronesis/mvp/run_openr1_sweep.py", line 403, in main
    r = generate(model, tokenizer, device, p["prompt"], cap)
  File "/home/sumit/phronesis/mvp/run_openr1_sweep.py", line 182, in generate
    text = tokenizer.apply_chat_template(
  File "/home/sumit/phronesis/mvp/.venv/lib/python3.10/site-packages/transformers/tokenization_utils_base.py", line 3086, in apply_chat_template
    rendered_chat, generation_indices = render_jinja_template(
  File "/home/sumit/phronesis/mvp/.venv/lib/python3.10/site-packages/transformers/utils/chat_template_utils.py", line 514, in render_jinja_template
    compiled_template = _compile_jinja_template(chat_template)
  File "/home/sumit/phronesis/mvp/.venv/lib/python3.10/site-packages/transformers/utils/chat_template_utils.py", line 421, in _compile_jinja_template
    return _cached_compile_jinja_template(chat_template)
  File "/home/sumit/phronesis/mvp/.venv/lib/python3.10/site-packages/transformers/utils/chat_template_utils.py", line 474, in _cached_compile_jinja_template
    raise ImportError(
ImportError: apply_chat_template requires jinja2>=3.1.0 to be installed. Your version is 3.0.3.

[2026-05-01 13:09:26]     [287/576] N2-conjunction-fallacy: generating (cap=2048)...
[2026-05-01 13:09:26]       ERROR: apply_chat_template requires jinja2>=3.1.0 to be installed. Your version is 3.0.3.
Traceback (most recent call last):
  File "/home/sumit/phronesis/mvp/run_openr1_sweep.py", line 403, in main
    r = generate(model, tokenizer, device, p["prompt"], cap)
  File "/home/sumit/phronesis/mvp/run_openr1_sweep.py", line 182, in generate
    text = tokenizer.apply_chat_template(
  File "/home/sumit/phronesis/mvp/.venv/lib/python3.10/site-packages/transformers/tokenization_utils_base.py", line 3086, in apply_chat_template
    rendered_chat, generation_indices = render_jinja_template(
  File "/home/sumit/phronesis/mvp/.venv/lib/python3.10/site-packages/transformers/utils/chat_template_utils.py", line 514, in render_jinja_template
    compiled_template = _compile_jinja_template(chat_template)
  File "/home/sumit/phronesis/mvp/.venv/lib/python3.10/site-packages/transformers/utils/chat_template_utils.py", line 421, in _compile_jinja_template
    return _cached_compile_jinja_template(chat_template)
  File "/home/sumit/phronesis/mvp/.venv/lib/python3.10/site-packages/transformers/utils/chat_template_utils.py", line 474, in _cached_compile_jinja_template
    raise ImportError(
ImportError: apply_chat_template requires jinja2>=3.1.0 to be installed. Your version is 3.0.3.

[2026-05-01 13:09:26]     [288/576] N3-survivorship-bias: generating (cap=2048)...
[2026-05-01 13:09:26]       ERROR: apply_chat_template requires jinja2>=3.1.0 to be installed. Your version is 3.0.3.
Traceback (most recent call last):
  File "/home/sumit/phronesis/mvp/run_openr1_sweep.py", line 403, in main
    r = generate(model, tokenizer, device, p["prompt"], cap)
  File "/home/sumit/phronesis/mvp/run_openr1_sweep.py", line 182, in generate
    text = tokenizer.apply_chat_template(
  File "/home/sumit/phronesis/mvp/.venv/lib/python3.10/site-packages/transformers/tokenization_utils_base.py", line 3086, in apply_chat_template
    rendered_chat, generation_indices = render_jinja_template(
  File "/home/sumit/phronesis/mvp/.venv/lib/python3.10/site-packages/transformers/utils/chat_template_utils.py", line 514, in render_jinja_template
    compiled_template = _compile_jinja_template(chat_template)
  File "/home/sumit/phronesis/mvp/.venv/lib/python3.10/site-packages/transformers/utils/chat_template_utils.py", line 421, in _compile_jinja_template
    return _cached_compile_jinja_template(chat_template)
  File "/home/sumit/phronesis/mvp/.venv/lib/python3.10/site-packages/transformers/utils/chat_template_utils.py", line 474, in _cached_compile_jinja_template
    raise ImportError(
ImportError: apply_chat_template requires jinja2>=3.1.0 to be installed. Your version is 3.0.3.

[2026-05-01 13:09:26] ════════════════════════════════════════════════════════════════════════
[2026-05-01 13:09:26] VECTOR IH_L25 — corpus=triplets-intellectual-humility  layer=L25  norm=217.26
[2026-05-01 13:09:26]   ─ α=-8.00 (a-08.00) ─
[2026-05-01 13:09:26]     [289/576] E1-confabulation: generating (cap=2048)...
[2026-05-01 13:09:26]       ERROR: apply_chat_template requires jinja2>=3.1.0 to be installed. Your version is 3.0.3.
Traceback (most recent call last):
  File "/home/sumit/phronesis/mvp/run_openr1_sweep.py", line 403, in main
    r = generate(model, tokenizer, device, p["prompt"], cap)
  File "/home/sumit/phronesis/mvp/run_openr1_sweep.py", line 182, in generate
    text = tokenizer.apply_chat_template(
  File "/home/sumit/phronesis/mvp/.venv/lib/python3.10/site-packages/transformers/tokenization_utils_base.py", line 3086, in apply_chat_template
    rendered_chat, generation_indices = render_jinja_template(
  File "/home/sumit/phronesis/mvp/.venv/lib/python3.10/site-packages/transformers/utils/chat_template_utils.py", line 514, in render_jinja_template
    compiled_template = _compile_jinja_template(chat_template)
  File "/home/sumit/phronesis/mvp/.venv/lib/python3.10/site-packages/transformers/utils/chat_template_utils.py", line 421, in _compile_jinja_template
    return _cached_compile_jinja_template(chat_template)
  File "/home/sumit/phronesis/mvp/.venv/lib/python3.10/site-packages/transformers/utils/chat_template_utils.py", line 474, in _cached_compile_jinja_template
    raise ImportError(
ImportError: apply_chat_template requires jinja2>=3.1.0 to be installed. Your version is 3.0.3.

[2026-05-01 13:09:26]     [290/576] E2-contested-science: generating (cap=2048)...
[2026-05-01 13:09:26]       ERROR: apply_chat_template requires jinja2>=3.1.0 to be installed. Your version is 3.0.3.
Traceback (most recent call last):
  File "/home/sumit/phronesis/mvp/run_openr1_sweep.py", line 403, in main
    r = generate(model, tokenizer, device, p["prompt"], cap)
  File "/home/sumit/phronesis/mvp/run_openr1_sweep.py", line 182, in generate
    text = tokenizer.apply_chat_template(
  File "/home/sumit/phronesis/mvp/.venv/lib/python3.10/site-packages/transformers/tokenization_utils_base.py", line 3086, in apply_chat_template
    rendered_chat, generation_indices = render_jinja_template(
  File "/home/sumit/phronesis/mvp/.venv/lib/python3.10/site-packages/transformers/utils/chat_template_utils.py", line 514, in render_jinja_template
    compiled_template = _compile_jinja_template(chat_template)
  File "/home/sumit/phronesis/mvp/.venv/lib/python3.10/site-packages/transformers/utils/chat_template_utils.py", line 421, in _compile_jinja_template
    return _cached_compile_jinja_template(chat_template)
  File "/home/sumit/phronesis/mvp/.venv/lib/python3.10/site-packages/transformers/utils/chat_template_utils.py", line 474, in _cached_compile_jinja_template
    raise ImportError(
ImportError: apply_chat_template requires jinja2>=3.1.0 to be installed. Your version is 3.0.3.

[2026-05-01 13:09:26]     [291/576] E3-bayesian-update: generating (cap=8192)...
[2026-05-01 13:09:26]       ERROR: apply_chat_template requires jinja2>=3.1.0 to be installed. Your version is 3.0.3.
Traceback (most recent call last):
  File "/home/sumit/phronesis/mvp/run_openr1_sweep.py", line 403, in main
    r = generate(model, tokenizer, device, p["prompt"], cap)
  File "/home/sumit/phronesis/mvp/run_openr1_sweep.py", line 182, in generate
    text = tokenizer.apply_chat_template(
  File "/home/sumit/phronesis/mvp/.venv/lib/python3.10/site-packages/transformers/tokenization_utils_base.py", line 3086, in apply_chat_template
    rendered_chat, generation_indices = render_jinja_template(
  File "/home/sumit/phronesis/mvp/.venv/lib/python3.10/site-packages/transformers/utils/chat_template_utils.py", line 514, in render_jinja_template
    compiled_template = _compile_jinja_template(chat_template)
  File "/home/sumit/phronesis/mvp/.venv/lib/python3.10/site-packages/transformers/utils/chat_template_utils.py", line 421, in _compile_jinja_template
    return _cached_compile_jinja_template(chat_template)
  File "/home/sumit/phronesis/mvp/.venv/lib/python3.10/site-packages/transformers/utils/chat_template_utils.py", line 474, in _cached_compile_jinja_template
    raise ImportError(
ImportError: apply_chat_template requires jinja2>=3.1.0 to be installed. Your version is 3.0.3.

[2026-05-01 13:09:26]     [292/576] E4-taxi-social: generating (cap=8192)...
[2026-05-01 13:09:26]       ERROR: apply_chat_template requires jinja2>=3.1.0 to be installed. Your version is 3.0.3.
Traceback (most recent call last):
  File "/home/sumit/phronesis/mvp/run_openr1_sweep.py", line 403, in main
    r = generate(model, tokenizer, device, p["prompt"], cap)
  File "/home/sumit/phronesis/mvp/run_openr1_sweep.py", line 182, in generate
    text = tokenizer.apply_chat_template(
  File "/home/sumit/phronesis/mvp/.venv/lib/python3.10/site-packages/transformers/tokenization_utils_base.py", line 3086, in apply_chat_template
    rendered_chat, generation_indices = render_jinja_template(
  File "/home/sumit/phronesis/mvp/.venv/lib/python3.10/site-packages/transformers/utils/chat_template_utils.py", line 514, in render_jinja_template
    compiled_template = _compile_jinja_template(chat_template)
  File "/home/sumit/phronesis/mvp/.venv/lib/python3.10/site-packages/transformers/utils/chat_template_utils.py", line 421, in _compile_jinja_template
    return _cached_compile_jinja_template(chat_template)
  File "/home/sumit/phronesis/mvp/.venv/lib/python3.10/site-packages/transformers/utils/chat_template_utils.py", line 474, in _cached_compile_jinja_template
    raise ImportError(
ImportError: apply_chat_template requires jinja2>=3.1.0 to be installed. Your version is 3.0.3.

[2026-05-01 13:09:26]     [293/576] E5-ecological-fallacy: generating (cap=2048)...
[2026-05-01 13:09:26]       ERROR: apply_chat_template requires jinja2>=3.1.0 to be installed. Your version is 3.0.3.
Traceback (most recent call last):
  File "/home/sumit/phronesis/mvp/run_openr1_sweep.py", line 403, in main
    r = generate(model, tokenizer, device, p["prompt"], cap)
  File "/home/sumit/phronesis/mvp/run_openr1_sweep.py", line 182, in generate
    text = tokenizer.apply_chat_template(
  File "/home/sumit/phronesis/mvp/.venv/lib/python3.10/site-packages/transformers/tokenization_utils_base.py", line 3086, in apply_chat_template
    rendered_chat, generation_indices = render_jinja_template(
  File "/home/sumit/phronesis/mvp/.venv/lib/python3.10/site-packages/transformers/utils/chat_template_utils.py", line 514, in render_jinja_template
    compiled_template = _compile_jinja_template(chat_template)
  File "/home/sumit/phronesis/mvp/.venv/lib/python3.10/site-packages/transformers/utils/chat_template_utils.py", line 421, in _compile_jinja_template
    return _cached_compile_jinja_template(chat_template)
  File "/home/sumit/phronesis/mvp/.venv/lib/python3.10/site-packages/transformers/utils/chat_template_utils.py", line 474, in _cached_compile_jinja_template
    raise ImportError(
ImportError: apply_chat_template requires jinja2>=3.1.0 to be installed. Your version is 3.0.3.

[2026-05-01 13:09:26]     [294/576] N1-simpsons-paradox: generating (cap=4096)...
[2026-05-01 13:09:26]       ERROR: apply_chat_template requires jinja2>=3.1.0 to be installed. Your version is 3.0.3.
Traceback (most recent call last):
  File "/home/sumit/phronesis/mvp/run_openr1_sweep.py", line 403, in main
    r = generate(model, tokenizer, device, p["prompt"], cap)
  File "/home/sumit/phronesis/mvp/run_openr1_sweep.py", line 182, in generate
    text = tokenizer.apply_chat_template(
  File "/home/sumit/phronesis/mvp/.venv/lib/python3.10/site-packages/transformers/tokenization_utils_base.py", line 3086, in apply_chat_template
    rendered_chat, generation_indices = render_jinja_template(
  File "/home/sumit/phronesis/mvp/.venv/lib/python3.10/site-packages/transformers/utils/chat_template_utils.py", line 514, in render_jinja_template
    compiled_template = _compile_jinja_template(chat_template)
  File "/home/sumit/phronesis/mvp/.venv/lib/python3.10/site-packages/transformers/utils/chat_template_utils.py", line 421, in _compile_jinja_template
    return _cached_compile_jinja_template(chat_template)
  File "/home/sumit/phronesis/mvp/.venv/lib/python3.10/site-packages/transformers/utils/chat_template_utils.py", line 474, in _cached_compile_jinja_template
    raise ImportError(
ImportError: apply_chat_template requires jinja2>=3.1.0 to be installed. Your version is 3.0.3.

[2026-05-01 13:09:26]     [295/576] N2-conjunction-fallacy: generating (cap=2048)...
[2026-05-01 13:09:26]       ERROR: apply_chat_template requires jinja2>=3.1.0 to be installed. Your version is 3.0.3.
Traceback (most recent call last):
  File "/home/sumit/phronesis/mvp/run_openr1_sweep.py", line 403, in main
    r = generate(model, tokenizer, device, p["prompt"], cap)
  File "/home/sumit/phronesis/mvp/run_openr1_sweep.py", line 182, in generate
    text = tokenizer.apply_chat_template(
  File "/home/sumit/phronesis/mvp/.venv/lib/python3.10/site-packages/transformers/tokenization_utils_base.py", line 3086, in apply_chat_template
    rendered_chat, generation_indices = render_jinja_template(
  File "/home/sumit/phronesis/mvp/.venv/lib/python3.10/site-packages/transformers/utils/chat_template_utils.py", line 514, in render_jinja_template
    compiled_template = _compile_jinja_template(chat_template)
  File "/home/sumit/phronesis/mvp/.venv/lib/python3.10/site-packages/transformers/utils/chat_template_utils.py", line 421, in _compile_jinja_template
    return _cached_compile_jinja_template(chat_template)
  File "/home/sumit/phronesis/mvp/.venv/lib/python3.10/site-packages/transformers/utils/chat_template_utils.py", line 474, in _cached_compile_jinja_template
    raise ImportError(
ImportError: apply_chat_template requires jinja2>=3.1.0 to be installed. Your version is 3.0.3.

[2026-05-01 13:09:26]     [296/576] N3-survivorship-bias: generating (cap=2048)...
[2026-05-01 13:09:26]       ERROR: apply_chat_template requires jinja2>=3.1.0 to be installed. Your version is 3.0.3.
Traceback (most recent call last):
  File "/home/sumit/phronesis/mvp/run_openr1_sweep.py", line 403, in main
    r = generate(model, tokenizer, device, p["prompt"], cap)
  File "/home/sumit/phronesis/mvp/run_openr1_sweep.py", line 182, in generate
    text = tokenizer.apply_chat_template(
  File "/home/sumit/phronesis/mvp/.venv/lib/python3.10/site-packages/transformers/tokenization_utils_base.py", line 3086, in apply_chat_template
    rendered_chat, generation_indices = render_jinja_template(
  File "/home/sumit/phronesis/mvp/.venv/lib/python3.10/site-packages/transformers/utils/chat_template_utils.py", line 514, in render_jinja_template
    compiled_template = _compile_jinja_template(chat_template)
  File "/home/sumit/phronesis/mvp/.venv/lib/python3.10/site-packages/transformers/utils/chat_template_utils.py", line 421, in _compile_jinja_template
    return _cached_compile_jinja_template(chat_template)
  File "/home/sumit/phronesis/mvp/.venv/lib/python3.10/site-packages/transformers/utils/chat_template_utils.py", line 474, in _cached_compile_jinja_template
    raise ImportError(
ImportError: apply_chat_template requires jinja2>=3.1.0 to be installed. Your version is 3.0.3.

[2026-05-01 13:09:26]   ─ α=-4.00 (a-04.00) ─
[2026-05-01 13:09:26]     [297/576] E1-confabulation: generating (cap=2048)...
[2026-05-01 13:09:26]       ERROR: apply_chat_template requires jinja2>=3.1.0 to be installed. Your version is 3.0.3.
Traceback (most recent call last):
  File "/home/sumit/phronesis/mvp/run_openr1_sweep.py", line 403, in main
    r = generate(model, tokenizer, device, p["prompt"], cap)
  File "/home/sumit/phronesis/mvp/run_openr1_sweep.py", line 182, in generate
    text = tokenizer.apply_chat_template(
  File "/home/sumit/phronesis/mvp/.venv/lib/python3.10/site-packages/transformers/tokenization_utils_base.py", line 3086, in apply_chat_template
    rendered_chat, generation_indices = render_jinja_template(
  File "/home/sumit/phronesis/mvp/.venv/lib/python3.10/site-packages/transformers/utils/chat_template_utils.py", line 514, in render_jinja_template
    compiled_template = _compile_jinja_template(chat_template)
  File "/home/sumit/phronesis/mvp/.venv/lib/python3.10/site-packages/transformers/utils/chat_template_utils.py", line 421, in _compile_jinja_template
    return _cached_compile_jinja_template(chat_template)
  File "/home/sumit/phronesis/mvp/.venv/lib/python3.10/site-packages/transformers/utils/chat_template_utils.py", line 474, in _cached_compile_jinja_template
    raise ImportError(
ImportError: apply_chat_template requires jinja2>=3.1.0 to be installed. Your version is 3.0.3.

[2026-05-01 13:09:26]     [298/576] E2-contested-science: generating (cap=2048)...
[2026-05-01 13:09:26]       ERROR: apply_chat_template requires jinja2>=3.1.0 to be installed. Your version is 3.0.3.
Traceback (most recent call last):
  File "/home/sumit/phronesis/mvp/run_openr1_sweep.py", line 403, in main
    r = generate(model, tokenizer, device, p["prompt"], cap)
  File "/home/sumit/phronesis/mvp/run_openr1_sweep.py", line 182, in generate
    text = tokenizer.apply_chat_template(
  File "/home/sumit/phronesis/mvp/.venv/lib/python3.10/site-packages/transformers/tokenization_utils_base.py", line 3086, in apply_chat_template
    rendered_chat, generation_indices = render_jinja_template(
  File "/home/sumit/phronesis/mvp/.venv/lib/python3.10/site-packages/transformers/utils/chat_template_utils.py", line 514, in render_jinja_template
    compiled_template = _compile_jinja_template(chat_template)
  File "/home/sumit/phronesis/mvp/.venv/lib/python3.10/site-packages/transformers/utils/chat_template_utils.py", line 421, in _compile_jinja_template
    return _cached_compile_jinja_template(chat_template)
  File "/home/sumit/phronesis/mvp/.venv/lib/python3.10/site-packages/transformers/utils/chat_template_utils.py", line 474, in _cached_compile_jinja_template
    raise ImportError(
ImportError: apply_chat_template requires jinja2>=3.1.0 to be installed. Your version is 3.0.3.

[2026-05-01 13:09:26]     [299/576] E3-bayesian-update: generating (cap=8192)...
[2026-05-01 13:09:26]       ERROR: apply_chat_template requires jinja2>=3.1.0 to be installed. Your version is 3.0.3.
Traceback (most recent call last):
  File "/home/sumit/phronesis/mvp/run_openr1_sweep.py", line 403, in main
    r = generate(model, tokenizer, device, p["prompt"], cap)
  File "/home/sumit/phronesis/mvp/run_openr1_sweep.py", line 182, in generate
    text = tokenizer.apply_chat_template(
  File "/home/sumit/phronesis/mvp/.venv/lib/python3.10/site-packages/transformers/tokenization_utils_base.py", line 3086, in apply_chat_template
    rendered_chat, generation_indices = render_jinja_template(
  File "/home/sumit/phronesis/mvp/.venv/lib/python3.10/site-packages/transformers/utils/chat_template_utils.py", line 514, in render_jinja_template
    compiled_template = _compile_jinja_template(chat_template)
  File "/home/sumit/phronesis/mvp/.venv/lib/python3.10/site-packages/transformers/utils/chat_template_utils.py", line 421, in _compile_jinja_template
    return _cached_compile_jinja_template(chat_template)
  File "/home/sumit/phronesis/mvp/.venv/lib/python3.10/site-packages/transformers/utils/chat_template_utils.py", line 474, in _cached_compile_jinja_template
    raise ImportError(
ImportError: apply_chat_template requires jinja2>=3.1.0 to be installed. Your version is 3.0.3.

[2026-05-01 13:09:26]     [300/576] E4-taxi-social: generating (cap=8192)...
[2026-05-01 13:09:26]       ERROR: apply_chat_template requires jinja2>=3.1.0 to be installed. Your version is 3.0.3.
Traceback (most recent call last):
  File "/home/sumit/phronesis/mvp/run_openr1_sweep.py", line 403, in main
    r = generate(model, tokenizer, device, p["prompt"], cap)
  File "/home/sumit/phronesis/mvp/run_openr1_sweep.py", line 182, in generate
    text = tokenizer.apply_chat_template(
  File "/home/sumit/phronesis/mvp/.venv/lib/python3.10/site-packages/transformers/tokenization_utils_base.py", line 3086, in apply_chat_template
    rendered_chat, generation_indices = render_jinja_template(
  File "/home/sumit/phronesis/mvp/.venv/lib/python3.10/site-packages/transformers/utils/chat_template_utils.py", line 514, in render_jinja_template
    compiled_template = _compile_jinja_template(chat_template)
  File "/home/sumit/phronesis/mvp/.venv/lib/python3.10/site-packages/transformers/utils/chat_template_utils.py", line 421, in _compile_jinja_template
    return _cached_compile_jinja_template(chat_template)
  File "/home/sumit/phronesis/mvp/.venv/lib/python3.10/site-packages/transformers/utils/chat_template_utils.py", line 474, in _cached_compile_jinja_template
    raise ImportError(
ImportError: apply_chat_template requires jinja2>=3.1.0 to be installed. Your version is 3.0.3.

[2026-05-01 13:09:26]     [301/576] E5-ecological-fallacy: generating (cap=2048)...
[2026-05-01 13:09:26]       ERROR: apply_chat_template requires jinja2>=3.1.0 to be installed. Your version is 3.0.3.
Traceback (most recent call last):
  File "/home/sumit/phronesis/mvp/run_openr1_sweep.py", line 403, in main
    r = generate(model, tokenizer, device, p["prompt"], cap)
  File "/home/sumit/phronesis/mvp/run_openr1_sweep.py", line 182, in generate
    text = tokenizer.apply_chat_template(
  File "/home/sumit/phronesis/mvp/.venv/lib/python3.10/site-packages/transformers/tokenization_utils_base.py", line 3086, in apply_chat_template
    rendered_chat, generation_indices = render_jinja_template(
  File "/home/sumit/phronesis/mvp/.venv/lib/python3.10/site-packages/transformers/utils/chat_template_utils.py", line 514, in render_jinja_template
    compiled_template = _compile_jinja_template(chat_template)
  File "/home/sumit/phronesis/mvp/.venv/lib/python3.10/site-packages/transformers/utils/chat_template_utils.py", line 421, in _compile_jinja_template
    return _cached_compile_jinja_template(chat_template)
  File "/home/sumit/phronesis/mvp/.venv/lib/python3.10/site-packages/transformers/utils/chat_template_utils.py", line 474, in _cached_compile_jinja_template
    raise ImportError(
ImportError: apply_chat_template requires jinja2>=3.1.0 to be installed. Your version is 3.0.3.

[2026-05-01 13:09:26]     [302/576] N1-simpsons-paradox: generating (cap=4096)...
[2026-05-01 13:09:26]       ERROR: apply_chat_template requires jinja2>=3.1.0 to be installed. Your version is 3.0.3.
Traceback (most recent call last):
  File "/home/sumit/phronesis/mvp/run_openr1_sweep.py", line 403, in main
    r = generate(model, tokenizer, device, p["prompt"], cap)
  File "/home/sumit/phronesis/mvp/run_openr1_sweep.py", line 182, in generate
    text = tokenizer.apply_chat_template(
  File "/home/sumit/phronesis/mvp/.venv/lib/python3.10/site-packages/transformers/tokenization_utils_base.py", line 3086, in apply_chat_template
    rendered_chat, generation_indices = render_jinja_template(
  File "/home/sumit/phronesis/mvp/.venv/lib/python3.10/site-packages/transformers/utils/chat_template_utils.py", line 514, in render_jinja_template
    compiled_template = _compile_jinja_template(chat_template)
  File "/home/sumit/phronesis/mvp/.venv/lib/python3.10/site-packages/transformers/utils/chat_template_utils.py", line 421, in _compile_jinja_template
    return _cached_compile_jinja_template(chat_template)
  File "/home/sumit/phronesis/mvp/.venv/lib/python3.10/site-packages/transformers/utils/chat_template_utils.py", line 474, in _cached_compile_jinja_template
    raise ImportError(
ImportError: apply_chat_template requires jinja2>=3.1.0 to be installed. Your version is 3.0.3.

[2026-05-01 13:09:26]     [303/576] N2-conjunction-fallacy: generating (cap=2048)...
[2026-05-01 13:09:26]       ERROR: apply_chat_template requires jinja2>=3.1.0 to be installed. Your version is 3.0.3.
Traceback (most recent call last):
  File "/home/sumit/phronesis/mvp/run_openr1_sweep.py", line 403, in main
    r = generate(model, tokenizer, device, p["prompt"], cap)
  File "/home/sumit/phronesis/mvp/run_openr1_sweep.py", line 182, in generate
    text = tokenizer.apply_chat_template(
  File "/home/sumit/phronesis/mvp/.venv/lib/python3.10/site-packages/transformers/tokenization_utils_base.py", line 3086, in apply_chat_template
    rendered_chat, generation_indices = render_jinja_template(
  File "/home/sumit/phronesis/mvp/.venv/lib/python3.10/site-packages/transformers/utils/chat_template_utils.py", line 514, in render_jinja_template
    compiled_template = _compile_jinja_template(chat_template)
  File "/home/sumit/phronesis/mvp/.venv/lib/python3.10/site-packages/transformers/utils/chat_template_utils.py", line 421, in _compile_jinja_template
    return _cached_compile_jinja_template(chat_template)
  File "/home/sumit/phronesis/mvp/.venv/lib/python3.10/site-packages/transformers/utils/chat_template_utils.py", line 474, in _cached_compile_jinja_template
    raise ImportError(
ImportError: apply_chat_template requires jinja2>=3.1.0 to be installed. Your version is 3.0.3.

[2026-05-01 13:09:26]     [304/576] N3-survivorship-bias: generating (cap=2048)...
[2026-05-01 13:09:26]       ERROR: apply_chat_template requires jinja2>=3.1.0 to be installed. Your version is 3.0.3.
Traceback (most recent call last):
  File "/home/sumit/phronesis/mvp/run_openr1_sweep.py", line 403, in main
    r = generate(model, tokenizer, device, p["prompt"], cap)
  File "/home/sumit/phronesis/mvp/run_openr1_sweep.py", line 182, in generate
    text = tokenizer.apply_chat_template(
  File "/home/sumit/phronesis/mvp/.venv/lib/python3.10/site-packages/transformers/tokenization_utils_base.py", line 3086, in apply_chat_template
    rendered_chat, generation_indices = render_jinja_template(
  File "/home/sumit/phronesis/mvp/.venv/lib/python3.10/site-packages/transformers/utils/chat_template_utils.py", line 514, in render_jinja_template
    compiled_template = _compile_jinja_template(chat_template)
  File "/home/sumit/phronesis/mvp/.venv/lib/python3.10/site-packages/transformers/utils/chat_template_utils.py", line 421, in _compile_jinja_template
    return _cached_compile_jinja_template(chat_template)
  File "/home/sumit/phronesis/mvp/.venv/lib/python3.10/site-packages/transformers/utils/chat_template_utils.py", line 474, in _cached_compile_jinja_template
    raise ImportError(
ImportError: apply_chat_template requires jinja2>=3.1.0 to be installed. Your version is 3.0.3.

[2026-05-01 13:09:26]   ─ α=-2.00 (a-02.00) ─
[2026-05-01 13:09:26]     [305/576] E1-confabulation: generating (cap=2048)...
[2026-05-01 13:09:26]       ERROR: apply_chat_template requires jinja2>=3.1.0 to be installed. Your version is 3.0.3.
Traceback (most recent call last):
  File "/home/sumit/phronesis/mvp/run_openr1_sweep.py", line 403, in main
    r = generate(model, tokenizer, device, p["prompt"], cap)
  File "/home/sumit/phronesis/mvp/run_openr1_sweep.py", line 182, in generate
    text = tokenizer.apply_chat_template(
  File "/home/sumit/phronesis/mvp/.venv/lib/python3.10/site-packages/transformers/tokenization_utils_base.py", line 3086, in apply_chat_template
    rendered_chat, generation_indices = render_jinja_template(
  File "/home/sumit/phronesis/mvp/.venv/lib/python3.10/site-packages/transformers/utils/chat_template_utils.py", line 514, in render_jinja_template
    compiled_template = _compile_jinja_template(chat_template)
  File "/home/sumit/phronesis/mvp/.venv/lib/python3.10/site-packages/transformers/utils/chat_template_utils.py", line 421, in _compile_jinja_template
    return _cached_compile_jinja_template(chat_template)
  File "/home/sumit/phronesis/mvp/.venv/lib/python3.10/site-packages/transformers/utils/chat_template_utils.py", line 474, in _cached_compile_jinja_template
    raise ImportError(
ImportError: apply_chat_template requires jinja2>=3.1.0 to be installed. Your version is 3.0.3.

[2026-05-01 13:09:26]     [306/576] E2-contested-science: generating (cap=2048)...
[2026-05-01 13:09:26]       ERROR: apply_chat_template requires jinja2>=3.1.0 to be installed. Your version is 3.0.3.
Traceback (most recent call last):
  File "/home/sumit/phronesis/mvp/run_openr1_sweep.py", line 403, in main
    r = generate(model, tokenizer, device, p["prompt"], cap)
  File "/home/sumit/phronesis/mvp/run_openr1_sweep.py", line 182, in generate
    text = tokenizer.apply_chat_template(
  File "/home/sumit/phronesis/mvp/.venv/lib/python3.10/site-packages/transformers/tokenization_utils_base.py", line 3086, in apply_chat_template
    rendered_chat, generation_indices = render_jinja_template(
  File "/home/sumit/phronesis/mvp/.venv/lib/python3.10/site-packages/transformers/utils/chat_template_utils.py", line 514, in render_jinja_template
    compiled_template = _compile_jinja_template(chat_template)
  File "/home/sumit/phronesis/mvp/.venv/lib/python3.10/site-packages/transformers/utils/chat_template_utils.py", line 421, in _compile_jinja_template
    return _cached_compile_jinja_template(chat_template)
  File "/home/sumit/phronesis/mvp/.venv/lib/python3.10/site-packages/transformers/utils/chat_template_utils.py", line 474, in _cached_compile_jinja_template
    raise ImportError(
ImportError: apply_chat_template requires jinja2>=3.1.0 to be installed. Your version is 3.0.3.

[2026-05-01 13:09:26]     [307/576] E3-bayesian-update: generating (cap=8192)...
[2026-05-01 13:09:26]       ERROR: apply_chat_template requires jinja2>=3.1.0 to be installed. Your version is 3.0.3.
Traceback (most recent call last):
  File "/home/sumit/phronesis/mvp/run_openr1_sweep.py", line 403, in main
    r = generate(model, tokenizer, device, p["prompt"], cap)
  File "/home/sumit/phronesis/mvp/run_openr1_sweep.py", line 182, in generate
    text = tokenizer.apply_chat_template(
  File "/home/sumit/phronesis/mvp/.venv/lib/python3.10/site-packages/transformers/tokenization_utils_base.py", line 3086, in apply_chat_template
    rendered_chat, generation_indices = render_jinja_template(
  File "/home/sumit/phronesis/mvp/.venv/lib/python3.10/site-packages/transformers/utils/chat_template_utils.py", line 514, in render_jinja_template
    compiled_template = _compile_jinja_template(chat_template)
  File "/home/sumit/phronesis/mvp/.venv/lib/python3.10/site-packages/transformers/utils/chat_template_utils.py", line 421, in _compile_jinja_template
    return _cached_compile_jinja_template(chat_template)
  File "/home/sumit/phronesis/mvp/.venv/lib/python3.10/site-packages/transformers/utils/chat_template_utils.py", line 474, in _cached_compile_jinja_template
    raise ImportError(
ImportError: apply_chat_template requires jinja2>=3.1.0 to be installed. Your version is 3.0.3.

[2026-05-01 13:09:26]     [308/576] E4-taxi-social: generating (cap=8192)...
[2026-05-01 13:09:26]       ERROR: apply_chat_template requires jinja2>=3.1.0 to be installed. Your version is 3.0.3.
Traceback (most recent call last):
  File "/home/sumit/phronesis/mvp/run_openr1_sweep.py", line 403, in main
    r = generate(model, tokenizer, device, p["prompt"], cap)
  File "/home/sumit/phronesis/mvp/run_openr1_sweep.py", line 182, in generate
    text = tokenizer.apply_chat_template(
  File "/home/sumit/phronesis/mvp/.venv/lib/python3.10/site-packages/transformers/tokenization_utils_base.py", line 3086, in apply_chat_template
    rendered_chat, generation_indices = render_jinja_template(
  File "/home/sumit/phronesis/mvp/.venv/lib/python3.10/site-packages/transformers/utils/chat_template_utils.py", line 514, in render_jinja_template
    compiled_template = _compile_jinja_template(chat_template)
  File "/home/sumit/phronesis/mvp/.venv/lib/python3.10/site-packages/transformers/utils/chat_template_utils.py", line 421, in _compile_jinja_template
    return _cached_compile_jinja_template(chat_template)
  File "/home/sumit/phronesis/mvp/.venv/lib/python3.10/site-packages/transformers/utils/chat_template_utils.py", line 474, in _cached_compile_jinja_template
    raise ImportError(
ImportError: apply_chat_template requires jinja2>=3.1.0 to be installed. Your version is 3.0.3.

[2026-05-01 13:09:26]     [309/576] E5-ecological-fallacy: generating (cap=2048)...
[2026-05-01 13:09:26]       ERROR: apply_chat_template requires jinja2>=3.1.0 to be installed. Your version is 3.0.3.
Traceback (most recent call last):
  File "/home/sumit/phronesis/mvp/run_openr1_sweep.py", line 403, in main
    r = generate(model, tokenizer, device, p["prompt"], cap)
  File "/home/sumit/phronesis/mvp/run_openr1_sweep.py", line 182, in generate
    text = tokenizer.apply_chat_template(
  File "/home/sumit/phronesis/mvp/.venv/lib/python3.10/site-packages/transformers/tokenization_utils_base.py", line 3086, in apply_chat_template
    rendered_chat, generation_indices = render_jinja_template(
  File "/home/sumit/phronesis/mvp/.venv/lib/python3.10/site-packages/transformers/utils/chat_template_utils.py", line 514, in render_jinja_template
    compiled_template = _compile_jinja_template(chat_template)
  File "/home/sumit/phronesis/mvp/.venv/lib/python3.10/site-packages/transformers/utils/chat_template_utils.py", line 421, in _compile_jinja_template
    return _cached_compile_jinja_template(chat_template)
  File "/home/sumit/phronesis/mvp/.venv/lib/python3.10/site-packages/transformers/utils/chat_template_utils.py", line 474, in _cached_compile_jinja_template
    raise ImportError(
ImportError: apply_chat_template requires jinja2>=3.1.0 to be installed. Your version is 3.0.3.

[2026-05-01 13:09:26]     [310/576] N1-simpsons-paradox: generating (cap=4096)...
[2026-05-01 13:09:26]       ERROR: apply_chat_template requires jinja2>=3.1.0 to be installed. Your version is 3.0.3.
Traceback (most recent call last):
  File "/home/sumit/phronesis/mvp/run_openr1_sweep.py", line 403, in main
    r = generate(model, tokenizer, device, p["prompt"], cap)
  File "/home/sumit/phronesis/mvp/run_openr1_sweep.py", line 182, in generate
    text = tokenizer.apply_chat_template(
  File "/home/sumit/phronesis/mvp/.venv/lib/python3.10/site-packages/transformers/tokenization_utils_base.py", line 3086, in apply_chat_template
    rendered_chat, generation_indices = render_jinja_template(
  File "/home/sumit/phronesis/mvp/.venv/lib/python3.10/site-packages/transformers/utils/chat_template_utils.py", line 514, in render_jinja_template
    compiled_template = _compile_jinja_template(chat_template)
  File "/home/sumit/phronesis/mvp/.venv/lib/python3.10/site-packages/transformers/utils/chat_template_utils.py", line 421, in _compile_jinja_template
    return _cached_compile_jinja_template(chat_template)
  File "/home/sumit/phronesis/mvp/.venv/lib/python3.10/site-packages/transformers/utils/chat_template_utils.py", line 474, in _cached_compile_jinja_template
    raise ImportError(
ImportError: apply_chat_template requires jinja2>=3.1.0 to be installed. Your version is 3.0.3.

[2026-05-01 13:09:26]     [311/576] N2-conjunction-fallacy: generating (cap=2048)...
[2026-05-01 13:09:26]       ERROR: apply_chat_template requires jinja2>=3.1.0 to be installed. Your version is 3.0.3.
Traceback (most recent call last):
  File "/home/sumit/phronesis/mvp/run_openr1_sweep.py", line 403, in main
    r = generate(model, tokenizer, device, p["prompt"], cap)
  File "/home/sumit/phronesis/mvp/run_openr1_sweep.py", line 182, in generate
    text = tokenizer.apply_chat_template(
  File "/home/sumit/phronesis/mvp/.venv/lib/python3.10/site-packages/transformers/tokenization_utils_base.py", line 3086, in apply_chat_template
    rendered_chat, generation_indices = render_jinja_template(
  File "/home/sumit/phronesis/mvp/.venv/lib/python3.10/site-packages/transformers/utils/chat_template_utils.py", line 514, in render_jinja_template
    compiled_template = _compile_jinja_template(chat_template)
  File "/home/sumit/phronesis/mvp/.venv/lib/python3.10/site-packages/transformers/utils/chat_template_utils.py", line 421, in _compile_jinja_template
    return _cached_compile_jinja_template(chat_template)
  File "/home/sumit/phronesis/mvp/.venv/lib/python3.10/site-packages/transformers/utils/chat_template_utils.py", line 474, in _cached_compile_jinja_template
    raise ImportError(
ImportError: apply_chat_template requires jinja2>=3.1.0 to be installed. Your version is 3.0.3.

[2026-05-01 13:09:26]     [312/576] N3-survivorship-bias: generating (cap=2048)...
[2026-05-01 13:09:26]       ERROR: apply_chat_template requires jinja2>=3.1.0 to be installed. Your version is 3.0.3.
Traceback (most recent call last):
  File "/home/sumit/phronesis/mvp/run_openr1_sweep.py", line 403, in main
    r = generate(model, tokenizer, device, p["prompt"], cap)
  File "/home/sumit/phronesis/mvp/run_openr1_sweep.py", line 182, in generate
    text = tokenizer.apply_chat_template(
  File "/home/sumit/phronesis/mvp/.venv/lib/python3.10/site-packages/transformers/tokenization_utils_base.py", line 3086, in apply_chat_template
    rendered_chat, generation_indices = render_jinja_template(
  File "/home/sumit/phronesis/mvp/.venv/lib/python3.10/site-packages/transformers/utils/chat_template_utils.py", line 514, in render_jinja_template
    compiled_template = _compile_jinja_template(chat_template)
  File "/home/sumit/phronesis/mvp/.venv/lib/python3.10/site-packages/transformers/utils/chat_template_utils.py", line 421, in _compile_jinja_template
    return _cached_compile_jinja_template(chat_template)
  File "/home/sumit/phronesis/mvp/.venv/lib/python3.10/site-packages/transformers/utils/chat_template_utils.py", line 474, in _cached_compile_jinja_template
    raise ImportError(
ImportError: apply_chat_template requires jinja2>=3.1.0 to be installed. Your version is 3.0.3.

[2026-05-01 13:09:26]   ─ α=+1.00 (a+01.00) ─
[2026-05-01 13:09:26]     [313/576] E1-confabulation: generating (cap=2048)...
[2026-05-01 13:09:26]       ERROR: apply_chat_template requires jinja2>=3.1.0 to be installed. Your version is 3.0.3.
Traceback (most recent call last):
  File "/home/sumit/phronesis/mvp/run_openr1_sweep.py", line 403, in main
    r = generate(model, tokenizer, device, p["prompt"], cap)
  File "/home/sumit/phronesis/mvp/run_openr1_sweep.py", line 182, in generate
    text = tokenizer.apply_chat_template(
  File "/home/sumit/phronesis/mvp/.venv/lib/python3.10/site-packages/transformers/tokenization_utils_base.py", line 3086, in apply_chat_template
    rendered_chat, generation_indices = render_jinja_template(
  File "/home/sumit/phronesis/mvp/.venv/lib/python3.10/site-packages/transformers/utils/chat_template_utils.py", line 514, in render_jinja_template
    compiled_template = _compile_jinja_template(chat_template)
  File "/home/sumit/phronesis/mvp/.venv/lib/python3.10/site-packages/transformers/utils/chat_template_utils.py", line 421, in _compile_jinja_template
    return _cached_compile_jinja_template(chat_template)
  File "/home/sumit/phronesis/mvp/.venv/lib/python3.10/site-packages/transformers/utils/chat_template_utils.py", line 474, in _cached_compile_jinja_template
    raise ImportError(
ImportError: apply_chat_template requires jinja2>=3.1.0 to be installed. Your version is 3.0.3.

[2026-05-01 13:09:26]     [314/576] E2-contested-science: generating (cap=2048)...
[2026-05-01 13:09:26]       ERROR: apply_chat_template requires jinja2>=3.1.0 to be installed. Your version is 3.0.3.
Traceback (most recent call last):
  File "/home/sumit/phronesis/mvp/run_openr1_sweep.py", line 403, in main
    r = generate(model, tokenizer, device, p["prompt"], cap)
  File "/home/sumit/phronesis/mvp/run_openr1_sweep.py", line 182, in generate
    text = tokenizer.apply_chat_template(
  File "/home/sumit/phronesis/mvp/.venv/lib/python3.10/site-packages/transformers/tokenization_utils_base.py", line 3086, in apply_chat_template
    rendered_chat, generation_indices = render_jinja_template(
  File "/home/sumit/phronesis/mvp/.venv/lib/python3.10/site-packages/transformers/utils/chat_template_utils.py", line 514, in render_jinja_template
    compiled_template = _compile_jinja_template(chat_template)
  File "/home/sumit/phronesis/mvp/.venv/lib/python3.10/site-packages/transformers/utils/chat_template_utils.py", line 421, in _compile_jinja_template
    return _cached_compile_jinja_template(chat_template)
  File "/home/sumit/phronesis/mvp/.venv/lib/python3.10/site-packages/transformers/utils/chat_template_utils.py", line 474, in _cached_compile_jinja_template
    raise ImportError(
ImportError: apply_chat_template requires jinja2>=3.1.0 to be installed. Your version is 3.0.3.

[2026-05-01 13:09:26]     [315/576] E3-bayesian-update: generating (cap=8192)...
[2026-05-01 13:09:26]       ERROR: apply_chat_template requires jinja2>=3.1.0 to be installed. Your version is 3.0.3.
Traceback (most recent call last):
  File "/home/sumit/phronesis/mvp/run_openr1_sweep.py", line 403, in main
    r = generate(model, tokenizer, device, p["prompt"], cap)
  File "/home/sumit/phronesis/mvp/run_openr1_sweep.py", line 182, in generate
    text = tokenizer.apply_chat_template(
  File "/home/sumit/phronesis/mvp/.venv/lib/python3.10/site-packages/transformers/tokenization_utils_base.py", line 3086, in apply_chat_template
    rendered_chat, generation_indices = render_jinja_template(
  File "/home/sumit/phronesis/mvp/.venv/lib/python3.10/site-packages/transformers/utils/chat_template_utils.py", line 514, in render_jinja_template
    compiled_template = _compile_jinja_template(chat_template)
  File "/home/sumit/phronesis/mvp/.venv/lib/python3.10/site-packages/transformers/utils/chat_template_utils.py", line 421, in _compile_jinja_template
    return _cached_compile_jinja_template(chat_template)
  File "/home/sumit/phronesis/mvp/.venv/lib/python3.10/site-packages/transformers/utils/chat_template_utils.py", line 474, in _cached_compile_jinja_template
    raise ImportError(
ImportError: apply_chat_template requires jinja2>=3.1.0 to be installed. Your version is 3.0.3.

[2026-05-01 13:09:26]     [316/576] E4-taxi-social: generating (cap=8192)...
[2026-05-01 13:09:26]       ERROR: apply_chat_template requires jinja2>=3.1.0 to be installed. Your version is 3.0.3.
Traceback (most recent call last):
  File "/home/sumit/phronesis/mvp/run_openr1_sweep.py", line 403, in main
    r = generate(model, tokenizer, device, p["prompt"], cap)
  File "/home/sumit/phronesis/mvp/run_openr1_sweep.py", line 182, in generate
    text = tokenizer.apply_chat_template(
  File "/home/sumit/phronesis/mvp/.venv/lib/python3.10/site-packages/transformers/tokenization_utils_base.py", line 3086, in apply_chat_template
    rendered_chat, generation_indices = render_jinja_template(
  File "/home/sumit/phronesis/mvp/.venv/lib/python3.10/site-packages/transformers/utils/chat_template_utils.py", line 514, in render_jinja_template
    compiled_template = _compile_jinja_template(chat_template)
  File "/home/sumit/phronesis/mvp/.venv/lib/python3.10/site-packages/transformers/utils/chat_template_utils.py", line 421, in _compile_jinja_template
    return _cached_compile_jinja_template(chat_template)
  File "/home/sumit/phronesis/mvp/.venv/lib/python3.10/site-packages/transformers/utils/chat_template_utils.py", line 474, in _cached_compile_jinja_template
    raise ImportError(
ImportError: apply_chat_template requires jinja2>=3.1.0 to be installed. Your version is 3.0.3.

[2026-05-01 13:09:26]     [317/576] E5-ecological-fallacy: generating (cap=2048)...
[2026-05-01 13:09:26]       ERROR: apply_chat_template requires jinja2>=3.1.0 to be installed. Your version is 3.0.3.
Traceback (most recent call last):
  File "/home/sumit/phronesis/mvp/run_openr1_sweep.py", line 403, in main
    r = generate(model, tokenizer, device, p["prompt"], cap)
  File "/home/sumit/phronesis/mvp/run_openr1_sweep.py", line 182, in generate
    text = tokenizer.apply_chat_template(
  File "/home/sumit/phronesis/mvp/.venv/lib/python3.10/site-packages/transformers/tokenization_utils_base.py", line 3086, in apply_chat_template
    rendered_chat, generation_indices = render_jinja_template(
  File "/home/sumit/phronesis/mvp/.venv/lib/python3.10/site-packages/transformers/utils/chat_template_utils.py", line 514, in render_jinja_template
    compiled_template = _compile_jinja_template(chat_template)
  File "/home/sumit/phronesis/mvp/.venv/lib/python3.10/site-packages/transformers/utils/chat_template_utils.py", line 421, in _compile_jinja_template
    return _cached_compile_jinja_template(chat_template)
  File "/home/sumit/phronesis/mvp/.venv/lib/python3.10/site-packages/transformers/utils/chat_template_utils.py", line 474, in _cached_compile_jinja_template
    raise ImportError(
ImportError: apply_chat_template requires jinja2>=3.1.0 to be installed. Your version is 3.0.3.

[2026-05-01 13:09:26]     [318/576] N1-simpsons-paradox: generating (cap=4096)...
[2026-05-01 13:09:26]       ERROR: apply_chat_template requires jinja2>=3.1.0 to be installed. Your version is 3.0.3.
Traceback (most recent call last):
  File "/home/sumit/phronesis/mvp/run_openr1_sweep.py", line 403, in main
    r = generate(model, tokenizer, device, p["prompt"], cap)
  File "/home/sumit/phronesis/mvp/run_openr1_sweep.py", line 182, in generate
    text = tokenizer.apply_chat_template(
  File "/home/sumit/phronesis/mvp/.venv/lib/python3.10/site-packages/transformers/tokenization_utils_base.py", line 3086, in apply_chat_template
    rendered_chat, generation_indices = render_jinja_template(
  File "/home/sumit/phronesis/mvp/.venv/lib/python3.10/site-packages/transformers/utils/chat_template_utils.py", line 514, in render_jinja_template
    compiled_template = _compile_jinja_template(chat_template)
  File "/home/sumit/phronesis/mvp/.venv/lib/python3.10/site-packages/transformers/utils/chat_template_utils.py", line 421, in _compile_jinja_template
    return _cached_compile_jinja_template(chat_template)
  File "/home/sumit/phronesis/mvp/.venv/lib/python3.10/site-packages/transformers/utils/chat_template_utils.py", line 474, in _cached_compile_jinja_template
    raise ImportError(
ImportError: apply_chat_template requires jinja2>=3.1.0 to be installed. Your version is 3.0.3.

[2026-05-01 13:09:26]     [319/576] N2-conjunction-fallacy: generating (cap=2048)...
[2026-05-01 13:09:26]       ERROR: apply_chat_template requires jinja2>=3.1.0 to be installed. Your version is 3.0.3.
Traceback (most recent call last):
  File "/home/sumit/phronesis/mvp/run_openr1_sweep.py", line 403, in main
    r = generate(model, tokenizer, device, p["prompt"], cap)
  File "/home/sumit/phronesis/mvp/run_openr1_sweep.py", line 182, in generate
    text = tokenizer.apply_chat_template(
  File "/home/sumit/phronesis/mvp/.venv/lib/python3.10/site-packages/transformers/tokenization_utils_base.py", line 3086, in apply_chat_template
    rendered_chat, generation_indices = render_jinja_template(
  File "/home/sumit/phronesis/mvp/.venv/lib/python3.10/site-packages/transformers/utils/chat_template_utils.py", line 514, in render_jinja_template
    compiled_template = _compile_jinja_template(chat_template)
  File "/home/sumit/phronesis/mvp/.venv/lib/python3.10/site-packages/transformers/utils/chat_template_utils.py", line 421, in _compile_jinja_template
    return _cached_compile_jinja_template(chat_template)
  File "/home/sumit/phronesis/mvp/.venv/lib/python3.10/site-packages/transformers/utils/chat_template_utils.py", line 474, in _cached_compile_jinja_template
    raise ImportError(
ImportError: apply_chat_template requires jinja2>=3.1.0 to be installed. Your version is 3.0.3.

[2026-05-01 13:09:26]     [320/576] N3-survivorship-bias: generating (cap=2048)...
[2026-05-01 13:09:26]       ERROR: apply_chat_template requires jinja2>=3.1.0 to be installed. Your version is 3.0.3.
Traceback (most recent call last):
  File "/home/sumit/phronesis/mvp/run_openr1_sweep.py", line 403, in main
    r = generate(model, tokenizer, device, p["prompt"], cap)
  File "/home/sumit/phronesis/mvp/run_openr1_sweep.py", line 182, in generate
    text = tokenizer.apply_chat_template(
  File "/home/sumit/phronesis/mvp/.venv/lib/python3.10/site-packages/transformers/tokenization_utils_base.py", line 3086, in apply_chat_template
    rendered_chat, generation_indices = render_jinja_template(
  File "/home/sumit/phronesis/mvp/.venv/lib/python3.10/site-packages/transformers/utils/chat_template_utils.py", line 514, in render_jinja_template
    compiled_template = _compile_jinja_template(chat_template)
  File "/home/sumit/phronesis/mvp/.venv/lib/python3.10/site-packages/transformers/utils/chat_template_utils.py", line 421, in _compile_jinja_template
    return _cached_compile_jinja_template(chat_template)
  File "/home/sumit/phronesis/mvp/.venv/lib/python3.10/site-packages/transformers/utils/chat_template_utils.py", line 474, in _cached_compile_jinja_template
    raise ImportError(
ImportError: apply_chat_template requires jinja2>=3.1.0 to be installed. Your version is 3.0.3.

[2026-05-01 13:09:26]   ─ α=+2.00 (a+02.00) ─
[2026-05-01 13:09:26]     [321/576] E1-confabulation: generating (cap=2048)...
[2026-05-01 13:09:26]       ERROR: apply_chat_template requires jinja2>=3.1.0 to be installed. Your version is 3.0.3.
Traceback (most recent call last):
  File "/home/sumit/phronesis/mvp/run_openr1_sweep.py", line 403, in main
    r = generate(model, tokenizer, device, p["prompt"], cap)
  File "/home/sumit/phronesis/mvp/run_openr1_sweep.py", line 182, in generate
    text = tokenizer.apply_chat_template(
  File "/home/sumit/phronesis/mvp/.venv/lib/python3.10/site-packages/transformers/tokenization_utils_base.py", line 3086, in apply_chat_template
    rendered_chat, generation_indices = render_jinja_template(
  File "/home/sumit/phronesis/mvp/.venv/lib/python3.10/site-packages/transformers/utils/chat_template_utils.py", line 514, in render_jinja_template
    compiled_template = _compile_jinja_template(chat_template)
  File "/home/sumit/phronesis/mvp/.venv/lib/python3.10/site-packages/transformers/utils/chat_template_utils.py", line 421, in _compile_jinja_template
    return _cached_compile_jinja_template(chat_template)
  File "/home/sumit/phronesis/mvp/.venv/lib/python3.10/site-packages/transformers/utils/chat_template_utils.py", line 474, in _cached_compile_jinja_template
    raise ImportError(
ImportError: apply_chat_template requires jinja2>=3.1.0 to be installed. Your version is 3.0.3.

[2026-05-01 13:09:26]     [322/576] E2-contested-science: generating (cap=2048)...
[2026-05-01 13:09:26]       ERROR: apply_chat_template requires jinja2>=3.1.0 to be installed. Your version is 3.0.3.
Traceback (most recent call last):
  File "/home/sumit/phronesis/mvp/run_openr1_sweep.py", line 403, in main
    r = generate(model, tokenizer, device, p["prompt"], cap)
  File "/home/sumit/phronesis/mvp/run_openr1_sweep.py", line 182, in generate
    text = tokenizer.apply_chat_template(
  File "/home/sumit/phronesis/mvp/.venv/lib/python3.10/site-packages/transformers/tokenization_utils_base.py", line 3086, in apply_chat_template
    rendered_chat, generation_indices = render_jinja_template(
  File "/home/sumit/phronesis/mvp/.venv/lib/python3.10/site-packages/transformers/utils/chat_template_utils.py", line 514, in render_jinja_template
    compiled_template = _compile_jinja_template(chat_template)
  File "/home/sumit/phronesis/mvp/.venv/lib/python3.10/site-packages/transformers/utils/chat_template_utils.py", line 421, in _compile_jinja_template
    return _cached_compile_jinja_template(chat_template)
  File "/home/sumit/phronesis/mvp/.venv/lib/python3.10/site-packages/transformers/utils/chat_template_utils.py", line 474, in _cached_compile_jinja_template
    raise ImportError(
ImportError: apply_chat_template requires jinja2>=3.1.0 to be installed. Your version is 3.0.3.

[2026-05-01 13:09:26]     [323/576] E3-bayesian-update: generating (cap=8192)...
[2026-05-01 13:09:26]       ERROR: apply_chat_template requires jinja2>=3.1.0 to be installed. Your version is 3.0.3.
Traceback (most recent call last):
  File "/home/sumit/phronesis/mvp/run_openr1_sweep.py", line 403, in main
    r = generate(model, tokenizer, device, p["prompt"], cap)
  File "/home/sumit/phronesis/mvp/run_openr1_sweep.py", line 182, in generate
    text = tokenizer.apply_chat_template(
  File "/home/sumit/phronesis/mvp/.venv/lib/python3.10/site-packages/transformers/tokenization_utils_base.py", line 3086, in apply_chat_template
    rendered_chat, generation_indices = render_jinja_template(
  File "/home/sumit/phronesis/mvp/.venv/lib/python3.10/site-packages/transformers/utils/chat_template_utils.py", line 514, in render_jinja_template
    compiled_template = _compile_jinja_template(chat_template)
  File "/home/sumit/phronesis/mvp/.venv/lib/python3.10/site-packages/transformers/utils/chat_template_utils.py", line 421, in _compile_jinja_template
    return _cached_compile_jinja_template(chat_template)
  File "/home/sumit/phronesis/mvp/.venv/lib/python3.10/site-packages/transformers/utils/chat_template_utils.py", line 474, in _cached_compile_jinja_template
    raise ImportError(
ImportError: apply_chat_template requires jinja2>=3.1.0 to be installed. Your version is 3.0.3.

[2026-05-01 13:09:26]     [324/576] E4-taxi-social: generating (cap=8192)...
[2026-05-01 13:09:26]       ERROR: apply_chat_template requires jinja2>=3.1.0 to be installed. Your version is 3.0.3.
Traceback (most recent call last):
  File "/home/sumit/phronesis/mvp/run_openr1_sweep.py", line 403, in main
    r = generate(model, tokenizer, device, p["prompt"], cap)
  File "/home/sumit/phronesis/mvp/run_openr1_sweep.py", line 182, in generate
    text = tokenizer.apply_chat_template(
  File "/home/sumit/phronesis/mvp/.venv/lib/python3.10/site-packages/transformers/tokenization_utils_base.py", line 3086, in apply_chat_template
    rendered_chat, generation_indices = render_jinja_template(
  File "/home/sumit/phronesis/mvp/.venv/lib/python3.10/site-packages/transformers/utils/chat_template_utils.py", line 514, in render_jinja_template
    compiled_template = _compile_jinja_template(chat_template)
  File "/home/sumit/phronesis/mvp/.venv/lib/python3.10/site-packages/transformers/utils/chat_template_utils.py", line 421, in _compile_jinja_template
    return _cached_compile_jinja_template(chat_template)
  File "/home/sumit/phronesis/mvp/.venv/lib/python3.10/site-packages/transformers/utils/chat_template_utils.py", line 474, in _cached_compile_jinja_template
    raise ImportError(
ImportError: apply_chat_template requires jinja2>=3.1.0 to be installed. Your version is 3.0.3.

[2026-05-01 13:09:26]     [325/576] E5-ecological-fallacy: generating (cap=2048)...
[2026-05-01 13:09:26]       ERROR: apply_chat_template requires jinja2>=3.1.0 to be installed. Your version is 3.0.3.
Traceback (most recent call last):
  File "/home/sumit/phronesis/mvp/run_openr1_sweep.py", line 403, in main
    r = generate(model, tokenizer, device, p["prompt"], cap)
  File "/home/sumit/phronesis/mvp/run_openr1_sweep.py", line 182, in generate
    text = tokenizer.apply_chat_template(
  File "/home/sumit/phronesis/mvp/.venv/lib/python3.10/site-packages/transformers/tokenization_utils_base.py", line 3086, in apply_chat_template
    rendered_chat, generation_indices = render_jinja_template(
  File "/home/sumit/phronesis/mvp/.venv/lib/python3.10/site-packages/transformers/utils/chat_template_utils.py", line 514, in render_jinja_template
    compiled_template = _compile_jinja_template(chat_template)
  File "/home/sumit/phronesis/mvp/.venv/lib/python3.10/site-packages/transformers/utils/chat_template_utils.py", line 421, in _compile_jinja_template
    return _cached_compile_jinja_template(chat_template)
  File "/home/sumit/phronesis/mvp/.venv/lib/python3.10/site-packages/transformers/utils/chat_template_utils.py", line 474, in _cached_compile_jinja_template
    raise ImportError(
ImportError: apply_chat_template requires jinja2>=3.1.0 to be installed. Your version is 3.0.3.

[2026-05-01 13:09:26]     [326/576] N1-simpsons-paradox: generating (cap=4096)...
[2026-05-01 13:09:26]       ERROR: apply_chat_template requires jinja2>=3.1.0 to be installed. Your version is 3.0.3.
Traceback (most recent call last):
  File "/home/sumit/phronesis/mvp/run_openr1_sweep.py", line 403, in main
    r = generate(model, tokenizer, device, p["prompt"], cap)
  File "/home/sumit/phronesis/mvp/run_openr1_sweep.py", line 182, in generate
    text = tokenizer.apply_chat_template(
  File "/home/sumit/phronesis/mvp/.venv/lib/python3.10/site-packages/transformers/tokenization_utils_base.py", line 3086, in apply_chat_template
    rendered_chat, generation_indices = render_jinja_template(
  File "/home/sumit/phronesis/mvp/.venv/lib/python3.10/site-packages/transformers/utils/chat_template_utils.py", line 514, in render_jinja_template
    compiled_template = _compile_jinja_template(chat_template)
  File "/home/sumit/phronesis/mvp/.venv/lib/python3.10/site-packages/transformers/utils/chat_template_utils.py", line 421, in _compile_jinja_template
    return _cached_compile_jinja_template(chat_template)
  File "/home/sumit/phronesis/mvp/.venv/lib/python3.10/site-packages/transformers/utils/chat_template_utils.py", line 474, in _cached_compile_jinja_template
    raise ImportError(
ImportError: apply_chat_template requires jinja2>=3.1.0 to be installed. Your version is 3.0.3.

[2026-05-01 13:09:26]     [327/576] N2-conjunction-fallacy: generating (cap=2048)...
[2026-05-01 13:09:26]       ERROR: apply_chat_template requires jinja2>=3.1.0 to be installed. Your version is 3.0.3.
Traceback (most recent call last):
  File "/home/sumit/phronesis/mvp/run_openr1_sweep.py", line 403, in main
    r = generate(model, tokenizer, device, p["prompt"], cap)
  File "/home/sumit/phronesis/mvp/run_openr1_sweep.py", line 182, in generate
    text = tokenizer.apply_chat_template(
  File "/home/sumit/phronesis/mvp/.venv/lib/python3.10/site-packages/transformers/tokenization_utils_base.py", line 3086, in apply_chat_template
    rendered_chat, generation_indices = render_jinja_template(
  File "/home/sumit/phronesis/mvp/.venv/lib/python3.10/site-packages/transformers/utils/chat_template_utils.py", line 514, in render_jinja_template
    compiled_template = _compile_jinja_template(chat_template)
  File "/home/sumit/phronesis/mvp/.venv/lib/python3.10/site-packages/transformers/utils/chat_template_utils.py", line 421, in _compile_jinja_template
    return _cached_compile_jinja_template(chat_template)
  File "/home/sumit/phronesis/mvp/.venv/lib/python3.10/site-packages/transformers/utils/chat_template_utils.py", line 474, in _cached_compile_jinja_template
    raise ImportError(
ImportError: apply_chat_template requires jinja2>=3.1.0 to be installed. Your version is 3.0.3.

[2026-05-01 13:09:26]     [328/576] N3-survivorship-bias: generating (cap=2048)...
[2026-05-01 13:09:26]       ERROR: apply_chat_template requires jinja2>=3.1.0 to be installed. Your version is 3.0.3.
Traceback (most recent call last):
  File "/home/sumit/phronesis/mvp/run_openr1_sweep.py", line 403, in main
    r = generate(model, tokenizer, device, p["prompt"], cap)
  File "/home/sumit/phronesis/mvp/run_openr1_sweep.py", line 182, in generate
    text = tokenizer.apply_chat_template(
  File "/home/sumit/phronesis/mvp/.venv/lib/python3.10/site-packages/transformers/tokenization_utils_base.py", line 3086, in apply_chat_template
    rendered_chat, generation_indices = render_jinja_template(
  File "/home/sumit/phronesis/mvp/.venv/lib/python3.10/site-packages/transformers/utils/chat_template_utils.py", line 514, in render_jinja_template
    compiled_template = _compile_jinja_template(chat_template)
  File "/home/sumit/phronesis/mvp/.venv/lib/python3.10/site-packages/transformers/utils/chat_template_utils.py", line 421, in _compile_jinja_template
    return _cached_compile_jinja_template(chat_template)
  File "/home/sumit/phronesis/mvp/.venv/lib/python3.10/site-packages/transformers/utils/chat_template_utils.py", line 474, in _cached_compile_jinja_template
    raise ImportError(
ImportError: apply_chat_template requires jinja2>=3.1.0 to be installed. Your version is 3.0.3.

[2026-05-01 13:09:26]   ─ α=+4.00 (a+04.00) ─
[2026-05-01 13:09:26]     [329/576] E1-confabulation: generating (cap=2048)...
[2026-05-01 13:09:26]       ERROR: apply_chat_template requires jinja2>=3.1.0 to be installed. Your version is 3.0.3.
Traceback (most recent call last):
  File "/home/sumit/phronesis/mvp/run_openr1_sweep.py", line 403, in main
    r = generate(model, tokenizer, device, p["prompt"], cap)
  File "/home/sumit/phronesis/mvp/run_openr1_sweep.py", line 182, in generate
    text = tokenizer.apply_chat_template(
  File "/home/sumit/phronesis/mvp/.venv/lib/python3.10/site-packages/transformers/tokenization_utils_base.py", line 3086, in apply_chat_template
    rendered_chat, generation_indices = render_jinja_template(
  File "/home/sumit/phronesis/mvp/.venv/lib/python3.10/site-packages/transformers/utils/chat_template_utils.py", line 514, in render_jinja_template
    compiled_template = _compile_jinja_template(chat_template)
  File "/home/sumit/phronesis/mvp/.venv/lib/python3.10/site-packages/transformers/utils/chat_template_utils.py", line 421, in _compile_jinja_template
    return _cached_compile_jinja_template(chat_template)
  File "/home/sumit/phronesis/mvp/.venv/lib/python3.10/site-packages/transformers/utils/chat_template_utils.py", line 474, in _cached_compile_jinja_template
    raise ImportError(
ImportError: apply_chat_template requires jinja2>=3.1.0 to be installed. Your version is 3.0.3.

[2026-05-01 13:09:26]     [330/576] E2-contested-science: generating (cap=2048)...
[2026-05-01 13:09:26]       ERROR: apply_chat_template requires jinja2>=3.1.0 to be installed. Your version is 3.0.3.
Traceback (most recent call last):
  File "/home/sumit/phronesis/mvp/run_openr1_sweep.py", line 403, in main
    r = generate(model, tokenizer, device, p["prompt"], cap)
  File "/home/sumit/phronesis/mvp/run_openr1_sweep.py", line 182, in generate
    text = tokenizer.apply_chat_template(
  File "/home/sumit/phronesis/mvp/.venv/lib/python3.10/site-packages/transformers/tokenization_utils_base.py", line 3086, in apply_chat_template
    rendered_chat, generation_indices = render_jinja_template(
  File "/home/sumit/phronesis/mvp/.venv/lib/python3.10/site-packages/transformers/utils/chat_template_utils.py", line 514, in render_jinja_template
    compiled_template = _compile_jinja_template(chat_template)
  File "/home/sumit/phronesis/mvp/.venv/lib/python3.10/site-packages/transformers/utils/chat_template_utils.py", line 421, in _compile_jinja_template
    return _cached_compile_jinja_template(chat_template)
  File "/home/sumit/phronesis/mvp/.venv/lib/python3.10/site-packages/transformers/utils/chat_template_utils.py", line 474, in _cached_compile_jinja_template
    raise ImportError(
ImportError: apply_chat_template requires jinja2>=3.1.0 to be installed. Your version is 3.0.3.

[2026-05-01 13:09:26]     [331/576] E3-bayesian-update: generating (cap=8192)...
[2026-05-01 13:09:26]       ERROR: apply_chat_template requires jinja2>=3.1.0 to be installed. Your version is 3.0.3.
Traceback (most recent call last):
  File "/home/sumit/phronesis/mvp/run_openr1_sweep.py", line 403, in main
    r = generate(model, tokenizer, device, p["prompt"], cap)
  File "/home/sumit/phronesis/mvp/run_openr1_sweep.py", line 182, in generate
    text = tokenizer.apply_chat_template(
  File "/home/sumit/phronesis/mvp/.venv/lib/python3.10/site-packages/transformers/tokenization_utils_base.py", line 3086, in apply_chat_template
    rendered_chat, generation_indices = render_jinja_template(
  File "/home/sumit/phronesis/mvp/.venv/lib/python3.10/site-packages/transformers/utils/chat_template_utils.py", line 514, in render_jinja_template
    compiled_template = _compile_jinja_template(chat_template)
  File "/home/sumit/phronesis/mvp/.venv/lib/python3.10/site-packages/transformers/utils/chat_template_utils.py", line 421, in _compile_jinja_template
    return _cached_compile_jinja_template(chat_template)
  File "/home/sumit/phronesis/mvp/.venv/lib/python3.10/site-packages/transformers/utils/chat_template_utils.py", line 474, in _cached_compile_jinja_template
    raise ImportError(
ImportError: apply_chat_template requires jinja2>=3.1.0 to be installed. Your version is 3.0.3.

[2026-05-01 13:09:26]     [332/576] E4-taxi-social: generating (cap=8192)...
[2026-05-01 13:09:26]       ERROR: apply_chat_template requires jinja2>=3.1.0 to be installed. Your version is 3.0.3.
Traceback (most recent call last):
  File "/home/sumit/phronesis/mvp/run_openr1_sweep.py", line 403, in main
    r = generate(model, tokenizer, device, p["prompt"], cap)
  File "/home/sumit/phronesis/mvp/run_openr1_sweep.py", line 182, in generate
    text = tokenizer.apply_chat_template(
  File "/home/sumit/phronesis/mvp/.venv/lib/python3.10/site-packages/transformers/tokenization_utils_base.py", line 3086, in apply_chat_template
    rendered_chat, generation_indices = render_jinja_template(
  File "/home/sumit/phronesis/mvp/.venv/lib/python3.10/site-packages/transformers/utils/chat_template_utils.py", line 514, in render_jinja_template
    compiled_template = _compile_jinja_template(chat_template)
  File "/home/sumit/phronesis/mvp/.venv/lib/python3.10/site-packages/transformers/utils/chat_template_utils.py", line 421, in _compile_jinja_template
    return _cached_compile_jinja_template(chat_template)
  File "/home/sumit/phronesis/mvp/.venv/lib/python3.10/site-packages/transformers/utils/chat_template_utils.py", line 474, in _cached_compile_jinja_template
    raise ImportError(
ImportError: apply_chat_template requires jinja2>=3.1.0 to be installed. Your version is 3.0.3.

[2026-05-01 13:09:26]     [333/576] E5-ecological-fallacy: generating (cap=2048)...
[2026-05-01 13:09:26]       ERROR: apply_chat_template requires jinja2>=3.1.0 to be installed. Your version is 3.0.3.
Traceback (most recent call last):
  File "/home/sumit/phronesis/mvp/run_openr1_sweep.py", line 403, in main
    r = generate(model, tokenizer, device, p["prompt"], cap)
  File "/home/sumit/phronesis/mvp/run_openr1_sweep.py", line 182, in generate
    text = tokenizer.apply_chat_template(
  File "/home/sumit/phronesis/mvp/.venv/lib/python3.10/site-packages/transformers/tokenization_utils_base.py", line 3086, in apply_chat_template
    rendered_chat, generation_indices = render_jinja_template(
  File "/home/sumit/phronesis/mvp/.venv/lib/python3.10/site-packages/transformers/utils/chat_template_utils.py", line 514, in render_jinja_template
    compiled_template = _compile_jinja_template(chat_template)
  File "/home/sumit/phronesis/mvp/.venv/lib/python3.10/site-packages/transformers/utils/chat_template_utils.py", line 421, in _compile_jinja_template
    return _cached_compile_jinja_template(chat_template)
  File "/home/sumit/phronesis/mvp/.venv/lib/python3.10/site-packages/transformers/utils/chat_template_utils.py", line 474, in _cached_compile_jinja_template
    raise ImportError(
ImportError: apply_chat_template requires jinja2>=3.1.0 to be installed. Your version is 3.0.3.

[2026-05-01 13:09:26]     [334/576] N1-simpsons-paradox: generating (cap=4096)...
[2026-05-01 13:09:26]       ERROR: apply_chat_template requires jinja2>=3.1.0 to be installed. Your version is 3.0.3.
Traceback (most recent call last):
  File "/home/sumit/phronesis/mvp/run_openr1_sweep.py", line 403, in main
    r = generate(model, tokenizer, device, p["prompt"], cap)
  File "/home/sumit/phronesis/mvp/run_openr1_sweep.py", line 182, in generate
    text = tokenizer.apply_chat_template(
  File "/home/sumit/phronesis/mvp/.venv/lib/python3.10/site-packages/transformers/tokenization_utils_base.py", line 3086, in apply_chat_template
    rendered_chat, generation_indices = render_jinja_template(
  File "/home/sumit/phronesis/mvp/.venv/lib/python3.10/site-packages/transformers/utils/chat_template_utils.py", line 514, in render_jinja_template
    compiled_template = _compile_jinja_template(chat_template)
  File "/home/sumit/phronesis/mvp/.venv/lib/python3.10/site-packages/transformers/utils/chat_template_utils.py", line 421, in _compile_jinja_template
    return _cached_compile_jinja_template(chat_template)
  File "/home/sumit/phronesis/mvp/.venv/lib/python3.10/site-packages/transformers/utils/chat_template_utils.py", line 474, in _cached_compile_jinja_template
    raise ImportError(
ImportError: apply_chat_template requires jinja2>=3.1.0 to be installed. Your version is 3.0.3.

[2026-05-01 13:09:26]     [335/576] N2-conjunction-fallacy: generating (cap=2048)...
[2026-05-01 13:09:26]       ERROR: apply_chat_template requires jinja2>=3.1.0 to be installed. Your version is 3.0.3.
Traceback (most recent call last):
  File "/home/sumit/phronesis/mvp/run_openr1_sweep.py", line 403, in main
    r = generate(model, tokenizer, device, p["prompt"], cap)
  File "/home/sumit/phronesis/mvp/run_openr1_sweep.py", line 182, in generate
    text = tokenizer.apply_chat_template(
  File "/home/sumit/phronesis/mvp/.venv/lib/python3.10/site-packages/transformers/tokenization_utils_base.py", line 3086, in apply_chat_template
    rendered_chat, generation_indices = render_jinja_template(
  File "/home/sumit/phronesis/mvp/.venv/lib/python3.10/site-packages/transformers/utils/chat_template_utils.py", line 514, in render_jinja_template
    compiled_template = _compile_jinja_template(chat_template)
  File "/home/sumit/phronesis/mvp/.venv/lib/python3.10/site-packages/transformers/utils/chat_template_utils.py", line 421, in _compile_jinja_template
    return _cached_compile_jinja_template(chat_template)
  File "/home/sumit/phronesis/mvp/.venv/lib/python3.10/site-packages/transformers/utils/chat_template_utils.py", line 474, in _cached_compile_jinja_template
    raise ImportError(
ImportError: apply_chat_template requires jinja2>=3.1.0 to be installed. Your version is 3.0.3.

[2026-05-01 13:09:26]     [336/576] N3-survivorship-bias: generating (cap=2048)...
[2026-05-01 13:09:26]       ERROR: apply_chat_template requires jinja2>=3.1.0 to be installed. Your version is 3.0.3.
Traceback (most recent call last):
  File "/home/sumit/phronesis/mvp/run_openr1_sweep.py", line 403, in main
    r = generate(model, tokenizer, device, p["prompt"], cap)
  File "/home/sumit/phronesis/mvp/run_openr1_sweep.py", line 182, in generate
    text = tokenizer.apply_chat_template(
  File "/home/sumit/phronesis/mvp/.venv/lib/python3.10/site-packages/transformers/tokenization_utils_base.py", line 3086, in apply_chat_template
    rendered_chat, generation_indices = render_jinja_template(
  File "/home/sumit/phronesis/mvp/.venv/lib/python3.10/site-packages/transformers/utils/chat_template_utils.py", line 514, in render_jinja_template
    compiled_template = _compile_jinja_template(chat_template)
  File "/home/sumit/phronesis/mvp/.venv/lib/python3.10/site-packages/transformers/utils/chat_template_utils.py", line 421, in _compile_jinja_template
    return _cached_compile_jinja_template(chat_template)
  File "/home/sumit/phronesis/mvp/.venv/lib/python3.10/site-packages/transformers/utils/chat_template_utils.py", line 474, in _cached_compile_jinja_template
    raise ImportError(
ImportError: apply_chat_template requires jinja2>=3.1.0 to be installed. Your version is 3.0.3.

[2026-05-01 13:09:26]   ─ α=+6.00 (a+06.00) ─
[2026-05-01 13:09:26]     [337/576] E1-confabulation: generating (cap=2048)...
[2026-05-01 13:09:26]       ERROR: apply_chat_template requires jinja2>=3.1.0 to be installed. Your version is 3.0.3.
Traceback (most recent call last):
  File "/home/sumit/phronesis/mvp/run_openr1_sweep.py", line 403, in main
    r = generate(model, tokenizer, device, p["prompt"], cap)
  File "/home/sumit/phronesis/mvp/run_openr1_sweep.py", line 182, in generate
    text = tokenizer.apply_chat_template(
  File "/home/sumit/phronesis/mvp/.venv/lib/python3.10/site-packages/transformers/tokenization_utils_base.py", line 3086, in apply_chat_template
    rendered_chat, generation_indices = render_jinja_template(
  File "/home/sumit/phronesis/mvp/.venv/lib/python3.10/site-packages/transformers/utils/chat_template_utils.py", line 514, in render_jinja_template
    compiled_template = _compile_jinja_template(chat_template)
  File "/home/sumit/phronesis/mvp/.venv/lib/python3.10/site-packages/transformers/utils/chat_template_utils.py", line 421, in _compile_jinja_template
    return _cached_compile_jinja_template(chat_template)
  File "/home/sumit/phronesis/mvp/.venv/lib/python3.10/site-packages/transformers/utils/chat_template_utils.py", line 474, in _cached_compile_jinja_template
    raise ImportError(
ImportError: apply_chat_template requires jinja2>=3.1.0 to be installed. Your version is 3.0.3.

[2026-05-01 13:09:26]     [338/576] E2-contested-science: generating (cap=2048)...
[2026-05-01 13:09:26]       ERROR: apply_chat_template requires jinja2>=3.1.0 to be installed. Your version is 3.0.3.
Traceback (most recent call last):
  File "/home/sumit/phronesis/mvp/run_openr1_sweep.py", line 403, in main
    r = generate(model, tokenizer, device, p["prompt"], cap)
  File "/home/sumit/phronesis/mvp/run_openr1_sweep.py", line 182, in generate
    text = tokenizer.apply_chat_template(
  File "/home/sumit/phronesis/mvp/.venv/lib/python3.10/site-packages/transformers/tokenization_utils_base.py", line 3086, in apply_chat_template
    rendered_chat, generation_indices = render_jinja_template(
  File "/home/sumit/phronesis/mvp/.venv/lib/python3.10/site-packages/transformers/utils/chat_template_utils.py", line 514, in render_jinja_template
    compiled_template = _compile_jinja_template(chat_template)
  File "/home/sumit/phronesis/mvp/.venv/lib/python3.10/site-packages/transformers/utils/chat_template_utils.py", line 421, in _compile_jinja_template
    return _cached_compile_jinja_template(chat_template)
  File "/home/sumit/phronesis/mvp/.venv/lib/python3.10/site-packages/transformers/utils/chat_template_utils.py", line 474, in _cached_compile_jinja_template
    raise ImportError(
ImportError: apply_chat_template requires jinja2>=3.1.0 to be installed. Your version is 3.0.3.

[2026-05-01 13:09:26]     [339/576] E3-bayesian-update: generating (cap=8192)...
[2026-05-01 13:09:26]       ERROR: apply_chat_template requires jinja2>=3.1.0 to be installed. Your version is 3.0.3.
Traceback (most recent call last):
  File "/home/sumit/phronesis/mvp/run_openr1_sweep.py", line 403, in main
    r = generate(model, tokenizer, device, p["prompt"], cap)
  File "/home/sumit/phronesis/mvp/run_openr1_sweep.py", line 182, in generate
    text = tokenizer.apply_chat_template(
  File "/home/sumit/phronesis/mvp/.venv/lib/python3.10/site-packages/transformers/tokenization_utils_base.py", line 3086, in apply_chat_template
    rendered_chat, generation_indices = render_jinja_template(
  File "/home/sumit/phronesis/mvp/.venv/lib/python3.10/site-packages/transformers/utils/chat_template_utils.py", line 514, in render_jinja_template
    compiled_template = _compile_jinja_template(chat_template)
  File "/home/sumit/phronesis/mvp/.venv/lib/python3.10/site-packages/transformers/utils/chat_template_utils.py", line 421, in _compile_jinja_template
    return _cached_compile_jinja_template(chat_template)
  File "/home/sumit/phronesis/mvp/.venv/lib/python3.10/site-packages/transformers/utils/chat_template_utils.py", line 474, in _cached_compile_jinja_template
    raise ImportError(
ImportError: apply_chat_template requires jinja2>=3.1.0 to be installed. Your version is 3.0.3.

[2026-05-01 13:09:26]     [340/576] E4-taxi-social: generating (cap=8192)...
[2026-05-01 13:09:26]       ERROR: apply_chat_template requires jinja2>=3.1.0 to be installed. Your version is 3.0.3.
Traceback (most recent call last):
  File "/home/sumit/phronesis/mvp/run_openr1_sweep.py", line 403, in main
    r = generate(model, tokenizer, device, p["prompt"], cap)
  File "/home/sumit/phronesis/mvp/run_openr1_sweep.py", line 182, in generate
    text = tokenizer.apply_chat_template(
  File "/home/sumit/phronesis/mvp/.venv/lib/python3.10/site-packages/transformers/tokenization_utils_base.py", line 3086, in apply_chat_template
    rendered_chat, generation_indices = render_jinja_template(
  File "/home/sumit/phronesis/mvp/.venv/lib/python3.10/site-packages/transformers/utils/chat_template_utils.py", line 514, in render_jinja_template
    compiled_template = _compile_jinja_template(chat_template)
  File "/home/sumit/phronesis/mvp/.venv/lib/python3.10/site-packages/transformers/utils/chat_template_utils.py", line 421, in _compile_jinja_template
    return _cached_compile_jinja_template(chat_template)
  File "/home/sumit/phronesis/mvp/.venv/lib/python3.10/site-packages/transformers/utils/chat_template_utils.py", line 474, in _cached_compile_jinja_template
    raise ImportError(
ImportError: apply_chat_template requires jinja2>=3.1.0 to be installed. Your version is 3.0.3.

[2026-05-01 13:09:26]     [341/576] E5-ecological-fallacy: generating (cap=2048)...
[2026-05-01 13:09:26]       ERROR: apply_chat_template requires jinja2>=3.1.0 to be installed. Your version is 3.0.3.
Traceback (most recent call last):
  File "/home/sumit/phronesis/mvp/run_openr1_sweep.py", line 403, in main
    r = generate(model, tokenizer, device, p["prompt"], cap)
  File "/home/sumit/phronesis/mvp/run_openr1_sweep.py", line 182, in generate
    text = tokenizer.apply_chat_template(
  File "/home/sumit/phronesis/mvp/.venv/lib/python3.10/site-packages/transformers/tokenization_utils_base.py", line 3086, in apply_chat_template
    rendered_chat, generation_indices = render_jinja_template(
  File "/home/sumit/phronesis/mvp/.venv/lib/python3.10/site-packages/transformers/utils/chat_template_utils.py", line 514, in render_jinja_template
    compiled_template = _compile_jinja_template(chat_template)
  File "/home/sumit/phronesis/mvp/.venv/lib/python3.10/site-packages/transformers/utils/chat_template_utils.py", line 421, in _compile_jinja_template
    return _cached_compile_jinja_template(chat_template)
  File "/home/sumit/phronesis/mvp/.venv/lib/python3.10/site-packages/transformers/utils/chat_template_utils.py", line 474, in _cached_compile_jinja_template
    raise ImportError(
ImportError: apply_chat_template requires jinja2>=3.1.0 to be installed. Your version is 3.0.3.

[2026-05-01 13:09:26]     [342/576] N1-simpsons-paradox: generating (cap=4096)...
[2026-05-01 13:09:26]       ERROR: apply_chat_template requires jinja2>=3.1.0 to be installed. Your version is 3.0.3.
Traceback (most recent call last):
  File "/home/sumit/phronesis/mvp/run_openr1_sweep.py", line 403, in main
    r = generate(model, tokenizer, device, p["prompt"], cap)
  File "/home/sumit/phronesis/mvp/run_openr1_sweep.py", line 182, in generate
    text = tokenizer.apply_chat_template(
  File "/home/sumit/phronesis/mvp/.venv/lib/python3.10/site-packages/transformers/tokenization_utils_base.py", line 3086, in apply_chat_template
    rendered_chat, generation_indices = render_jinja_template(
  File "/home/sumit/phronesis/mvp/.venv/lib/python3.10/site-packages/transformers/utils/chat_template_utils.py", line 514, in render_jinja_template
    compiled_template = _compile_jinja_template(chat_template)
  File "/home/sumit/phronesis/mvp/.venv/lib/python3.10/site-packages/transformers/utils/chat_template_utils.py", line 421, in _compile_jinja_template
    return _cached_compile_jinja_template(chat_template)
  File "/home/sumit/phronesis/mvp/.venv/lib/python3.10/site-packages/transformers/utils/chat_template_utils.py", line 474, in _cached_compile_jinja_template
    raise ImportError(
ImportError: apply_chat_template requires jinja2>=3.1.0 to be installed. Your version is 3.0.3.

[2026-05-01 13:09:26]     [343/576] N2-conjunction-fallacy: generating (cap=2048)...
[2026-05-01 13:09:26]       ERROR: apply_chat_template requires jinja2>=3.1.0 to be installed. Your version is 3.0.3.
Traceback (most recent call last):
  File "/home/sumit/phronesis/mvp/run_openr1_sweep.py", line 403, in main
    r = generate(model, tokenizer, device, p["prompt"], cap)
  File "/home/sumit/phronesis/mvp/run_openr1_sweep.py", line 182, in generate
    text = tokenizer.apply_chat_template(
  File "/home/sumit/phronesis/mvp/.venv/lib/python3.10/site-packages/transformers/tokenization_utils_base.py", line 3086, in apply_chat_template
    rendered_chat, generation_indices = render_jinja_template(
  File "/home/sumit/phronesis/mvp/.venv/lib/python3.10/site-packages/transformers/utils/chat_template_utils.py", line 514, in render_jinja_template
    compiled_template = _compile_jinja_template(chat_template)
  File "/home/sumit/phronesis/mvp/.venv/lib/python3.10/site-packages/transformers/utils/chat_template_utils.py", line 421, in _compile_jinja_template
    return _cached_compile_jinja_template(chat_template)
  File "/home/sumit/phronesis/mvp/.venv/lib/python3.10/site-packages/transformers/utils/chat_template_utils.py", line 474, in _cached_compile_jinja_template
    raise ImportError(
ImportError: apply_chat_template requires jinja2>=3.1.0 to be installed. Your version is 3.0.3.

[2026-05-01 13:09:26]     [344/576] N3-survivorship-bias: generating (cap=2048)...
[2026-05-01 13:09:26]       ERROR: apply_chat_template requires jinja2>=3.1.0 to be installed. Your version is 3.0.3.
Traceback (most recent call last):
  File "/home/sumit/phronesis/mvp/run_openr1_sweep.py", line 403, in main
    r = generate(model, tokenizer, device, p["prompt"], cap)
  File "/home/sumit/phronesis/mvp/run_openr1_sweep.py", line 182, in generate
    text = tokenizer.apply_chat_template(
  File "/home/sumit/phronesis/mvp/.venv/lib/python3.10/site-packages/transformers/tokenization_utils_base.py", line 3086, in apply_chat_template
    rendered_chat, generation_indices = render_jinja_template(
  File "/home/sumit/phronesis/mvp/.venv/lib/python3.10/site-packages/transformers/utils/chat_template_utils.py", line 514, in render_jinja_template
    compiled_template = _compile_jinja_template(chat_template)
  File "/home/sumit/phronesis/mvp/.venv/lib/python3.10/site-packages/transformers/utils/chat_template_utils.py", line 421, in _compile_jinja_template
    return _cached_compile_jinja_template(chat_template)
  File "/home/sumit/phronesis/mvp/.venv/lib/python3.10/site-packages/transformers/utils/chat_template_utils.py", line 474, in _cached_compile_jinja_template
    raise ImportError(
ImportError: apply_chat_template requires jinja2>=3.1.0 to be installed. Your version is 3.0.3.

[2026-05-01 13:09:26]   ─ α=+8.00 (a+08.00) ─
[2026-05-01 13:09:26]     [345/576] E1-confabulation: generating (cap=2048)...
[2026-05-01 13:09:26]       ERROR: apply_chat_template requires jinja2>=3.1.0 to be installed. Your version is 3.0.3.
Traceback (most recent call last):
  File "/home/sumit/phronesis/mvp/run_openr1_sweep.py", line 403, in main
    r = generate(model, tokenizer, device, p["prompt"], cap)
  File "/home/sumit/phronesis/mvp/run_openr1_sweep.py", line 182, in generate
    text = tokenizer.apply_chat_template(
  File "/home/sumit/phronesis/mvp/.venv/lib/python3.10/site-packages/transformers/tokenization_utils_base.py", line 3086, in apply_chat_template
    rendered_chat, generation_indices = render_jinja_template(
  File "/home/sumit/phronesis/mvp/.venv/lib/python3.10/site-packages/transformers/utils/chat_template_utils.py", line 514, in render_jinja_template
    compiled_template = _compile_jinja_template(chat_template)
  File "/home/sumit/phronesis/mvp/.venv/lib/python3.10/site-packages/transformers/utils/chat_template_utils.py", line 421, in _compile_jinja_template
    return _cached_compile_jinja_template(chat_template)
  File "/home/sumit/phronesis/mvp/.venv/lib/python3.10/site-packages/transformers/utils/chat_template_utils.py", line 474, in _cached_compile_jinja_template
    raise ImportError(
ImportError: apply_chat_template requires jinja2>=3.1.0 to be installed. Your version is 3.0.3.

[2026-05-01 13:09:26]     [346/576] E2-contested-science: generating (cap=2048)...
[2026-05-01 13:09:26]       ERROR: apply_chat_template requires jinja2>=3.1.0 to be installed. Your version is 3.0.3.
Traceback (most recent call last):
  File "/home/sumit/phronesis/mvp/run_openr1_sweep.py", line 403, in main
    r = generate(model, tokenizer, device, p["prompt"], cap)
  File "/home/sumit/phronesis/mvp/run_openr1_sweep.py", line 182, in generate
    text = tokenizer.apply_chat_template(
  File "/home/sumit/phronesis/mvp/.venv/lib/python3.10/site-packages/transformers/tokenization_utils_base.py", line 3086, in apply_chat_template
    rendered_chat, generation_indices = render_jinja_template(
  File "/home/sumit/phronesis/mvp/.venv/lib/python3.10/site-packages/transformers/utils/chat_template_utils.py", line 514, in render_jinja_template
    compiled_template = _compile_jinja_template(chat_template)
  File "/home/sumit/phronesis/mvp/.venv/lib/python3.10/site-packages/transformers/utils/chat_template_utils.py", line 421, in _compile_jinja_template
    return _cached_compile_jinja_template(chat_template)
  File "/home/sumit/phronesis/mvp/.venv/lib/python3.10/site-packages/transformers/utils/chat_template_utils.py", line 474, in _cached_compile_jinja_template
    raise ImportError(
ImportError: apply_chat_template requires jinja2>=3.1.0 to be installed. Your version is 3.0.3.

[2026-05-01 13:09:26]     [347/576] E3-bayesian-update: generating (cap=8192)...
[2026-05-01 13:09:26]       ERROR: apply_chat_template requires jinja2>=3.1.0 to be installed. Your version is 3.0.3.
Traceback (most recent call last):
  File "/home/sumit/phronesis/mvp/run_openr1_sweep.py", line 403, in main
    r = generate(model, tokenizer, device, p["prompt"], cap)
  File "/home/sumit/phronesis/mvp/run_openr1_sweep.py", line 182, in generate
    text = tokenizer.apply_chat_template(
  File "/home/sumit/phronesis/mvp/.venv/lib/python3.10/site-packages/transformers/tokenization_utils_base.py", line 3086, in apply_chat_template
    rendered_chat, generation_indices = render_jinja_template(
  File "/home/sumit/phronesis/mvp/.venv/lib/python3.10/site-packages/transformers/utils/chat_template_utils.py", line 514, in render_jinja_template
    compiled_template = _compile_jinja_template(chat_template)
  File "/home/sumit/phronesis/mvp/.venv/lib/python3.10/site-packages/transformers/utils/chat_template_utils.py", line 421, in _compile_jinja_template
    return _cached_compile_jinja_template(chat_template)
  File "/home/sumit/phronesis/mvp/.venv/lib/python3.10/site-packages/transformers/utils/chat_template_utils.py", line 474, in _cached_compile_jinja_template
    raise ImportError(
ImportError: apply_chat_template requires jinja2>=3.1.0 to be installed. Your version is 3.0.3.

[2026-05-01 13:09:26]     [348/576] E4-taxi-social: generating (cap=8192)...
[2026-05-01 13:09:26]       ERROR: apply_chat_template requires jinja2>=3.1.0 to be installed. Your version is 3.0.3.
Traceback (most recent call last):
  File "/home/sumit/phronesis/mvp/run_openr1_sweep.py", line 403, in main
    r = generate(model, tokenizer, device, p["prompt"], cap)
  File "/home/sumit/phronesis/mvp/run_openr1_sweep.py", line 182, in generate
    text = tokenizer.apply_chat_template(
  File "/home/sumit/phronesis/mvp/.venv/lib/python3.10/site-packages/transformers/tokenization_utils_base.py", line 3086, in apply_chat_template
    rendered_chat, generation_indices = render_jinja_template(
  File "/home/sumit/phronesis/mvp/.venv/lib/python3.10/site-packages/transformers/utils/chat_template_utils.py", line 514, in render_jinja_template
    compiled_template = _compile_jinja_template(chat_template)
  File "/home/sumit/phronesis/mvp/.venv/lib/python3.10/site-packages/transformers/utils/chat_template_utils.py", line 421, in _compile_jinja_template
    return _cached_compile_jinja_template(chat_template)
  File "/home/sumit/phronesis/mvp/.venv/lib/python3.10/site-packages/transformers/utils/chat_template_utils.py", line 474, in _cached_compile_jinja_template
    raise ImportError(
ImportError: apply_chat_template requires jinja2>=3.1.0 to be installed. Your version is 3.0.3.

[2026-05-01 13:09:26]     [349/576] E5-ecological-fallacy: generating (cap=2048)...
[2026-05-01 13:09:26]       ERROR: apply_chat_template requires jinja2>=3.1.0 to be installed. Your version is 3.0.3.
Traceback (most recent call last):
  File "/home/sumit/phronesis/mvp/run_openr1_sweep.py", line 403, in main
    r = generate(model, tokenizer, device, p["prompt"], cap)
  File "/home/sumit/phronesis/mvp/run_openr1_sweep.py", line 182, in generate
    text = tokenizer.apply_chat_template(
  File "/home/sumit/phronesis/mvp/.venv/lib/python3.10/site-packages/transformers/tokenization_utils_base.py", line 3086, in apply_chat_template
    rendered_chat, generation_indices = render_jinja_template(
  File "/home/sumit/phronesis/mvp/.venv/lib/python3.10/site-packages/transformers/utils/chat_template_utils.py", line 514, in render_jinja_template
    compiled_template = _compile_jinja_template(chat_template)
  File "/home/sumit/phronesis/mvp/.venv/lib/python3.10/site-packages/transformers/utils/chat_template_utils.py", line 421, in _compile_jinja_template
    return _cached_compile_jinja_template(chat_template)
  File "/home/sumit/phronesis/mvp/.venv/lib/python3.10/site-packages/transformers/utils/chat_template_utils.py", line 474, in _cached_compile_jinja_template
    raise ImportError(
ImportError: apply_chat_template requires jinja2>=3.1.0 to be installed. Your version is 3.0.3.

[2026-05-01 13:09:26]     [350/576] N1-simpsons-paradox: generating (cap=4096)...
[2026-05-01 13:09:26]       ERROR: apply_chat_template requires jinja2>=3.1.0 to be installed. Your version is 3.0.3.
Traceback (most recent call last):
  File "/home/sumit/phronesis/mvp/run_openr1_sweep.py", line 403, in main
    r = generate(model, tokenizer, device, p["prompt"], cap)
  File "/home/sumit/phronesis/mvp/run_openr1_sweep.py", line 182, in generate
    text = tokenizer.apply_chat_template(
  File "/home/sumit/phronesis/mvp/.venv/lib/python3.10/site-packages/transformers/tokenization_utils_base.py", line 3086, in apply_chat_template
    rendered_chat, generation_indices = render_jinja_template(
  File "/home/sumit/phronesis/mvp/.venv/lib/python3.10/site-packages/transformers/utils/chat_template_utils.py", line 514, in render_jinja_template
    compiled_template = _compile_jinja_template(chat_template)
  File "/home/sumit/phronesis/mvp/.venv/lib/python3.10/site-packages/transformers/utils/chat_template_utils.py", line 421, in _compile_jinja_template
    return _cached_compile_jinja_template(chat_template)
  File "/home/sumit/phronesis/mvp/.venv/lib/python3.10/site-packages/transformers/utils/chat_template_utils.py", line 474, in _cached_compile_jinja_template
    raise ImportError(
ImportError: apply_chat_template requires jinja2>=3.1.0 to be installed. Your version is 3.0.3.

[2026-05-01 13:09:26]     [351/576] N2-conjunction-fallacy: generating (cap=2048)...
[2026-05-01 13:09:26]       ERROR: apply_chat_template requires jinja2>=3.1.0 to be installed. Your version is 3.0.3.
Traceback (most recent call last):
  File "/home/sumit/phronesis/mvp/run_openr1_sweep.py", line 403, in main
    r = generate(model, tokenizer, device, p["prompt"], cap)
  File "/home/sumit/phronesis/mvp/run_openr1_sweep.py", line 182, in generate
    text = tokenizer.apply_chat_template(
  File "/home/sumit/phronesis/mvp/.venv/lib/python3.10/site-packages/transformers/tokenization_utils_base.py", line 3086, in apply_chat_template
    rendered_chat, generation_indices = render_jinja_template(
  File "/home/sumit/phronesis/mvp/.venv/lib/python3.10/site-packages/transformers/utils/chat_template_utils.py", line 514, in render_jinja_template
    compiled_template = _compile_jinja_template(chat_template)
  File "/home/sumit/phronesis/mvp/.venv/lib/python3.10/site-packages/transformers/utils/chat_template_utils.py", line 421, in _compile_jinja_template
    return _cached_compile_jinja_template(chat_template)
  File "/home/sumit/phronesis/mvp/.venv/lib/python3.10/site-packages/transformers/utils/chat_template_utils.py", line 474, in _cached_compile_jinja_template
    raise ImportError(
ImportError: apply_chat_template requires jinja2>=3.1.0 to be installed. Your version is 3.0.3.

[2026-05-01 13:09:26]     [352/576] N3-survivorship-bias: generating (cap=2048)...
[2026-05-01 13:09:26]       ERROR: apply_chat_template requires jinja2>=3.1.0 to be installed. Your version is 3.0.3.
Traceback (most recent call last):
  File "/home/sumit/phronesis/mvp/run_openr1_sweep.py", line 403, in main
    r = generate(model, tokenizer, device, p["prompt"], cap)
  File "/home/sumit/phronesis/mvp/run_openr1_sweep.py", line 182, in generate
    text = tokenizer.apply_chat_template(
  File "/home/sumit/phronesis/mvp/.venv/lib/python3.10/site-packages/transformers/tokenization_utils_base.py", line 3086, in apply_chat_template
    rendered_chat, generation_indices = render_jinja_template(
  File "/home/sumit/phronesis/mvp/.venv/lib/python3.10/site-packages/transformers/utils/chat_template_utils.py", line 514, in render_jinja_template
    compiled_template = _compile_jinja_template(chat_template)
  File "/home/sumit/phronesis/mvp/.venv/lib/python3.10/site-packages/transformers/utils/chat_template_utils.py", line 421, in _compile_jinja_template
    return _cached_compile_jinja_template(chat_template)
  File "/home/sumit/phronesis/mvp/.venv/lib/python3.10/site-packages/transformers/utils/chat_template_utils.py", line 474, in _cached_compile_jinja_template
    raise ImportError(
ImportError: apply_chat_template requires jinja2>=3.1.0 to be installed. Your version is 3.0.3.

[2026-05-01 13:09:26]   ─ α=+10.00 (a+10.00) ─
[2026-05-01 13:09:26]     [353/576] E1-confabulation: generating (cap=2048)...
[2026-05-01 13:09:26]       ERROR: apply_chat_template requires jinja2>=3.1.0 to be installed. Your version is 3.0.3.
Traceback (most recent call last):
  File "/home/sumit/phronesis/mvp/run_openr1_sweep.py", line 403, in main
    r = generate(model, tokenizer, device, p["prompt"], cap)
  File "/home/sumit/phronesis/mvp/run_openr1_sweep.py", line 182, in generate
    text = tokenizer.apply_chat_template(
  File "/home/sumit/phronesis/mvp/.venv/lib/python3.10/site-packages/transformers/tokenization_utils_base.py", line 3086, in apply_chat_template
    rendered_chat, generation_indices = render_jinja_template(
  File "/home/sumit/phronesis/mvp/.venv/lib/python3.10/site-packages/transformers/utils/chat_template_utils.py", line 514, in render_jinja_template
    compiled_template = _compile_jinja_template(chat_template)
  File "/home/sumit/phronesis/mvp/.venv/lib/python3.10/site-packages/transformers/utils/chat_template_utils.py", line 421, in _compile_jinja_template
    return _cached_compile_jinja_template(chat_template)
  File "/home/sumit/phronesis/mvp/.venv/lib/python3.10/site-packages/transformers/utils/chat_template_utils.py", line 474, in _cached_compile_jinja_template
    raise ImportError(
ImportError: apply_chat_template requires jinja2>=3.1.0 to be installed. Your version is 3.0.3.

[2026-05-01 13:09:26]     [354/576] E2-contested-science: generating (cap=2048)...
[2026-05-01 13:09:26]       ERROR: apply_chat_template requires jinja2>=3.1.0 to be installed. Your version is 3.0.3.
Traceback (most recent call last):
  File "/home/sumit/phronesis/mvp/run_openr1_sweep.py", line 403, in main
    r = generate(model, tokenizer, device, p["prompt"], cap)
  File "/home/sumit/phronesis/mvp/run_openr1_sweep.py", line 182, in generate
    text = tokenizer.apply_chat_template(
  File "/home/sumit/phronesis/mvp/.venv/lib/python3.10/site-packages/transformers/tokenization_utils_base.py", line 3086, in apply_chat_template
    rendered_chat, generation_indices = render_jinja_template(
  File "/home/sumit/phronesis/mvp/.venv/lib/python3.10/site-packages/transformers/utils/chat_template_utils.py", line 514, in render_jinja_template
    compiled_template = _compile_jinja_template(chat_template)
  File "/home/sumit/phronesis/mvp/.venv/lib/python3.10/site-packages/transformers/utils/chat_template_utils.py", line 421, in _compile_jinja_template
    return _cached_compile_jinja_template(chat_template)
  File "/home/sumit/phronesis/mvp/.venv/lib/python3.10/site-packages/transformers/utils/chat_template_utils.py", line 474, in _cached_compile_jinja_template
    raise ImportError(
ImportError: apply_chat_template requires jinja2>=3.1.0 to be installed. Your version is 3.0.3.

[2026-05-01 13:09:26]     [355/576] E3-bayesian-update: generating (cap=8192)...
[2026-05-01 13:09:26]       ERROR: apply_chat_template requires jinja2>=3.1.0 to be installed. Your version is 3.0.3.
Traceback (most recent call last):
  File "/home/sumit/phronesis/mvp/run_openr1_sweep.py", line 403, in main
    r = generate(model, tokenizer, device, p["prompt"], cap)
  File "/home/sumit/phronesis/mvp/run_openr1_sweep.py", line 182, in generate
    text = tokenizer.apply_chat_template(
  File "/home/sumit/phronesis/mvp/.venv/lib/python3.10/site-packages/transformers/tokenization_utils_base.py", line 3086, in apply_chat_template
    rendered_chat, generation_indices = render_jinja_template(
  File "/home/sumit/phronesis/mvp/.venv/lib/python3.10/site-packages/transformers/utils/chat_template_utils.py", line 514, in render_jinja_template
    compiled_template = _compile_jinja_template(chat_template)
  File "/home/sumit/phronesis/mvp/.venv/lib/python3.10/site-packages/transformers/utils/chat_template_utils.py", line 421, in _compile_jinja_template
    return _cached_compile_jinja_template(chat_template)
  File "/home/sumit/phronesis/mvp/.venv/lib/python3.10/site-packages/transformers/utils/chat_template_utils.py", line 474, in _cached_compile_jinja_template
    raise ImportError(
ImportError: apply_chat_template requires jinja2>=3.1.0 to be installed. Your version is 3.0.3.

[2026-05-01 13:09:26]     [356/576] E4-taxi-social: generating (cap=8192)...
[2026-05-01 13:09:26]       ERROR: apply_chat_template requires jinja2>=3.1.0 to be installed. Your version is 3.0.3.
Traceback (most recent call last):
  File "/home/sumit/phronesis/mvp/run_openr1_sweep.py", line 403, in main
    r = generate(model, tokenizer, device, p["prompt"], cap)
  File "/home/sumit/phronesis/mvp/run_openr1_sweep.py", line 182, in generate
    text = tokenizer.apply_chat_template(
  File "/home/sumit/phronesis/mvp/.venv/lib/python3.10/site-packages/transformers/tokenization_utils_base.py", line 3086, in apply_chat_template
    rendered_chat, generation_indices = render_jinja_template(
  File "/home/sumit/phronesis/mvp/.venv/lib/python3.10/site-packages/transformers/utils/chat_template_utils.py", line 514, in render_jinja_template
    compiled_template = _compile_jinja_template(chat_template)
  File "/home/sumit/phronesis/mvp/.venv/lib/python3.10/site-packages/transformers/utils/chat_template_utils.py", line 421, in _compile_jinja_template
    return _cached_compile_jinja_template(chat_template)
  File "/home/sumit/phronesis/mvp/.venv/lib/python3.10/site-packages/transformers/utils/chat_template_utils.py", line 474, in _cached_compile_jinja_template
    raise ImportError(
ImportError: apply_chat_template requires jinja2>=3.1.0 to be installed. Your version is 3.0.3.

[2026-05-01 13:09:26]     [357/576] E5-ecological-fallacy: generating (cap=2048)...
[2026-05-01 13:09:26]       ERROR: apply_chat_template requires jinja2>=3.1.0 to be installed. Your version is 3.0.3.
Traceback (most recent call last):
  File "/home/sumit/phronesis/mvp/run_openr1_sweep.py", line 403, in main
    r = generate(model, tokenizer, device, p["prompt"], cap)
  File "/home/sumit/phronesis/mvp/run_openr1_sweep.py", line 182, in generate
    text = tokenizer.apply_chat_template(
  File "/home/sumit/phronesis/mvp/.venv/lib/python3.10/site-packages/transformers/tokenization_utils_base.py", line 3086, in apply_chat_template
    rendered_chat, generation_indices = render_jinja_template(
  File "/home/sumit/phronesis/mvp/.venv/lib/python3.10/site-packages/transformers/utils/chat_template_utils.py", line 514, in render_jinja_template
    compiled_template = _compile_jinja_template(chat_template)
  File "/home/sumit/phronesis/mvp/.venv/lib/python3.10/site-packages/transformers/utils/chat_template_utils.py", line 421, in _compile_jinja_template
    return _cached_compile_jinja_template(chat_template)
  File "/home/sumit/phronesis/mvp/.venv/lib/python3.10/site-packages/transformers/utils/chat_template_utils.py", line 474, in _cached_compile_jinja_template
    raise ImportError(
ImportError: apply_chat_template requires jinja2>=3.1.0 to be installed. Your version is 3.0.3.

[2026-05-01 13:09:26]     [358/576] N1-simpsons-paradox: generating (cap=4096)...
[2026-05-01 13:09:26]       ERROR: apply_chat_template requires jinja2>=3.1.0 to be installed. Your version is 3.0.3.
Traceback (most recent call last):
  File "/home/sumit/phronesis/mvp/run_openr1_sweep.py", line 403, in main
    r = generate(model, tokenizer, device, p["prompt"], cap)
  File "/home/sumit/phronesis/mvp/run_openr1_sweep.py", line 182, in generate
    text = tokenizer.apply_chat_template(
  File "/home/sumit/phronesis/mvp/.venv/lib/python3.10/site-packages/transformers/tokenization_utils_base.py", line 3086, in apply_chat_template
    rendered_chat, generation_indices = render_jinja_template(
  File "/home/sumit/phronesis/mvp/.venv/lib/python3.10/site-packages/transformers/utils/chat_template_utils.py", line 514, in render_jinja_template
    compiled_template = _compile_jinja_template(chat_template)
  File "/home/sumit/phronesis/mvp/.venv/lib/python3.10/site-packages/transformers/utils/chat_template_utils.py", line 421, in _compile_jinja_template
    return _cached_compile_jinja_template(chat_template)
  File "/home/sumit/phronesis/mvp/.venv/lib/python3.10/site-packages/transformers/utils/chat_template_utils.py", line 474, in _cached_compile_jinja_template
    raise ImportError(
ImportError: apply_chat_template requires jinja2>=3.1.0 to be installed. Your version is 3.0.3.

[2026-05-01 13:09:26]     [359/576] N2-conjunction-fallacy: generating (cap=2048)...
[2026-05-01 13:09:26]       ERROR: apply_chat_template requires jinja2>=3.1.0 to be installed. Your version is 3.0.3.
Traceback (most recent call last):
  File "/home/sumit/phronesis/mvp/run_openr1_sweep.py", line 403, in main
    r = generate(model, tokenizer, device, p["prompt"], cap)
  File "/home/sumit/phronesis/mvp/run_openr1_sweep.py", line 182, in generate
    text = tokenizer.apply_chat_template(
  File "/home/sumit/phronesis/mvp/.venv/lib/python3.10/site-packages/transformers/tokenization_utils_base.py", line 3086, in apply_chat_template
    rendered_chat, generation_indices = render_jinja_template(
  File "/home/sumit/phronesis/mvp/.venv/lib/python3.10/site-packages/transformers/utils/chat_template_utils.py", line 514, in render_jinja_template
    compiled_template = _compile_jinja_template(chat_template)
  File "/home/sumit/phronesis/mvp/.venv/lib/python3.10/site-packages/transformers/utils/chat_template_utils.py", line 421, in _compile_jinja_template
    return _cached_compile_jinja_template(chat_template)
  File "/home/sumit/phronesis/mvp/.venv/lib/python3.10/site-packages/transformers/utils/chat_template_utils.py", line 474, in _cached_compile_jinja_template
    raise ImportError(
ImportError: apply_chat_template requires jinja2>=3.1.0 to be installed. Your version is 3.0.3.

[2026-05-01 13:09:26]     [360/576] N3-survivorship-bias: generating (cap=2048)...
[2026-05-01 13:09:26]       ERROR: apply_chat_template requires jinja2>=3.1.0 to be installed. Your version is 3.0.3.
Traceback (most recent call last):
  File "/home/sumit/phronesis/mvp/run_openr1_sweep.py", line 403, in main
    r = generate(model, tokenizer, device, p["prompt"], cap)
  File "/home/sumit/phronesis/mvp/run_openr1_sweep.py", line 182, in generate
    text = tokenizer.apply_chat_template(
  File "/home/sumit/phronesis/mvp/.venv/lib/python3.10/site-packages/transformers/tokenization_utils_base.py", line 3086, in apply_chat_template
    rendered_chat, generation_indices = render_jinja_template(
  File "/home/sumit/phronesis/mvp/.venv/lib/python3.10/site-packages/transformers/utils/chat_template_utils.py", line 514, in render_jinja_template
    compiled_template = _compile_jinja_template(chat_template)
  File "/home/sumit/phronesis/mvp/.venv/lib/python3.10/site-packages/transformers/utils/chat_template_utils.py", line 421, in _compile_jinja_template
    return _cached_compile_jinja_template(chat_template)
  File "/home/sumit/phronesis/mvp/.venv/lib/python3.10/site-packages/transformers/utils/chat_template_utils.py", line 474, in _cached_compile_jinja_template
    raise ImportError(
ImportError: apply_chat_template requires jinja2>=3.1.0 to be installed. Your version is 3.0.3.

[2026-05-01 13:09:26]   ─ α=+12.00 (a+12.00) ─
[2026-05-01 13:09:26]     [361/576] E1-confabulation: generating (cap=2048)...
[2026-05-01 13:09:26]       ERROR: apply_chat_template requires jinja2>=3.1.0 to be installed. Your version is 3.0.3.
Traceback (most recent call last):
  File "/home/sumit/phronesis/mvp/run_openr1_sweep.py", line 403, in main
    r = generate(model, tokenizer, device, p["prompt"], cap)
  File "/home/sumit/phronesis/mvp/run_openr1_sweep.py", line 182, in generate
    text = tokenizer.apply_chat_template(
  File "/home/sumit/phronesis/mvp/.venv/lib/python3.10/site-packages/transformers/tokenization_utils_base.py", line 3086, in apply_chat_template
    rendered_chat, generation_indices = render_jinja_template(
  File "/home/sumit/phronesis/mvp/.venv/lib/python3.10/site-packages/transformers/utils/chat_template_utils.py", line 514, in render_jinja_template
    compiled_template = _compile_jinja_template(chat_template)
  File "/home/sumit/phronesis/mvp/.venv/lib/python3.10/site-packages/transformers/utils/chat_template_utils.py", line 421, in _compile_jinja_template
    return _cached_compile_jinja_template(chat_template)
  File "/home/sumit/phronesis/mvp/.venv/lib/python3.10/site-packages/transformers/utils/chat_template_utils.py", line 474, in _cached_compile_jinja_template
    raise ImportError(
ImportError: apply_chat_template requires jinja2>=3.1.0 to be installed. Your version is 3.0.3.

[2026-05-01 13:09:26]     [362/576] E2-contested-science: generating (cap=2048)...
[2026-05-01 13:09:26]       ERROR: apply_chat_template requires jinja2>=3.1.0 to be installed. Your version is 3.0.3.
Traceback (most recent call last):
  File "/home/sumit/phronesis/mvp/run_openr1_sweep.py", line 403, in main
    r = generate(model, tokenizer, device, p["prompt"], cap)
  File "/home/sumit/phronesis/mvp/run_openr1_sweep.py", line 182, in generate
    text = tokenizer.apply_chat_template(
  File "/home/sumit/phronesis/mvp/.venv/lib/python3.10/site-packages/transformers/tokenization_utils_base.py", line 3086, in apply_chat_template
    rendered_chat, generation_indices = render_jinja_template(
  File "/home/sumit/phronesis/mvp/.venv/lib/python3.10/site-packages/transformers/utils/chat_template_utils.py", line 514, in render_jinja_template
    compiled_template = _compile_jinja_template(chat_template)
  File "/home/sumit/phronesis/mvp/.venv/lib/python3.10/site-packages/transformers/utils/chat_template_utils.py", line 421, in _compile_jinja_template
    return _cached_compile_jinja_template(chat_template)
  File "/home/sumit/phronesis/mvp/.venv/lib/python3.10/site-packages/transformers/utils/chat_template_utils.py", line 474, in _cached_compile_jinja_template
    raise ImportError(
ImportError: apply_chat_template requires jinja2>=3.1.0 to be installed. Your version is 3.0.3.

[2026-05-01 13:09:26]     [363/576] E3-bayesian-update: generating (cap=8192)...
[2026-05-01 13:09:26]       ERROR: apply_chat_template requires jinja2>=3.1.0 to be installed. Your version is 3.0.3.
Traceback (most recent call last):
  File "/home/sumit/phronesis/mvp/run_openr1_sweep.py", line 403, in main
    r = generate(model, tokenizer, device, p["prompt"], cap)
  File "/home/sumit/phronesis/mvp/run_openr1_sweep.py", line 182, in generate
    text = tokenizer.apply_chat_template(
  File "/home/sumit/phronesis/mvp/.venv/lib/python3.10/site-packages/transformers/tokenization_utils_base.py", line 3086, in apply_chat_template
    rendered_chat, generation_indices = render_jinja_template(
  File "/home/sumit/phronesis/mvp/.venv/lib/python3.10/site-packages/transformers/utils/chat_template_utils.py", line 514, in render_jinja_template
    compiled_template = _compile_jinja_template(chat_template)
  File "/home/sumit/phronesis/mvp/.venv/lib/python3.10/site-packages/transformers/utils/chat_template_utils.py", line 421, in _compile_jinja_template
    return _cached_compile_jinja_template(chat_template)
  File "/home/sumit/phronesis/mvp/.venv/lib/python3.10/site-packages/transformers/utils/chat_template_utils.py", line 474, in _cached_compile_jinja_template
    raise ImportError(
ImportError: apply_chat_template requires jinja2>=3.1.0 to be installed. Your version is 3.0.3.

[2026-05-01 13:09:26]     [364/576] E4-taxi-social: generating (cap=8192)...
[2026-05-01 13:09:26]       ERROR: apply_chat_template requires jinja2>=3.1.0 to be installed. Your version is 3.0.3.
Traceback (most recent call last):
  File "/home/sumit/phronesis/mvp/run_openr1_sweep.py", line 403, in main
    r = generate(model, tokenizer, device, p["prompt"], cap)
  File "/home/sumit/phronesis/mvp/run_openr1_sweep.py", line 182, in generate
    text = tokenizer.apply_chat_template(
  File "/home/sumit/phronesis/mvp/.venv/lib/python3.10/site-packages/transformers/tokenization_utils_base.py", line 3086, in apply_chat_template
    rendered_chat, generation_indices = render_jinja_template(
  File "/home/sumit/phronesis/mvp/.venv/lib/python3.10/site-packages/transformers/utils/chat_template_utils.py", line 514, in render_jinja_template
    compiled_template = _compile_jinja_template(chat_template)
  File "/home/sumit/phronesis/mvp/.venv/lib/python3.10/site-packages/transformers/utils/chat_template_utils.py", line 421, in _compile_jinja_template
    return _cached_compile_jinja_template(chat_template)
  File "/home/sumit/phronesis/mvp/.venv/lib/python3.10/site-packages/transformers/utils/chat_template_utils.py", line 474, in _cached_compile_jinja_template
    raise ImportError(
ImportError: apply_chat_template requires jinja2>=3.1.0 to be installed. Your version is 3.0.3.

[2026-05-01 13:09:26]     [365/576] E5-ecological-fallacy: generating (cap=2048)...
[2026-05-01 13:09:26]       ERROR: apply_chat_template requires jinja2>=3.1.0 to be installed. Your version is 3.0.3.
Traceback (most recent call last):
  File "/home/sumit/phronesis/mvp/run_openr1_sweep.py", line 403, in main
    r = generate(model, tokenizer, device, p["prompt"], cap)
  File "/home/sumit/phronesis/mvp/run_openr1_sweep.py", line 182, in generate
    text = tokenizer.apply_chat_template(
  File "/home/sumit/phronesis/mvp/.venv/lib/python3.10/site-packages/transformers/tokenization_utils_base.py", line 3086, in apply_chat_template
    rendered_chat, generation_indices = render_jinja_template(
  File "/home/sumit/phronesis/mvp/.venv/lib/python3.10/site-packages/transformers/utils/chat_template_utils.py", line 514, in render_jinja_template
    compiled_template = _compile_jinja_template(chat_template)
  File "/home/sumit/phronesis/mvp/.venv/lib/python3.10/site-packages/transformers/utils/chat_template_utils.py", line 421, in _compile_jinja_template
    return _cached_compile_jinja_template(chat_template)
  File "/home/sumit/phronesis/mvp/.venv/lib/python3.10/site-packages/transformers/utils/chat_template_utils.py", line 474, in _cached_compile_jinja_template
    raise ImportError(
ImportError: apply_chat_template requires jinja2>=3.1.0 to be installed. Your version is 3.0.3.

[2026-05-01 13:09:26]     [366/576] N1-simpsons-paradox: generating (cap=4096)...
[2026-05-01 13:09:26]       ERROR: apply_chat_template requires jinja2>=3.1.0 to be installed. Your version is 3.0.3.
Traceback (most recent call last):
  File "/home/sumit/phronesis/mvp/run_openr1_sweep.py", line 403, in main
    r = generate(model, tokenizer, device, p["prompt"], cap)
  File "/home/sumit/phronesis/mvp/run_openr1_sweep.py", line 182, in generate
    text = tokenizer.apply_chat_template(
  File "/home/sumit/phronesis/mvp/.venv/lib/python3.10/site-packages/transformers/tokenization_utils_base.py", line 3086, in apply_chat_template
    rendered_chat, generation_indices = render_jinja_template(
  File "/home/sumit/phronesis/mvp/.venv/lib/python3.10/site-packages/transformers/utils/chat_template_utils.py", line 514, in render_jinja_template
    compiled_template = _compile_jinja_template(chat_template)
  File "/home/sumit/phronesis/mvp/.venv/lib/python3.10/site-packages/transformers/utils/chat_template_utils.py", line 421, in _compile_jinja_template
    return _cached_compile_jinja_template(chat_template)
  File "/home/sumit/phronesis/mvp/.venv/lib/python3.10/site-packages/transformers/utils/chat_template_utils.py", line 474, in _cached_compile_jinja_template
    raise ImportError(
ImportError: apply_chat_template requires jinja2>=3.1.0 to be installed. Your version is 3.0.3.

[2026-05-01 13:09:26]     [367/576] N2-conjunction-fallacy: generating (cap=2048)...
[2026-05-01 13:09:26]       ERROR: apply_chat_template requires jinja2>=3.1.0 to be installed. Your version is 3.0.3.
Traceback (most recent call last):
  File "/home/sumit/phronesis/mvp/run_openr1_sweep.py", line 403, in main
    r = generate(model, tokenizer, device, p["prompt"], cap)
  File "/home/sumit/phronesis/mvp/run_openr1_sweep.py", line 182, in generate
    text = tokenizer.apply_chat_template(
  File "/home/sumit/phronesis/mvp/.venv/lib/python3.10/site-packages/transformers/tokenization_utils_base.py", line 3086, in apply_chat_template
    rendered_chat, generation_indices = render_jinja_template(
  File "/home/sumit/phronesis/mvp/.venv/lib/python3.10/site-packages/transformers/utils/chat_template_utils.py", line 514, in render_jinja_template
    compiled_template = _compile_jinja_template(chat_template)
  File "/home/sumit/phronesis/mvp/.venv/lib/python3.10/site-packages/transformers/utils/chat_template_utils.py", line 421, in _compile_jinja_template
    return _cached_compile_jinja_template(chat_template)
  File "/home/sumit/phronesis/mvp/.venv/lib/python3.10/site-packages/transformers/utils/chat_template_utils.py", line 474, in _cached_compile_jinja_template
    raise ImportError(
ImportError: apply_chat_template requires jinja2>=3.1.0 to be installed. Your version is 3.0.3.

[2026-05-01 13:09:26]     [368/576] N3-survivorship-bias: generating (cap=2048)...
[2026-05-01 13:09:26]       ERROR: apply_chat_template requires jinja2>=3.1.0 to be installed. Your version is 3.0.3.
Traceback (most recent call last):
  File "/home/sumit/phronesis/mvp/run_openr1_sweep.py", line 403, in main
    r = generate(model, tokenizer, device, p["prompt"], cap)
  File "/home/sumit/phronesis/mvp/run_openr1_sweep.py", line 182, in generate
    text = tokenizer.apply_chat_template(
  File "/home/sumit/phronesis/mvp/.venv/lib/python3.10/site-packages/transformers/tokenization_utils_base.py", line 3086, in apply_chat_template
    rendered_chat, generation_indices = render_jinja_template(
  File "/home/sumit/phronesis/mvp/.venv/lib/python3.10/site-packages/transformers/utils/chat_template_utils.py", line 514, in render_jinja_template
    compiled_template = _compile_jinja_template(chat_template)
  File "/home/sumit/phronesis/mvp/.venv/lib/python3.10/site-packages/transformers/utils/chat_template_utils.py", line 421, in _compile_jinja_template
    return _cached_compile_jinja_template(chat_template)
  File "/home/sumit/phronesis/mvp/.venv/lib/python3.10/site-packages/transformers/utils/chat_template_utils.py", line 474, in _cached_compile_jinja_template
    raise ImportError(
ImportError: apply_chat_template requires jinja2>=3.1.0 to be installed. Your version is 3.0.3.

[2026-05-01 13:09:26]   ─ α=+16.00 (a+16.00) ─
[2026-05-01 13:09:26]     [369/576] E1-confabulation: generating (cap=2048)...
[2026-05-01 13:09:26]       ERROR: apply_chat_template requires jinja2>=3.1.0 to be installed. Your version is 3.0.3.
Traceback (most recent call last):
  File "/home/sumit/phronesis/mvp/run_openr1_sweep.py", line 403, in main
    r = generate(model, tokenizer, device, p["prompt"], cap)
  File "/home/sumit/phronesis/mvp/run_openr1_sweep.py", line 182, in generate
    text = tokenizer.apply_chat_template(
  File "/home/sumit/phronesis/mvp/.venv/lib/python3.10/site-packages/transformers/tokenization_utils_base.py", line 3086, in apply_chat_template
    rendered_chat, generation_indices = render_jinja_template(
  File "/home/sumit/phronesis/mvp/.venv/lib/python3.10/site-packages/transformers/utils/chat_template_utils.py", line 514, in render_jinja_template
    compiled_template = _compile_jinja_template(chat_template)
  File "/home/sumit/phronesis/mvp/.venv/lib/python3.10/site-packages/transformers/utils/chat_template_utils.py", line 421, in _compile_jinja_template
    return _cached_compile_jinja_template(chat_template)
  File "/home/sumit/phronesis/mvp/.venv/lib/python3.10/site-packages/transformers/utils/chat_template_utils.py", line 474, in _cached_compile_jinja_template
    raise ImportError(
ImportError: apply_chat_template requires jinja2>=3.1.0 to be installed. Your version is 3.0.3.

[2026-05-01 13:09:26]     [370/576] E2-contested-science: generating (cap=2048)...
[2026-05-01 13:09:26]       ERROR: apply_chat_template requires jinja2>=3.1.0 to be installed. Your version is 3.0.3.
Traceback (most recent call last):
  File "/home/sumit/phronesis/mvp/run_openr1_sweep.py", line 403, in main
    r = generate(model, tokenizer, device, p["prompt"], cap)
  File "/home/sumit/phronesis/mvp/run_openr1_sweep.py", line 182, in generate
    text = tokenizer.apply_chat_template(
  File "/home/sumit/phronesis/mvp/.venv/lib/python3.10/site-packages/transformers/tokenization_utils_base.py", line 3086, in apply_chat_template
    rendered_chat, generation_indices = render_jinja_template(
  File "/home/sumit/phronesis/mvp/.venv/lib/python3.10/site-packages/transformers/utils/chat_template_utils.py", line 514, in render_jinja_template
    compiled_template = _compile_jinja_template(chat_template)
  File "/home/sumit/phronesis/mvp/.venv/lib/python3.10/site-packages/transformers/utils/chat_template_utils.py", line 421, in _compile_jinja_template
    return _cached_compile_jinja_template(chat_template)
  File "/home/sumit/phronesis/mvp/.venv/lib/python3.10/site-packages/transformers/utils/chat_template_utils.py", line 474, in _cached_compile_jinja_template
    raise ImportError(
ImportError: apply_chat_template requires jinja2>=3.1.0 to be installed. Your version is 3.0.3.

[2026-05-01 13:09:26]     [371/576] E3-bayesian-update: generating (cap=8192)...
[2026-05-01 13:09:26]       ERROR: apply_chat_template requires jinja2>=3.1.0 to be installed. Your version is 3.0.3.
Traceback (most recent call last):
  File "/home/sumit/phronesis/mvp/run_openr1_sweep.py", line 403, in main
    r = generate(model, tokenizer, device, p["prompt"], cap)
  File "/home/sumit/phronesis/mvp/run_openr1_sweep.py", line 182, in generate
    text = tokenizer.apply_chat_template(
  File "/home/sumit/phronesis/mvp/.venv/lib/python3.10/site-packages/transformers/tokenization_utils_base.py", line 3086, in apply_chat_template
    rendered_chat, generation_indices = render_jinja_template(
  File "/home/sumit/phronesis/mvp/.venv/lib/python3.10/site-packages/transformers/utils/chat_template_utils.py", line 514, in render_jinja_template
    compiled_template = _compile_jinja_template(chat_template)
  File "/home/sumit/phronesis/mvp/.venv/lib/python3.10/site-packages/transformers/utils/chat_template_utils.py", line 421, in _compile_jinja_template
    return _cached_compile_jinja_template(chat_template)
  File "/home/sumit/phronesis/mvp/.venv/lib/python3.10/site-packages/transformers/utils/chat_template_utils.py", line 474, in _cached_compile_jinja_template
    raise ImportError(
ImportError: apply_chat_template requires jinja2>=3.1.0 to be installed. Your version is 3.0.3.

[2026-05-01 13:09:26]     [372/576] E4-taxi-social: generating (cap=8192)...
[2026-05-01 13:09:26]       ERROR: apply_chat_template requires jinja2>=3.1.0 to be installed. Your version is 3.0.3.
Traceback (most recent call last):
  File "/home/sumit/phronesis/mvp/run_openr1_sweep.py", line 403, in main
    r = generate(model, tokenizer, device, p["prompt"], cap)
  File "/home/sumit/phronesis/mvp/run_openr1_sweep.py", line 182, in generate
    text = tokenizer.apply_chat_template(
  File "/home/sumit/phronesis/mvp/.venv/lib/python3.10/site-packages/transformers/tokenization_utils_base.py", line 3086, in apply_chat_template
    rendered_chat, generation_indices = render_jinja_template(
  File "/home/sumit/phronesis/mvp/.venv/lib/python3.10/site-packages/transformers/utils/chat_template_utils.py", line 514, in render_jinja_template
    compiled_template = _compile_jinja_template(chat_template)
  File "/home/sumit/phronesis/mvp/.venv/lib/python3.10/site-packages/transformers/utils/chat_template_utils.py", line 421, in _compile_jinja_template
    return _cached_compile_jinja_template(chat_template)
  File "/home/sumit/phronesis/mvp/.venv/lib/python3.10/site-packages/transformers/utils/chat_template_utils.py", line 474, in _cached_compile_jinja_template
    raise ImportError(
ImportError: apply_chat_template requires jinja2>=3.1.0 to be installed. Your version is 3.0.3.

[2026-05-01 13:09:26]     [373/576] E5-ecological-fallacy: generating (cap=2048)...
[2026-05-01 13:09:26]       ERROR: apply_chat_template requires jinja2>=3.1.0 to be installed. Your version is 3.0.3.
Traceback (most recent call last):
  File "/home/sumit/phronesis/mvp/run_openr1_sweep.py", line 403, in main
    r = generate(model, tokenizer, device, p["prompt"], cap)
  File "/home/sumit/phronesis/mvp/run_openr1_sweep.py", line 182, in generate
    text = tokenizer.apply_chat_template(
  File "/home/sumit/phronesis/mvp/.venv/lib/python3.10/site-packages/transformers/tokenization_utils_base.py", line 3086, in apply_chat_template
    rendered_chat, generation_indices = render_jinja_template(
  File "/home/sumit/phronesis/mvp/.venv/lib/python3.10/site-packages/transformers/utils/chat_template_utils.py", line 514, in render_jinja_template
    compiled_template = _compile_jinja_template(chat_template)
  File "/home/sumit/phronesis/mvp/.venv/lib/python3.10/site-packages/transformers/utils/chat_template_utils.py", line 421, in _compile_jinja_template
    return _cached_compile_jinja_template(chat_template)
  File "/home/sumit/phronesis/mvp/.venv/lib/python3.10/site-packages/transformers/utils/chat_template_utils.py", line 474, in _cached_compile_jinja_template
    raise ImportError(
ImportError: apply_chat_template requires jinja2>=3.1.0 to be installed. Your version is 3.0.3.

[2026-05-01 13:09:26]     [374/576] N1-simpsons-paradox: generating (cap=4096)...
[2026-05-01 13:09:26]       ERROR: apply_chat_template requires jinja2>=3.1.0 to be installed. Your version is 3.0.3.
Traceback (most recent call last):
  File "/home/sumit/phronesis/mvp/run_openr1_sweep.py", line 403, in main
    r = generate(model, tokenizer, device, p["prompt"], cap)
  File "/home/sumit/phronesis/mvp/run_openr1_sweep.py", line 182, in generate
    text = tokenizer.apply_chat_template(
  File "/home/sumit/phronesis/mvp/.venv/lib/python3.10/site-packages/transformers/tokenization_utils_base.py", line 3086, in apply_chat_template
    rendered_chat, generation_indices = render_jinja_template(
  File "/home/sumit/phronesis/mvp/.venv/lib/python3.10/site-packages/transformers/utils/chat_template_utils.py", line 514, in render_jinja_template
    compiled_template = _compile_jinja_template(chat_template)
  File "/home/sumit/phronesis/mvp/.venv/lib/python3.10/site-packages/transformers/utils/chat_template_utils.py", line 421, in _compile_jinja_template
    return _cached_compile_jinja_template(chat_template)
  File "/home/sumit/phronesis/mvp/.venv/lib/python3.10/site-packages/transformers/utils/chat_template_utils.py", line 474, in _cached_compile_jinja_template
    raise ImportError(
ImportError: apply_chat_template requires jinja2>=3.1.0 to be installed. Your version is 3.0.3.

[2026-05-01 13:09:26]     [375/576] N2-conjunction-fallacy: generating (cap=2048)...
[2026-05-01 13:09:26]       ERROR: apply_chat_template requires jinja2>=3.1.0 to be installed. Your version is 3.0.3.
Traceback (most recent call last):
  File "/home/sumit/phronesis/mvp/run_openr1_sweep.py", line 403, in main
    r = generate(model, tokenizer, device, p["prompt"], cap)
  File "/home/sumit/phronesis/mvp/run_openr1_sweep.py", line 182, in generate
    text = tokenizer.apply_chat_template(
  File "/home/sumit/phronesis/mvp/.venv/lib/python3.10/site-packages/transformers/tokenization_utils_base.py", line 3086, in apply_chat_template
    rendered_chat, generation_indices = render_jinja_template(
  File "/home/sumit/phronesis/mvp/.venv/lib/python3.10/site-packages/transformers/utils/chat_template_utils.py", line 514, in render_jinja_template
    compiled_template = _compile_jinja_template(chat_template)
  File "/home/sumit/phronesis/mvp/.venv/lib/python3.10/site-packages/transformers/utils/chat_template_utils.py", line 421, in _compile_jinja_template
    return _cached_compile_jinja_template(chat_template)
  File "/home/sumit/phronesis/mvp/.venv/lib/python3.10/site-packages/transformers/utils/chat_template_utils.py", line 474, in _cached_compile_jinja_template
    raise ImportError(
ImportError: apply_chat_template requires jinja2>=3.1.0 to be installed. Your version is 3.0.3.

[2026-05-01 13:09:26]     [376/576] N3-survivorship-bias: generating (cap=2048)...
[2026-05-01 13:09:26]       ERROR: apply_chat_template requires jinja2>=3.1.0 to be installed. Your version is 3.0.3.
Traceback (most recent call last):
  File "/home/sumit/phronesis/mvp/run_openr1_sweep.py", line 403, in main
    r = generate(model, tokenizer, device, p["prompt"], cap)
  File "/home/sumit/phronesis/mvp/run_openr1_sweep.py", line 182, in generate
    text = tokenizer.apply_chat_template(
  File "/home/sumit/phronesis/mvp/.venv/lib/python3.10/site-packages/transformers/tokenization_utils_base.py", line 3086, in apply_chat_template
    rendered_chat, generation_indices = render_jinja_template(
  File "/home/sumit/phronesis/mvp/.venv/lib/python3.10/site-packages/transformers/utils/chat_template_utils.py", line 514, in render_jinja_template
    compiled_template = _compile_jinja_template(chat_template)
  File "/home/sumit/phronesis/mvp/.venv/lib/python3.10/site-packages/transformers/utils/chat_template_utils.py", line 421, in _compile_jinja_template
    return _cached_compile_jinja_template(chat_template)
  File "/home/sumit/phronesis/mvp/.venv/lib/python3.10/site-packages/transformers/utils/chat_template_utils.py", line 474, in _cached_compile_jinja_template
    raise ImportError(
ImportError: apply_chat_template requires jinja2>=3.1.0 to be installed. Your version is 3.0.3.

[2026-05-01 13:09:26]   ─ α=+20.00 (a+20.00) ─
[2026-05-01 13:09:26]     [377/576] E1-confabulation: generating (cap=2048)...
[2026-05-01 13:09:26]       ERROR: apply_chat_template requires jinja2>=3.1.0 to be installed. Your version is 3.0.3.
Traceback (most recent call last):
  File "/home/sumit/phronesis/mvp/run_openr1_sweep.py", line 403, in main
    r = generate(model, tokenizer, device, p["prompt"], cap)
  File "/home/sumit/phronesis/mvp/run_openr1_sweep.py", line 182, in generate
    text = tokenizer.apply_chat_template(
  File "/home/sumit/phronesis/mvp/.venv/lib/python3.10/site-packages/transformers/tokenization_utils_base.py", line 3086, in apply_chat_template
    rendered_chat, generation_indices = render_jinja_template(
  File "/home/sumit/phronesis/mvp/.venv/lib/python3.10/site-packages/transformers/utils/chat_template_utils.py", line 514, in render_jinja_template
    compiled_template = _compile_jinja_template(chat_template)
  File "/home/sumit/phronesis/mvp/.venv/lib/python3.10/site-packages/transformers/utils/chat_template_utils.py", line 421, in _compile_jinja_template
    return _cached_compile_jinja_template(chat_template)
  File "/home/sumit/phronesis/mvp/.venv/lib/python3.10/site-packages/transformers/utils/chat_template_utils.py", line 474, in _cached_compile_jinja_template
    raise ImportError(
ImportError: apply_chat_template requires jinja2>=3.1.0 to be installed. Your version is 3.0.3.

[2026-05-01 13:09:26]     [378/576] E2-contested-science: generating (cap=2048)...
[2026-05-01 13:09:26]       ERROR: apply_chat_template requires jinja2>=3.1.0 to be installed. Your version is 3.0.3.
Traceback (most recent call last):
  File "/home/sumit/phronesis/mvp/run_openr1_sweep.py", line 403, in main
    r = generate(model, tokenizer, device, p["prompt"], cap)
  File "/home/sumit/phronesis/mvp/run_openr1_sweep.py", line 182, in generate
    text = tokenizer.apply_chat_template(
  File "/home/sumit/phronesis/mvp/.venv/lib/python3.10/site-packages/transformers/tokenization_utils_base.py", line 3086, in apply_chat_template
    rendered_chat, generation_indices = render_jinja_template(
  File "/home/sumit/phronesis/mvp/.venv/lib/python3.10/site-packages/transformers/utils/chat_template_utils.py", line 514, in render_jinja_template
    compiled_template = _compile_jinja_template(chat_template)
  File "/home/sumit/phronesis/mvp/.venv/lib/python3.10/site-packages/transformers/utils/chat_template_utils.py", line 421, in _compile_jinja_template
    return _cached_compile_jinja_template(chat_template)
  File "/home/sumit/phronesis/mvp/.venv/lib/python3.10/site-packages/transformers/utils/chat_template_utils.py", line 474, in _cached_compile_jinja_template
    raise ImportError(
ImportError: apply_chat_template requires jinja2>=3.1.0 to be installed. Your version is 3.0.3.

[2026-05-01 13:09:26]     [379/576] E3-bayesian-update: generating (cap=8192)...
[2026-05-01 13:09:26]       ERROR: apply_chat_template requires jinja2>=3.1.0 to be installed. Your version is 3.0.3.
Traceback (most recent call last):
  File "/home/sumit/phronesis/mvp/run_openr1_sweep.py", line 403, in main
    r = generate(model, tokenizer, device, p["prompt"], cap)
  File "/home/sumit/phronesis/mvp/run_openr1_sweep.py", line 182, in generate
    text = tokenizer.apply_chat_template(
  File "/home/sumit/phronesis/mvp/.venv/lib/python3.10/site-packages/transformers/tokenization_utils_base.py", line 3086, in apply_chat_template
    rendered_chat, generation_indices = render_jinja_template(
  File "/home/sumit/phronesis/mvp/.venv/lib/python3.10/site-packages/transformers/utils/chat_template_utils.py", line 514, in render_jinja_template
    compiled_template = _compile_jinja_template(chat_template)
  File "/home/sumit/phronesis/mvp/.venv/lib/python3.10/site-packages/transformers/utils/chat_template_utils.py", line 421, in _compile_jinja_template
    return _cached_compile_jinja_template(chat_template)
  File "/home/sumit/phronesis/mvp/.venv/lib/python3.10/site-packages/transformers/utils/chat_template_utils.py", line 474, in _cached_compile_jinja_template
    raise ImportError(
ImportError: apply_chat_template requires jinja2>=3.1.0 to be installed. Your version is 3.0.3.

[2026-05-01 13:09:26]     [380/576] E4-taxi-social: generating (cap=8192)...
[2026-05-01 13:09:26]       ERROR: apply_chat_template requires jinja2>=3.1.0 to be installed. Your version is 3.0.3.
Traceback (most recent call last):
  File "/home/sumit/phronesis/mvp/run_openr1_sweep.py", line 403, in main
    r = generate(model, tokenizer, device, p["prompt"], cap)
  File "/home/sumit/phronesis/mvp/run_openr1_sweep.py", line 182, in generate
    text = tokenizer.apply_chat_template(
  File "/home/sumit/phronesis/mvp/.venv/lib/python3.10/site-packages/transformers/tokenization_utils_base.py", line 3086, in apply_chat_template
    rendered_chat, generation_indices = render_jinja_template(
  File "/home/sumit/phronesis/mvp/.venv/lib/python3.10/site-packages/transformers/utils/chat_template_utils.py", line 514, in render_jinja_template
    compiled_template = _compile_jinja_template(chat_template)
  File "/home/sumit/phronesis/mvp/.venv/lib/python3.10/site-packages/transformers/utils/chat_template_utils.py", line 421, in _compile_jinja_template
    return _cached_compile_jinja_template(chat_template)
  File "/home/sumit/phronesis/mvp/.venv/lib/python3.10/site-packages/transformers/utils/chat_template_utils.py", line 474, in _cached_compile_jinja_template
    raise ImportError(
ImportError: apply_chat_template requires jinja2>=3.1.0 to be installed. Your version is 3.0.3.

[2026-05-01 13:09:26]     [381/576] E5-ecological-fallacy: generating (cap=2048)...
[2026-05-01 13:09:26]       ERROR: apply_chat_template requires jinja2>=3.1.0 to be installed. Your version is 3.0.3.
Traceback (most recent call last):
  File "/home/sumit/phronesis/mvp/run_openr1_sweep.py", line 403, in main
    r = generate(model, tokenizer, device, p["prompt"], cap)
  File "/home/sumit/phronesis/mvp/run_openr1_sweep.py", line 182, in generate
    text = tokenizer.apply_chat_template(
  File "/home/sumit/phronesis/mvp/.venv/lib/python3.10/site-packages/transformers/tokenization_utils_base.py", line 3086, in apply_chat_template
    rendered_chat, generation_indices = render_jinja_template(
  File "/home/sumit/phronesis/mvp/.venv/lib/python3.10/site-packages/transformers/utils/chat_template_utils.py", line 514, in render_jinja_template
    compiled_template = _compile_jinja_template(chat_template)
  File "/home/sumit/phronesis/mvp/.venv/lib/python3.10/site-packages/transformers/utils/chat_template_utils.py", line 421, in _compile_jinja_template
    return _cached_compile_jinja_template(chat_template)
  File "/home/sumit/phronesis/mvp/.venv/lib/python3.10/site-packages/transformers/utils/chat_template_utils.py", line 474, in _cached_compile_jinja_template
    raise ImportError(
ImportError: apply_chat_template requires jinja2>=3.1.0 to be installed. Your version is 3.0.3.

[2026-05-01 13:09:26]     [382/576] N1-simpsons-paradox: generating (cap=4096)...
[2026-05-01 13:09:26]       ERROR: apply_chat_template requires jinja2>=3.1.0 to be installed. Your version is 3.0.3.
Traceback (most recent call last):
  File "/home/sumit/phronesis/mvp/run_openr1_sweep.py", line 403, in main
    r = generate(model, tokenizer, device, p["prompt"], cap)
  File "/home/sumit/phronesis/mvp/run_openr1_sweep.py", line 182, in generate
    text = tokenizer.apply_chat_template(
  File "/home/sumit/phronesis/mvp/.venv/lib/python3.10/site-packages/transformers/tokenization_utils_base.py", line 3086, in apply_chat_template
    rendered_chat, generation_indices = render_jinja_template(
  File "/home/sumit/phronesis/mvp/.venv/lib/python3.10/site-packages/transformers/utils/chat_template_utils.py", line 514, in render_jinja_template
    compiled_template = _compile_jinja_template(chat_template)
  File "/home/sumit/phronesis/mvp/.venv/lib/python3.10/site-packages/transformers/utils/chat_template_utils.py", line 421, in _compile_jinja_template
    return _cached_compile_jinja_template(chat_template)
  File "/home/sumit/phronesis/mvp/.venv/lib/python3.10/site-packages/transformers/utils/chat_template_utils.py", line 474, in _cached_compile_jinja_template
    raise ImportError(
ImportError: apply_chat_template requires jinja2>=3.1.0 to be installed. Your version is 3.0.3.

[2026-05-01 13:09:26]     [383/576] N2-conjunction-fallacy: generating (cap=2048)...
[2026-05-01 13:09:26]       ERROR: apply_chat_template requires jinja2>=3.1.0 to be installed. Your version is 3.0.3.
Traceback (most recent call last):
  File "/home/sumit/phronesis/mvp/run_openr1_sweep.py", line 403, in main
    r = generate(model, tokenizer, device, p["prompt"], cap)
  File "/home/sumit/phronesis/mvp/run_openr1_sweep.py", line 182, in generate
    text = tokenizer.apply_chat_template(
  File "/home/sumit/phronesis/mvp/.venv/lib/python3.10/site-packages/transformers/tokenization_utils_base.py", line 3086, in apply_chat_template
    rendered_chat, generation_indices = render_jinja_template(
  File "/home/sumit/phronesis/mvp/.venv/lib/python3.10/site-packages/transformers/utils/chat_template_utils.py", line 514, in render_jinja_template
    compiled_template = _compile_jinja_template(chat_template)
  File "/home/sumit/phronesis/mvp/.venv/lib/python3.10/site-packages/transformers/utils/chat_template_utils.py", line 421, in _compile_jinja_template
    return _cached_compile_jinja_template(chat_template)
  File "/home/sumit/phronesis/mvp/.venv/lib/python3.10/site-packages/transformers/utils/chat_template_utils.py", line 474, in _cached_compile_jinja_template
    raise ImportError(
ImportError: apply_chat_template requires jinja2>=3.1.0 to be installed. Your version is 3.0.3.

[2026-05-01 13:09:26]     [384/576] N3-survivorship-bias: generating (cap=2048)...
[2026-05-01 13:09:26]       ERROR: apply_chat_template requires jinja2>=3.1.0 to be installed. Your version is 3.0.3.
Traceback (most recent call last):
  File "/home/sumit/phronesis/mvp/run_openr1_sweep.py", line 403, in main
    r = generate(model, tokenizer, device, p["prompt"], cap)
  File "/home/sumit/phronesis/mvp/run_openr1_sweep.py", line 182, in generate
    text = tokenizer.apply_chat_template(
  File "/home/sumit/phronesis/mvp/.venv/lib/python3.10/site-packages/transformers/tokenization_utils_base.py", line 3086, in apply_chat_template
    rendered_chat, generation_indices = render_jinja_template(
  File "/home/sumit/phronesis/mvp/.venv/lib/python3.10/site-packages/transformers/utils/chat_template_utils.py", line 514, in render_jinja_template
    compiled_template = _compile_jinja_template(chat_template)
  File "/home/sumit/phronesis/mvp/.venv/lib/python3.10/site-packages/transformers/utils/chat_template_utils.py", line 421, in _compile_jinja_template
    return _cached_compile_jinja_template(chat_template)
  File "/home/sumit/phronesis/mvp/.venv/lib/python3.10/site-packages/transformers/utils/chat_template_utils.py", line 474, in _cached_compile_jinja_template
    raise ImportError(
ImportError: apply_chat_template requires jinja2>=3.1.0 to be installed. Your version is 3.0.3.

[2026-05-01 13:09:26] ════════════════════════════════════════════════════════════════════════
[2026-05-01 13:09:26] VECTOR VC_L25 — corpus=triplets-verbosity-control  layer=L25  norm=97.11
[2026-05-01 13:09:26]   ─ α=-8.00 (a-08.00) ─
[2026-05-01 13:09:26]     [385/576] E1-confabulation: generating (cap=2048)...
[2026-05-01 13:09:26]       ERROR: apply_chat_template requires jinja2>=3.1.0 to be installed. Your version is 3.0.3.
Traceback (most recent call last):
  File "/home/sumit/phronesis/mvp/run_openr1_sweep.py", line 403, in main
    r = generate(model, tokenizer, device, p["prompt"], cap)
  File "/home/sumit/phronesis/mvp/run_openr1_sweep.py", line 182, in generate
    text = tokenizer.apply_chat_template(
  File "/home/sumit/phronesis/mvp/.venv/lib/python3.10/site-packages/transformers/tokenization_utils_base.py", line 3086, in apply_chat_template
    rendered_chat, generation_indices = render_jinja_template(
  File "/home/sumit/phronesis/mvp/.venv/lib/python3.10/site-packages/transformers/utils/chat_template_utils.py", line 514, in render_jinja_template
    compiled_template = _compile_jinja_template(chat_template)
  File "/home/sumit/phronesis/mvp/.venv/lib/python3.10/site-packages/transformers/utils/chat_template_utils.py", line 421, in _compile_jinja_template
    return _cached_compile_jinja_template(chat_template)
  File "/home/sumit/phronesis/mvp/.venv/lib/python3.10/site-packages/transformers/utils/chat_template_utils.py", line 474, in _cached_compile_jinja_template
    raise ImportError(
ImportError: apply_chat_template requires jinja2>=3.1.0 to be installed. Your version is 3.0.3.

[2026-05-01 13:09:26]     [386/576] E2-contested-science: generating (cap=2048)...
[2026-05-01 13:09:26]       ERROR: apply_chat_template requires jinja2>=3.1.0 to be installed. Your version is 3.0.3.
Traceback (most recent call last):
  File "/home/sumit/phronesis/mvp/run_openr1_sweep.py", line 403, in main
    r = generate(model, tokenizer, device, p["prompt"], cap)
  File "/home/sumit/phronesis/mvp/run_openr1_sweep.py", line 182, in generate
    text = tokenizer.apply_chat_template(
  File "/home/sumit/phronesis/mvp/.venv/lib/python3.10/site-packages/transformers/tokenization_utils_base.py", line 3086, in apply_chat_template
    rendered_chat, generation_indices = render_jinja_template(
  File "/home/sumit/phronesis/mvp/.venv/lib/python3.10/site-packages/transformers/utils/chat_template_utils.py", line 514, in render_jinja_template
    compiled_template = _compile_jinja_template(chat_template)
  File "/home/sumit/phronesis/mvp/.venv/lib/python3.10/site-packages/transformers/utils/chat_template_utils.py", line 421, in _compile_jinja_template
    return _cached_compile_jinja_template(chat_template)
  File "/home/sumit/phronesis/mvp/.venv/lib/python3.10/site-packages/transformers/utils/chat_template_utils.py", line 474, in _cached_compile_jinja_template
    raise ImportError(
ImportError: apply_chat_template requires jinja2>=3.1.0 to be installed. Your version is 3.0.3.

[2026-05-01 13:09:26]     [387/576] E3-bayesian-update: generating (cap=8192)...
[2026-05-01 13:09:26]       ERROR: apply_chat_template requires jinja2>=3.1.0 to be installed. Your version is 3.0.3.
Traceback (most recent call last):
  File "/home/sumit/phronesis/mvp/run_openr1_sweep.py", line 403, in main
    r = generate(model, tokenizer, device, p["prompt"], cap)
  File "/home/sumit/phronesis/mvp/run_openr1_sweep.py", line 182, in generate
    text = tokenizer.apply_chat_template(
  File "/home/sumit/phronesis/mvp/.venv/lib/python3.10/site-packages/transformers/tokenization_utils_base.py", line 3086, in apply_chat_template
    rendered_chat, generation_indices = render_jinja_template(
  File "/home/sumit/phronesis/mvp/.venv/lib/python3.10/site-packages/transformers/utils/chat_template_utils.py", line 514, in render_jinja_template
    compiled_template = _compile_jinja_template(chat_template)
  File "/home/sumit/phronesis/mvp/.venv/lib/python3.10/site-packages/transformers/utils/chat_template_utils.py", line 421, in _compile_jinja_template
    return _cached_compile_jinja_template(chat_template)
  File "/home/sumit/phronesis/mvp/.venv/lib/python3.10/site-packages/transformers/utils/chat_template_utils.py", line 474, in _cached_compile_jinja_template
    raise ImportError(
ImportError: apply_chat_template requires jinja2>=3.1.0 to be installed. Your version is 3.0.3.

[2026-05-01 13:09:26]     [388/576] E4-taxi-social: generating (cap=8192)...
[2026-05-01 13:09:26]       ERROR: apply_chat_template requires jinja2>=3.1.0 to be installed. Your version is 3.0.3.
Traceback (most recent call last):
  File "/home/sumit/phronesis/mvp/run_openr1_sweep.py", line 403, in main
    r = generate(model, tokenizer, device, p["prompt"], cap)
  File "/home/sumit/phronesis/mvp/run_openr1_sweep.py", line 182, in generate
    text = tokenizer.apply_chat_template(
  File "/home/sumit/phronesis/mvp/.venv/lib/python3.10/site-packages/transformers/tokenization_utils_base.py", line 3086, in apply_chat_template
    rendered_chat, generation_indices = render_jinja_template(
  File "/home/sumit/phronesis/mvp/.venv/lib/python3.10/site-packages/transformers/utils/chat_template_utils.py", line 514, in render_jinja_template
    compiled_template = _compile_jinja_template(chat_template)
  File "/home/sumit/phronesis/mvp/.venv/lib/python3.10/site-packages/transformers/utils/chat_template_utils.py", line 421, in _compile_jinja_template
    return _cached_compile_jinja_template(chat_template)
  File "/home/sumit/phronesis/mvp/.venv/lib/python3.10/site-packages/transformers/utils/chat_template_utils.py", line 474, in _cached_compile_jinja_template
    raise ImportError(
ImportError: apply_chat_template requires jinja2>=3.1.0 to be installed. Your version is 3.0.3.

[2026-05-01 13:09:26]     [389/576] E5-ecological-fallacy: generating (cap=2048)...
[2026-05-01 13:09:26]       ERROR: apply_chat_template requires jinja2>=3.1.0 to be installed. Your version is 3.0.3.
Traceback (most recent call last):
  File "/home/sumit/phronesis/mvp/run_openr1_sweep.py", line 403, in main
    r = generate(model, tokenizer, device, p["prompt"], cap)
  File "/home/sumit/phronesis/mvp/run_openr1_sweep.py", line 182, in generate
    text = tokenizer.apply_chat_template(
  File "/home/sumit/phronesis/mvp/.venv/lib/python3.10/site-packages/transformers/tokenization_utils_base.py", line 3086, in apply_chat_template
    rendered_chat, generation_indices = render_jinja_template(
  File "/home/sumit/phronesis/mvp/.venv/lib/python3.10/site-packages/transformers/utils/chat_template_utils.py", line 514, in render_jinja_template
    compiled_template = _compile_jinja_template(chat_template)
  File "/home/sumit/phronesis/mvp/.venv/lib/python3.10/site-packages/transformers/utils/chat_template_utils.py", line 421, in _compile_jinja_template
    return _cached_compile_jinja_template(chat_template)
  File "/home/sumit/phronesis/mvp/.venv/lib/python3.10/site-packages/transformers/utils/chat_template_utils.py", line 474, in _cached_compile_jinja_template
    raise ImportError(
ImportError: apply_chat_template requires jinja2>=3.1.0 to be installed. Your version is 3.0.3.

[2026-05-01 13:09:26]     [390/576] N1-simpsons-paradox: generating (cap=4096)...
[2026-05-01 13:09:26]       ERROR: apply_chat_template requires jinja2>=3.1.0 to be installed. Your version is 3.0.3.
Traceback (most recent call last):
  File "/home/sumit/phronesis/mvp/run_openr1_sweep.py", line 403, in main
    r = generate(model, tokenizer, device, p["prompt"], cap)
  File "/home/sumit/phronesis/mvp/run_openr1_sweep.py", line 182, in generate
    text = tokenizer.apply_chat_template(
  File "/home/sumit/phronesis/mvp/.venv/lib/python3.10/site-packages/transformers/tokenization_utils_base.py", line 3086, in apply_chat_template
    rendered_chat, generation_indices = render_jinja_template(
  File "/home/sumit/phronesis/mvp/.venv/lib/python3.10/site-packages/transformers/utils/chat_template_utils.py", line 514, in render_jinja_template
    compiled_template = _compile_jinja_template(chat_template)
  File "/home/sumit/phronesis/mvp/.venv/lib/python3.10/site-packages/transformers/utils/chat_template_utils.py", line 421, in _compile_jinja_template
    return _cached_compile_jinja_template(chat_template)
  File "/home/sumit/phronesis/mvp/.venv/lib/python3.10/site-packages/transformers/utils/chat_template_utils.py", line 474, in _cached_compile_jinja_template
    raise ImportError(
ImportError: apply_chat_template requires jinja2>=3.1.0 to be installed. Your version is 3.0.3.

[2026-05-01 13:09:26]     [391/576] N2-conjunction-fallacy: generating (cap=2048)...
[2026-05-01 13:09:26]       ERROR: apply_chat_template requires jinja2>=3.1.0 to be installed. Your version is 3.0.3.
Traceback (most recent call last):
  File "/home/sumit/phronesis/mvp/run_openr1_sweep.py", line 403, in main
    r = generate(model, tokenizer, device, p["prompt"], cap)
  File "/home/sumit/phronesis/mvp/run_openr1_sweep.py", line 182, in generate
    text = tokenizer.apply_chat_template(
  File "/home/sumit/phronesis/mvp/.venv/lib/python3.10/site-packages/transformers/tokenization_utils_base.py", line 3086, in apply_chat_template
    rendered_chat, generation_indices = render_jinja_template(
  File "/home/sumit/phronesis/mvp/.venv/lib/python3.10/site-packages/transformers/utils/chat_template_utils.py", line 514, in render_jinja_template
    compiled_template = _compile_jinja_template(chat_template)
  File "/home/sumit/phronesis/mvp/.venv/lib/python3.10/site-packages/transformers/utils/chat_template_utils.py", line 421, in _compile_jinja_template
    return _cached_compile_jinja_template(chat_template)
  File "/home/sumit/phronesis/mvp/.venv/lib/python3.10/site-packages/transformers/utils/chat_template_utils.py", line 474, in _cached_compile_jinja_template
    raise ImportError(
ImportError: apply_chat_template requires jinja2>=3.1.0 to be installed. Your version is 3.0.3.

[2026-05-01 13:09:26]     [392/576] N3-survivorship-bias: generating (cap=2048)...
[2026-05-01 13:09:26]       ERROR: apply_chat_template requires jinja2>=3.1.0 to be installed. Your version is 3.0.3.
Traceback (most recent call last):
  File "/home/sumit/phronesis/mvp/run_openr1_sweep.py", line 403, in main
    r = generate(model, tokenizer, device, p["prompt"], cap)
  File "/home/sumit/phronesis/mvp/run_openr1_sweep.py", line 182, in generate
    text = tokenizer.apply_chat_template(
  File "/home/sumit/phronesis/mvp/.venv/lib/python3.10/site-packages/transformers/tokenization_utils_base.py", line 3086, in apply_chat_template
    rendered_chat, generation_indices = render_jinja_template(
  File "/home/sumit/phronesis/mvp/.venv/lib/python3.10/site-packages/transformers/utils/chat_template_utils.py", line 514, in render_jinja_template
    compiled_template = _compile_jinja_template(chat_template)
  File "/home/sumit/phronesis/mvp/.venv/lib/python3.10/site-packages/transformers/utils/chat_template_utils.py", line 421, in _compile_jinja_template
    return _cached_compile_jinja_template(chat_template)
  File "/home/sumit/phronesis/mvp/.venv/lib/python3.10/site-packages/transformers/utils/chat_template_utils.py", line 474, in _cached_compile_jinja_template
    raise ImportError(
ImportError: apply_chat_template requires jinja2>=3.1.0 to be installed. Your version is 3.0.3.

[2026-05-01 13:09:26]   ─ α=-4.00 (a-04.00) ─
[2026-05-01 13:09:26]     [393/576] E1-confabulation: generating (cap=2048)...
[2026-05-01 13:09:26]       ERROR: apply_chat_template requires jinja2>=3.1.0 to be installed. Your version is 3.0.3.
Traceback (most recent call last):
  File "/home/sumit/phronesis/mvp/run_openr1_sweep.py", line 403, in main
    r = generate(model, tokenizer, device, p["prompt"], cap)
  File "/home/sumit/phronesis/mvp/run_openr1_sweep.py", line 182, in generate
    text = tokenizer.apply_chat_template(
  File "/home/sumit/phronesis/mvp/.venv/lib/python3.10/site-packages/transformers/tokenization_utils_base.py", line 3086, in apply_chat_template
    rendered_chat, generation_indices = render_jinja_template(
  File "/home/sumit/phronesis/mvp/.venv/lib/python3.10/site-packages/transformers/utils/chat_template_utils.py", line 514, in render_jinja_template
    compiled_template = _compile_jinja_template(chat_template)
  File "/home/sumit/phronesis/mvp/.venv/lib/python3.10/site-packages/transformers/utils/chat_template_utils.py", line 421, in _compile_jinja_template
    return _cached_compile_jinja_template(chat_template)
  File "/home/sumit/phronesis/mvp/.venv/lib/python3.10/site-packages/transformers/utils/chat_template_utils.py", line 474, in _cached_compile_jinja_template
    raise ImportError(
ImportError: apply_chat_template requires jinja2>=3.1.0 to be installed. Your version is 3.0.3.

[2026-05-01 13:09:26]     [394/576] E2-contested-science: generating (cap=2048)...
[2026-05-01 13:09:26]       ERROR: apply_chat_template requires jinja2>=3.1.0 to be installed. Your version is 3.0.3.
Traceback (most recent call last):
  File "/home/sumit/phronesis/mvp/run_openr1_sweep.py", line 403, in main
    r = generate(model, tokenizer, device, p["prompt"], cap)
  File "/home/sumit/phronesis/mvp/run_openr1_sweep.py", line 182, in generate
    text = tokenizer.apply_chat_template(
  File "/home/sumit/phronesis/mvp/.venv/lib/python3.10/site-packages/transformers/tokenization_utils_base.py", line 3086, in apply_chat_template
    rendered_chat, generation_indices = render_jinja_template(
  File "/home/sumit/phronesis/mvp/.venv/lib/python3.10/site-packages/transformers/utils/chat_template_utils.py", line 514, in render_jinja_template
    compiled_template = _compile_jinja_template(chat_template)
  File "/home/sumit/phronesis/mvp/.venv/lib/python3.10/site-packages/transformers/utils/chat_template_utils.py", line 421, in _compile_jinja_template
    return _cached_compile_jinja_template(chat_template)
  File "/home/sumit/phronesis/mvp/.venv/lib/python3.10/site-packages/transformers/utils/chat_template_utils.py", line 474, in _cached_compile_jinja_template
    raise ImportError(
ImportError: apply_chat_template requires jinja2>=3.1.0 to be installed. Your version is 3.0.3.

[2026-05-01 13:09:26]     [395/576] E3-bayesian-update: generating (cap=8192)...
[2026-05-01 13:09:26]       ERROR: apply_chat_template requires jinja2>=3.1.0 to be installed. Your version is 3.0.3.
Traceback (most recent call last):
  File "/home/sumit/phronesis/mvp/run_openr1_sweep.py", line 403, in main
    r = generate(model, tokenizer, device, p["prompt"], cap)
  File "/home/sumit/phronesis/mvp/run_openr1_sweep.py", line 182, in generate
    text = tokenizer.apply_chat_template(
  File "/home/sumit/phronesis/mvp/.venv/lib/python3.10/site-packages/transformers/tokenization_utils_base.py", line 3086, in apply_chat_template
    rendered_chat, generation_indices = render_jinja_template(
  File "/home/sumit/phronesis/mvp/.venv/lib/python3.10/site-packages/transformers/utils/chat_template_utils.py", line 514, in render_jinja_template
    compiled_template = _compile_jinja_template(chat_template)
  File "/home/sumit/phronesis/mvp/.venv/lib/python3.10/site-packages/transformers/utils/chat_template_utils.py", line 421, in _compile_jinja_template
    return _cached_compile_jinja_template(chat_template)
  File "/home/sumit/phronesis/mvp/.venv/lib/python3.10/site-packages/transformers/utils/chat_template_utils.py", line 474, in _cached_compile_jinja_template
    raise ImportError(
ImportError: apply_chat_template requires jinja2>=3.1.0 to be installed. Your version is 3.0.3.

[2026-05-01 13:09:26]     [396/576] E4-taxi-social: generating (cap=8192)...
[2026-05-01 13:09:26]       ERROR: apply_chat_template requires jinja2>=3.1.0 to be installed. Your version is 3.0.3.
Traceback (most recent call last):
  File "/home/sumit/phronesis/mvp/run_openr1_sweep.py", line 403, in main
    r = generate(model, tokenizer, device, p["prompt"], cap)
  File "/home/sumit/phronesis/mvp/run_openr1_sweep.py", line 182, in generate
    text = tokenizer.apply_chat_template(
  File "/home/sumit/phronesis/mvp/.venv/lib/python3.10/site-packages/transformers/tokenization_utils_base.py", line 3086, in apply_chat_template
    rendered_chat, generation_indices = render_jinja_template(
  File "/home/sumit/phronesis/mvp/.venv/lib/python3.10/site-packages/transformers/utils/chat_template_utils.py", line 514, in render_jinja_template
    compiled_template = _compile_jinja_template(chat_template)
  File "/home/sumit/phronesis/mvp/.venv/lib/python3.10/site-packages/transformers/utils/chat_template_utils.py", line 421, in _compile_jinja_template
    return _cached_compile_jinja_template(chat_template)
  File "/home/sumit/phronesis/mvp/.venv/lib/python3.10/site-packages/transformers/utils/chat_template_utils.py", line 474, in _cached_compile_jinja_template
    raise ImportError(
ImportError: apply_chat_template requires jinja2>=3.1.0 to be installed. Your version is 3.0.3.

[2026-05-01 13:09:26]     [397/576] E5-ecological-fallacy: generating (cap=2048)...
[2026-05-01 13:09:26]       ERROR: apply_chat_template requires jinja2>=3.1.0 to be installed. Your version is 3.0.3.
Traceback (most recent call last):
  File "/home/sumit/phronesis/mvp/run_openr1_sweep.py", line 403, in main
    r = generate(model, tokenizer, device, p["prompt"], cap)
  File "/home/sumit/phronesis/mvp/run_openr1_sweep.py", line 182, in generate
    text = tokenizer.apply_chat_template(
  File "/home/sumit/phronesis/mvp/.venv/lib/python3.10/site-packages/transformers/tokenization_utils_base.py", line 3086, in apply_chat_template
    rendered_chat, generation_indices = render_jinja_template(
  File "/home/sumit/phronesis/mvp/.venv/lib/python3.10/site-packages/transformers/utils/chat_template_utils.py", line 514, in render_jinja_template
    compiled_template = _compile_jinja_template(chat_template)
  File "/home/sumit/phronesis/mvp/.venv/lib/python3.10/site-packages/transformers/utils/chat_template_utils.py", line 421, in _compile_jinja_template
    return _cached_compile_jinja_template(chat_template)
  File "/home/sumit/phronesis/mvp/.venv/lib/python3.10/site-packages/transformers/utils/chat_template_utils.py", line 474, in _cached_compile_jinja_template
    raise ImportError(
ImportError: apply_chat_template requires jinja2>=3.1.0 to be installed. Your version is 3.0.3.

[2026-05-01 13:09:26]     [398/576] N1-simpsons-paradox: generating (cap=4096)...
[2026-05-01 13:09:26]       ERROR: apply_chat_template requires jinja2>=3.1.0 to be installed. Your version is 3.0.3.
Traceback (most recent call last):
  File "/home/sumit/phronesis/mvp/run_openr1_sweep.py", line 403, in main
    r = generate(model, tokenizer, device, p["prompt"], cap)
  File "/home/sumit/phronesis/mvp/run_openr1_sweep.py", line 182, in generate
    text = tokenizer.apply_chat_template(
  File "/home/sumit/phronesis/mvp/.venv/lib/python3.10/site-packages/transformers/tokenization_utils_base.py", line 3086, in apply_chat_template
    rendered_chat, generation_indices = render_jinja_template(
  File "/home/sumit/phronesis/mvp/.venv/lib/python3.10/site-packages/transformers/utils/chat_template_utils.py", line 514, in render_jinja_template
    compiled_template = _compile_jinja_template(chat_template)
  File "/home/sumit/phronesis/mvp/.venv/lib/python3.10/site-packages/transformers/utils/chat_template_utils.py", line 421, in _compile_jinja_template
    return _cached_compile_jinja_template(chat_template)
  File "/home/sumit/phronesis/mvp/.venv/lib/python3.10/site-packages/transformers/utils/chat_template_utils.py", line 474, in _cached_compile_jinja_template
    raise ImportError(
ImportError: apply_chat_template requires jinja2>=3.1.0 to be installed. Your version is 3.0.3.

[2026-05-01 13:09:26]     [399/576] N2-conjunction-fallacy: generating (cap=2048)...
[2026-05-01 13:09:26]       ERROR: apply_chat_template requires jinja2>=3.1.0 to be installed. Your version is 3.0.3.
Traceback (most recent call last):
  File "/home/sumit/phronesis/mvp/run_openr1_sweep.py", line 403, in main
    r = generate(model, tokenizer, device, p["prompt"], cap)
  File "/home/sumit/phronesis/mvp/run_openr1_sweep.py", line 182, in generate
    text = tokenizer.apply_chat_template(
  File "/home/sumit/phronesis/mvp/.venv/lib/python3.10/site-packages/transformers/tokenization_utils_base.py", line 3086, in apply_chat_template
    rendered_chat, generation_indices = render_jinja_template(
  File "/home/sumit/phronesis/mvp/.venv/lib/python3.10/site-packages/transformers/utils/chat_template_utils.py", line 514, in render_jinja_template
    compiled_template = _compile_jinja_template(chat_template)
  File "/home/sumit/phronesis/mvp/.venv/lib/python3.10/site-packages/transformers/utils/chat_template_utils.py", line 421, in _compile_jinja_template
    return _cached_compile_jinja_template(chat_template)
  File "/home/sumit/phronesis/mvp/.venv/lib/python3.10/site-packages/transformers/utils/chat_template_utils.py", line 474, in _cached_compile_jinja_template
    raise ImportError(
ImportError: apply_chat_template requires jinja2>=3.1.0 to be installed. Your version is 3.0.3.

[2026-05-01 13:09:26]     [400/576] N3-survivorship-bias: generating (cap=2048)...
[2026-05-01 13:09:26]       ERROR: apply_chat_template requires jinja2>=3.1.0 to be installed. Your version is 3.0.3.
Traceback (most recent call last):
  File "/home/sumit/phronesis/mvp/run_openr1_sweep.py", line 403, in main
    r = generate(model, tokenizer, device, p["prompt"], cap)
  File "/home/sumit/phronesis/mvp/run_openr1_sweep.py", line 182, in generate
    text = tokenizer.apply_chat_template(
  File "/home/sumit/phronesis/mvp/.venv/lib/python3.10/site-packages/transformers/tokenization_utils_base.py", line 3086, in apply_chat_template
    rendered_chat, generation_indices = render_jinja_template(
  File "/home/sumit/phronesis/mvp/.venv/lib/python3.10/site-packages/transformers/utils/chat_template_utils.py", line 514, in render_jinja_template
    compiled_template = _compile_jinja_template(chat_template)
  File "/home/sumit/phronesis/mvp/.venv/lib/python3.10/site-packages/transformers/utils/chat_template_utils.py", line 421, in _compile_jinja_template
    return _cached_compile_jinja_template(chat_template)
  File "/home/sumit/phronesis/mvp/.venv/lib/python3.10/site-packages/transformers/utils/chat_template_utils.py", line 474, in _cached_compile_jinja_template
    raise ImportError(
ImportError: apply_chat_template requires jinja2>=3.1.0 to be installed. Your version is 3.0.3.

[2026-05-01 13:09:26]   ─ α=-2.00 (a-02.00) ─
[2026-05-01 13:09:26]     [401/576] E1-confabulation: generating (cap=2048)...
[2026-05-01 13:09:26]       ERROR: apply_chat_template requires jinja2>=3.1.0 to be installed. Your version is 3.0.3.
Traceback (most recent call last):
  File "/home/sumit/phronesis/mvp/run_openr1_sweep.py", line 403, in main
    r = generate(model, tokenizer, device, p["prompt"], cap)
  File "/home/sumit/phronesis/mvp/run_openr1_sweep.py", line 182, in generate
    text = tokenizer.apply_chat_template(
  File "/home/sumit/phronesis/mvp/.venv/lib/python3.10/site-packages/transformers/tokenization_utils_base.py", line 3086, in apply_chat_template
    rendered_chat, generation_indices = render_jinja_template(
  File "/home/sumit/phronesis/mvp/.venv/lib/python3.10/site-packages/transformers/utils/chat_template_utils.py", line 514, in render_jinja_template
    compiled_template = _compile_jinja_template(chat_template)
  File "/home/sumit/phronesis/mvp/.venv/lib/python3.10/site-packages/transformers/utils/chat_template_utils.py", line 421, in _compile_jinja_template
    return _cached_compile_jinja_template(chat_template)
  File "/home/sumit/phronesis/mvp/.venv/lib/python3.10/site-packages/transformers/utils/chat_template_utils.py", line 474, in _cached_compile_jinja_template
    raise ImportError(
ImportError: apply_chat_template requires jinja2>=3.1.0 to be installed. Your version is 3.0.3.

[2026-05-01 13:09:26]     [402/576] E2-contested-science: generating (cap=2048)...
[2026-05-01 13:09:26]       ERROR: apply_chat_template requires jinja2>=3.1.0 to be installed. Your version is 3.0.3.
Traceback (most recent call last):
  File "/home/sumit/phronesis/mvp/run_openr1_sweep.py", line 403, in main
    r = generate(model, tokenizer, device, p["prompt"], cap)
  File "/home/sumit/phronesis/mvp/run_openr1_sweep.py", line 182, in generate
    text = tokenizer.apply_chat_template(
  File "/home/sumit/phronesis/mvp/.venv/lib/python3.10/site-packages/transformers/tokenization_utils_base.py", line 3086, in apply_chat_template
    rendered_chat, generation_indices = render_jinja_template(
  File "/home/sumit/phronesis/mvp/.venv/lib/python3.10/site-packages/transformers/utils/chat_template_utils.py", line 514, in render_jinja_template
    compiled_template = _compile_jinja_template(chat_template)
  File "/home/sumit/phronesis/mvp/.venv/lib/python3.10/site-packages/transformers/utils/chat_template_utils.py", line 421, in _compile_jinja_template
    return _cached_compile_jinja_template(chat_template)
  File "/home/sumit/phronesis/mvp/.venv/lib/python3.10/site-packages/transformers/utils/chat_template_utils.py", line 474, in _cached_compile_jinja_template
    raise ImportError(
ImportError: apply_chat_template requires jinja2>=3.1.0 to be installed. Your version is 3.0.3.

[2026-05-01 13:09:26]     [403/576] E3-bayesian-update: generating (cap=8192)...
[2026-05-01 13:09:26]       ERROR: apply_chat_template requires jinja2>=3.1.0 to be installed. Your version is 3.0.3.
Traceback (most recent call last):
  File "/home/sumit/phronesis/mvp/run_openr1_sweep.py", line 403, in main
    r = generate(model, tokenizer, device, p["prompt"], cap)
  File "/home/sumit/phronesis/mvp/run_openr1_sweep.py", line 182, in generate
    text = tokenizer.apply_chat_template(
  File "/home/sumit/phronesis/mvp/.venv/lib/python3.10/site-packages/transformers/tokenization_utils_base.py", line 3086, in apply_chat_template
    rendered_chat, generation_indices = render_jinja_template(
  File "/home/sumit/phronesis/mvp/.venv/lib/python3.10/site-packages/transformers/utils/chat_template_utils.py", line 514, in render_jinja_template
    compiled_template = _compile_jinja_template(chat_template)
  File "/home/sumit/phronesis/mvp/.venv/lib/python3.10/site-packages/transformers/utils/chat_template_utils.py", line 421, in _compile_jinja_template
    return _cached_compile_jinja_template(chat_template)
  File "/home/sumit/phronesis/mvp/.venv/lib/python3.10/site-packages/transformers/utils/chat_template_utils.py", line 474, in _cached_compile_jinja_template
    raise ImportError(
ImportError: apply_chat_template requires jinja2>=3.1.0 to be installed. Your version is 3.0.3.

[2026-05-01 13:09:26]     [404/576] E4-taxi-social: generating (cap=8192)...
[2026-05-01 13:09:26]       ERROR: apply_chat_template requires jinja2>=3.1.0 to be installed. Your version is 3.0.3.
Traceback (most recent call last):
  File "/home/sumit/phronesis/mvp/run_openr1_sweep.py", line 403, in main
    r = generate(model, tokenizer, device, p["prompt"], cap)
  File "/home/sumit/phronesis/mvp/run_openr1_sweep.py", line 182, in generate
    text = tokenizer.apply_chat_template(
  File "/home/sumit/phronesis/mvp/.venv/lib/python3.10/site-packages/transformers/tokenization_utils_base.py", line 3086, in apply_chat_template
    rendered_chat, generation_indices = render_jinja_template(
  File "/home/sumit/phronesis/mvp/.venv/lib/python3.10/site-packages/transformers/utils/chat_template_utils.py", line 514, in render_jinja_template
    compiled_template = _compile_jinja_template(chat_template)
  File "/home/sumit/phronesis/mvp/.venv/lib/python3.10/site-packages/transformers/utils/chat_template_utils.py", line 421, in _compile_jinja_template
    return _cached_compile_jinja_template(chat_template)
  File "/home/sumit/phronesis/mvp/.venv/lib/python3.10/site-packages/transformers/utils/chat_template_utils.py", line 474, in _cached_compile_jinja_template
    raise ImportError(
ImportError: apply_chat_template requires jinja2>=3.1.0 to be installed. Your version is 3.0.3.

[2026-05-01 13:09:26]     [405/576] E5-ecological-fallacy: generating (cap=2048)...
[2026-05-01 13:09:26]       ERROR: apply_chat_template requires jinja2>=3.1.0 to be installed. Your version is 3.0.3.
Traceback (most recent call last):
  File "/home/sumit/phronesis/mvp/run_openr1_sweep.py", line 403, in main
    r = generate(model, tokenizer, device, p["prompt"], cap)
  File "/home/sumit/phronesis/mvp/run_openr1_sweep.py", line 182, in generate
    text = tokenizer.apply_chat_template(
  File "/home/sumit/phronesis/mvp/.venv/lib/python3.10/site-packages/transformers/tokenization_utils_base.py", line 3086, in apply_chat_template
    rendered_chat, generation_indices = render_jinja_template(
  File "/home/sumit/phronesis/mvp/.venv/lib/python3.10/site-packages/transformers/utils/chat_template_utils.py", line 514, in render_jinja_template
    compiled_template = _compile_jinja_template(chat_template)
  File "/home/sumit/phronesis/mvp/.venv/lib/python3.10/site-packages/transformers/utils/chat_template_utils.py", line 421, in _compile_jinja_template
    return _cached_compile_jinja_template(chat_template)
  File "/home/sumit/phronesis/mvp/.venv/lib/python3.10/site-packages/transformers/utils/chat_template_utils.py", line 474, in _cached_compile_jinja_template
    raise ImportError(
ImportError: apply_chat_template requires jinja2>=3.1.0 to be installed. Your version is 3.0.3.

[2026-05-01 13:09:26]     [406/576] N1-simpsons-paradox: generating (cap=4096)...
[2026-05-01 13:09:26]       ERROR: apply_chat_template requires jinja2>=3.1.0 to be installed. Your version is 3.0.3.
Traceback (most recent call last):
  File "/home/sumit/phronesis/mvp/run_openr1_sweep.py", line 403, in main
    r = generate(model, tokenizer, device, p["prompt"], cap)
  File "/home/sumit/phronesis/mvp/run_openr1_sweep.py", line 182, in generate
    text = tokenizer.apply_chat_template(
  File "/home/sumit/phronesis/mvp/.venv/lib/python3.10/site-packages/transformers/tokenization_utils_base.py", line 3086, in apply_chat_template
    rendered_chat, generation_indices = render_jinja_template(
  File "/home/sumit/phronesis/mvp/.venv/lib/python3.10/site-packages/transformers/utils/chat_template_utils.py", line 514, in render_jinja_template
    compiled_template = _compile_jinja_template(chat_template)
  File "/home/sumit/phronesis/mvp/.venv/lib/python3.10/site-packages/transformers/utils/chat_template_utils.py", line 421, in _compile_jinja_template
    return _cached_compile_jinja_template(chat_template)
  File "/home/sumit/phronesis/mvp/.venv/lib/python3.10/site-packages/transformers/utils/chat_template_utils.py", line 474, in _cached_compile_jinja_template
    raise ImportError(
ImportError: apply_chat_template requires jinja2>=3.1.0 to be installed. Your version is 3.0.3.

[2026-05-01 13:09:26]     [407/576] N2-conjunction-fallacy: generating (cap=2048)...
[2026-05-01 13:09:26]       ERROR: apply_chat_template requires jinja2>=3.1.0 to be installed. Your version is 3.0.3.
Traceback (most recent call last):
  File "/home/sumit/phronesis/mvp/run_openr1_sweep.py", line 403, in main
    r = generate(model, tokenizer, device, p["prompt"], cap)
  File "/home/sumit/phronesis/mvp/run_openr1_sweep.py", line 182, in generate
    text = tokenizer.apply_chat_template(
  File "/home/sumit/phronesis/mvp/.venv/lib/python3.10/site-packages/transformers/tokenization_utils_base.py", line 3086, in apply_chat_template
    rendered_chat, generation_indices = render_jinja_template(
  File "/home/sumit/phronesis/mvp/.venv/lib/python3.10/site-packages/transformers/utils/chat_template_utils.py", line 514, in render_jinja_template
    compiled_template = _compile_jinja_template(chat_template)
  File "/home/sumit/phronesis/mvp/.venv/lib/python3.10/site-packages/transformers/utils/chat_template_utils.py", line 421, in _compile_jinja_template
    return _cached_compile_jinja_template(chat_template)
  File "/home/sumit/phronesis/mvp/.venv/lib/python3.10/site-packages/transformers/utils/chat_template_utils.py", line 474, in _cached_compile_jinja_template
    raise ImportError(
ImportError: apply_chat_template requires jinja2>=3.1.0 to be installed. Your version is 3.0.3.

[2026-05-01 13:09:26]     [408/576] N3-survivorship-bias: generating (cap=2048)...
[2026-05-01 13:09:26]       ERROR: apply_chat_template requires jinja2>=3.1.0 to be installed. Your version is 3.0.3.
Traceback (most recent call last):
  File "/home/sumit/phronesis/mvp/run_openr1_sweep.py", line 403, in main
    r = generate(model, tokenizer, device, p["prompt"], cap)
  File "/home/sumit/phronesis/mvp/run_openr1_sweep.py", line 182, in generate
    text = tokenizer.apply_chat_template(
  File "/home/sumit/phronesis/mvp/.venv/lib/python3.10/site-packages/transformers/tokenization_utils_base.py", line 3086, in apply_chat_template
    rendered_chat, generation_indices = render_jinja_template(
  File "/home/sumit/phronesis/mvp/.venv/lib/python3.10/site-packages/transformers/utils/chat_template_utils.py", line 514, in render_jinja_template
    compiled_template = _compile_jinja_template(chat_template)
  File "/home/sumit/phronesis/mvp/.venv/lib/python3.10/site-packages/transformers/utils/chat_template_utils.py", line 421, in _compile_jinja_template
    return _cached_compile_jinja_template(chat_template)
  File "/home/sumit/phronesis/mvp/.venv/lib/python3.10/site-packages/transformers/utils/chat_template_utils.py", line 474, in _cached_compile_jinja_template
    raise ImportError(
ImportError: apply_chat_template requires jinja2>=3.1.0 to be installed. Your version is 3.0.3.

[2026-05-01 13:09:26]   ─ α=+1.00 (a+01.00) ─
[2026-05-01 13:09:26]     [409/576] E1-confabulation: generating (cap=2048)...
[2026-05-01 13:09:26]       ERROR: apply_chat_template requires jinja2>=3.1.0 to be installed. Your version is 3.0.3.
Traceback (most recent call last):
  File "/home/sumit/phronesis/mvp/run_openr1_sweep.py", line 403, in main
    r = generate(model, tokenizer, device, p["prompt"], cap)
  File "/home/sumit/phronesis/mvp/run_openr1_sweep.py", line 182, in generate
    text = tokenizer.apply_chat_template(
  File "/home/sumit/phronesis/mvp/.venv/lib/python3.10/site-packages/transformers/tokenization_utils_base.py", line 3086, in apply_chat_template
    rendered_chat, generation_indices = render_jinja_template(
  File "/home/sumit/phronesis/mvp/.venv/lib/python3.10/site-packages/transformers/utils/chat_template_utils.py", line 514, in render_jinja_template
    compiled_template = _compile_jinja_template(chat_template)
  File "/home/sumit/phronesis/mvp/.venv/lib/python3.10/site-packages/transformers/utils/chat_template_utils.py", line 421, in _compile_jinja_template
    return _cached_compile_jinja_template(chat_template)
  File "/home/sumit/phronesis/mvp/.venv/lib/python3.10/site-packages/transformers/utils/chat_template_utils.py", line 474, in _cached_compile_jinja_template
    raise ImportError(
ImportError: apply_chat_template requires jinja2>=3.1.0 to be installed. Your version is 3.0.3.

[2026-05-01 13:09:26]     [410/576] E2-contested-science: generating (cap=2048)...
[2026-05-01 13:09:26]       ERROR: apply_chat_template requires jinja2>=3.1.0 to be installed. Your version is 3.0.3.
Traceback (most recent call last):
  File "/home/sumit/phronesis/mvp/run_openr1_sweep.py", line 403, in main
    r = generate(model, tokenizer, device, p["prompt"], cap)
  File "/home/sumit/phronesis/mvp/run_openr1_sweep.py", line 182, in generate
    text = tokenizer.apply_chat_template(
  File "/home/sumit/phronesis/mvp/.venv/lib/python3.10/site-packages/transformers/tokenization_utils_base.py", line 3086, in apply_chat_template
    rendered_chat, generation_indices = render_jinja_template(
  File "/home/sumit/phronesis/mvp/.venv/lib/python3.10/site-packages/transformers/utils/chat_template_utils.py", line 514, in render_jinja_template
    compiled_template = _compile_jinja_template(chat_template)
  File "/home/sumit/phronesis/mvp/.venv/lib/python3.10/site-packages/transformers/utils/chat_template_utils.py", line 421, in _compile_jinja_template
    return _cached_compile_jinja_template(chat_template)
  File "/home/sumit/phronesis/mvp/.venv/lib/python3.10/site-packages/transformers/utils/chat_template_utils.py", line 474, in _cached_compile_jinja_template
    raise ImportError(
ImportError: apply_chat_template requires jinja2>=3.1.0 to be installed. Your version is 3.0.3.

[2026-05-01 13:09:26]     [411/576] E3-bayesian-update: generating (cap=8192)...
[2026-05-01 13:09:26]       ERROR: apply_chat_template requires jinja2>=3.1.0 to be installed. Your version is 3.0.3.
Traceback (most recent call last):
  File "/home/sumit/phronesis/mvp/run_openr1_sweep.py", line 403, in main
    r = generate(model, tokenizer, device, p["prompt"], cap)
  File "/home/sumit/phronesis/mvp/run_openr1_sweep.py", line 182, in generate
    text = tokenizer.apply_chat_template(
  File "/home/sumit/phronesis/mvp/.venv/lib/python3.10/site-packages/transformers/tokenization_utils_base.py", line 3086, in apply_chat_template
    rendered_chat, generation_indices = render_jinja_template(
  File "/home/sumit/phronesis/mvp/.venv/lib/python3.10/site-packages/transformers/utils/chat_template_utils.py", line 514, in render_jinja_template
    compiled_template = _compile_jinja_template(chat_template)
  File "/home/sumit/phronesis/mvp/.venv/lib/python3.10/site-packages/transformers/utils/chat_template_utils.py", line 421, in _compile_jinja_template
    return _cached_compile_jinja_template(chat_template)
  File "/home/sumit/phronesis/mvp/.venv/lib/python3.10/site-packages/transformers/utils/chat_template_utils.py", line 474, in _cached_compile_jinja_template
    raise ImportError(
ImportError: apply_chat_template requires jinja2>=3.1.0 to be installed. Your version is 3.0.3.

[2026-05-01 13:09:26]     [412/576] E4-taxi-social: generating (cap=8192)...
[2026-05-01 13:09:26]       ERROR: apply_chat_template requires jinja2>=3.1.0 to be installed. Your version is 3.0.3.
Traceback (most recent call last):
  File "/home/sumit/phronesis/mvp/run_openr1_sweep.py", line 403, in main
    r = generate(model, tokenizer, device, p["prompt"], cap)
  File "/home/sumit/phronesis/mvp/run_openr1_sweep.py", line 182, in generate
    text = tokenizer.apply_chat_template(
  File "/home/sumit/phronesis/mvp/.venv/lib/python3.10/site-packages/transformers/tokenization_utils_base.py", line 3086, in apply_chat_template
    rendered_chat, generation_indices = render_jinja_template(
  File "/home/sumit/phronesis/mvp/.venv/lib/python3.10/site-packages/transformers/utils/chat_template_utils.py", line 514, in render_jinja_template
    compiled_template = _compile_jinja_template(chat_template)
  File "/home/sumit/phronesis/mvp/.venv/lib/python3.10/site-packages/transformers/utils/chat_template_utils.py", line 421, in _compile_jinja_template
    return _cached_compile_jinja_template(chat_template)
  File "/home/sumit/phronesis/mvp/.venv/lib/python3.10/site-packages/transformers/utils/chat_template_utils.py", line 474, in _cached_compile_jinja_template
    raise ImportError(
ImportError: apply_chat_template requires jinja2>=3.1.0 to be installed. Your version is 3.0.3.

[2026-05-01 13:09:26]     [413/576] E5-ecological-fallacy: generating (cap=2048)...
[2026-05-01 13:09:26]       ERROR: apply_chat_template requires jinja2>=3.1.0 to be installed. Your version is 3.0.3.
Traceback (most recent call last):
  File "/home/sumit/phronesis/mvp/run_openr1_sweep.py", line 403, in main
    r = generate(model, tokenizer, device, p["prompt"], cap)
  File "/home/sumit/phronesis/mvp/run_openr1_sweep.py", line 182, in generate
    text = tokenizer.apply_chat_template(
  File "/home/sumit/phronesis/mvp/.venv/lib/python3.10/site-packages/transformers/tokenization_utils_base.py", line 3086, in apply_chat_template
    rendered_chat, generation_indices = render_jinja_template(
  File "/home/sumit/phronesis/mvp/.venv/lib/python3.10/site-packages/transformers/utils/chat_template_utils.py", line 514, in render_jinja_template
    compiled_template = _compile_jinja_template(chat_template)
  File "/home/sumit/phronesis/mvp/.venv/lib/python3.10/site-packages/transformers/utils/chat_template_utils.py", line 421, in _compile_jinja_template
    return _cached_compile_jinja_template(chat_template)
  File "/home/sumit/phronesis/mvp/.venv/lib/python3.10/site-packages/transformers/utils/chat_template_utils.py", line 474, in _cached_compile_jinja_template
    raise ImportError(
ImportError: apply_chat_template requires jinja2>=3.1.0 to be installed. Your version is 3.0.3.

[2026-05-01 13:09:26]     [414/576] N1-simpsons-paradox: generating (cap=4096)...
[2026-05-01 13:09:26]       ERROR: apply_chat_template requires jinja2>=3.1.0 to be installed. Your version is 3.0.3.
Traceback (most recent call last):
  File "/home/sumit/phronesis/mvp/run_openr1_sweep.py", line 403, in main
    r = generate(model, tokenizer, device, p["prompt"], cap)
  File "/home/sumit/phronesis/mvp/run_openr1_sweep.py", line 182, in generate
    text = tokenizer.apply_chat_template(
  File "/home/sumit/phronesis/mvp/.venv/lib/python3.10/site-packages/transformers/tokenization_utils_base.py", line 3086, in apply_chat_template
    rendered_chat, generation_indices = render_jinja_template(
  File "/home/sumit/phronesis/mvp/.venv/lib/python3.10/site-packages/transformers/utils/chat_template_utils.py", line 514, in render_jinja_template
    compiled_template = _compile_jinja_template(chat_template)
  File "/home/sumit/phronesis/mvp/.venv/lib/python3.10/site-packages/transformers/utils/chat_template_utils.py", line 421, in _compile_jinja_template
    return _cached_compile_jinja_template(chat_template)
  File "/home/sumit/phronesis/mvp/.venv/lib/python3.10/site-packages/transformers/utils/chat_template_utils.py", line 474, in _cached_compile_jinja_template
    raise ImportError(
ImportError: apply_chat_template requires jinja2>=3.1.0 to be installed. Your version is 3.0.3.

[2026-05-01 13:09:26]     [415/576] N2-conjunction-fallacy: generating (cap=2048)...
[2026-05-01 13:09:26]       ERROR: apply_chat_template requires jinja2>=3.1.0 to be installed. Your version is 3.0.3.
Traceback (most recent call last):
  File "/home/sumit/phronesis/mvp/run_openr1_sweep.py", line 403, in main
    r = generate(model, tokenizer, device, p["prompt"], cap)
  File "/home/sumit/phronesis/mvp/run_openr1_sweep.py", line 182, in generate
    text = tokenizer.apply_chat_template(
  File "/home/sumit/phronesis/mvp/.venv/lib/python3.10/site-packages/transformers/tokenization_utils_base.py", line 3086, in apply_chat_template
    rendered_chat, generation_indices = render_jinja_template(
  File "/home/sumit/phronesis/mvp/.venv/lib/python3.10/site-packages/transformers/utils/chat_template_utils.py", line 514, in render_jinja_template
    compiled_template = _compile_jinja_template(chat_template)
  File "/home/sumit/phronesis/mvp/.venv/lib/python3.10/site-packages/transformers/utils/chat_template_utils.py", line 421, in _compile_jinja_template
    return _cached_compile_jinja_template(chat_template)
  File "/home/sumit/phronesis/mvp/.venv/lib/python3.10/site-packages/transformers/utils/chat_template_utils.py", line 474, in _cached_compile_jinja_template
    raise ImportError(
ImportError: apply_chat_template requires jinja2>=3.1.0 to be installed. Your version is 3.0.3.

[2026-05-01 13:09:26]     [416/576] N3-survivorship-bias: generating (cap=2048)...
[2026-05-01 13:09:26]       ERROR: apply_chat_template requires jinja2>=3.1.0 to be installed. Your version is 3.0.3.
Traceback (most recent call last):
  File "/home/sumit/phronesis/mvp/run_openr1_sweep.py", line 403, in main
    r = generate(model, tokenizer, device, p["prompt"], cap)
  File "/home/sumit/phronesis/mvp/run_openr1_sweep.py", line 182, in generate
    text = tokenizer.apply_chat_template(
  File "/home/sumit/phronesis/mvp/.venv/lib/python3.10/site-packages/transformers/tokenization_utils_base.py", line 3086, in apply_chat_template
    rendered_chat, generation_indices = render_jinja_template(
  File "/home/sumit/phronesis/mvp/.venv/lib/python3.10/site-packages/transformers/utils/chat_template_utils.py", line 514, in render_jinja_template
    compiled_template = _compile_jinja_template(chat_template)
  File "/home/sumit/phronesis/mvp/.venv/lib/python3.10/site-packages/transformers/utils/chat_template_utils.py", line 421, in _compile_jinja_template
    return _cached_compile_jinja_template(chat_template)
  File "/home/sumit/phronesis/mvp/.venv/lib/python3.10/site-packages/transformers/utils/chat_template_utils.py", line 474, in _cached_compile_jinja_template
    raise ImportError(
ImportError: apply_chat_template requires jinja2>=3.1.0 to be installed. Your version is 3.0.3.

[2026-05-01 13:09:26]   ─ α=+2.00 (a+02.00) ─
[2026-05-01 13:09:26]     [417/576] E1-confabulation: generating (cap=2048)...
[2026-05-01 13:09:26]       ERROR: apply_chat_template requires jinja2>=3.1.0 to be installed. Your version is 3.0.3.
Traceback (most recent call last):
  File "/home/sumit/phronesis/mvp/run_openr1_sweep.py", line 403, in main
    r = generate(model, tokenizer, device, p["prompt"], cap)
  File "/home/sumit/phronesis/mvp/run_openr1_sweep.py", line 182, in generate
    text = tokenizer.apply_chat_template(
  File "/home/sumit/phronesis/mvp/.venv/lib/python3.10/site-packages/transformers/tokenization_utils_base.py", line 3086, in apply_chat_template
    rendered_chat, generation_indices = render_jinja_template(
  File "/home/sumit/phronesis/mvp/.venv/lib/python3.10/site-packages/transformers/utils/chat_template_utils.py", line 514, in render_jinja_template
    compiled_template = _compile_jinja_template(chat_template)
  File "/home/sumit/phronesis/mvp/.venv/lib/python3.10/site-packages/transformers/utils/chat_template_utils.py", line 421, in _compile_jinja_template
    return _cached_compile_jinja_template(chat_template)
  File "/home/sumit/phronesis/mvp/.venv/lib/python3.10/site-packages/transformers/utils/chat_template_utils.py", line 474, in _cached_compile_jinja_template
    raise ImportError(
ImportError: apply_chat_template requires jinja2>=3.1.0 to be installed. Your version is 3.0.3.

[2026-05-01 13:09:26]     [418/576] E2-contested-science: generating (cap=2048)...
[2026-05-01 13:09:26]       ERROR: apply_chat_template requires jinja2>=3.1.0 to be installed. Your version is 3.0.3.
Traceback (most recent call last):
  File "/home/sumit/phronesis/mvp/run_openr1_sweep.py", line 403, in main
    r = generate(model, tokenizer, device, p["prompt"], cap)
  File "/home/sumit/phronesis/mvp/run_openr1_sweep.py", line 182, in generate
    text = tokenizer.apply_chat_template(
  File "/home/sumit/phronesis/mvp/.venv/lib/python3.10/site-packages/transformers/tokenization_utils_base.py", line 3086, in apply_chat_template
    rendered_chat, generation_indices = render_jinja_template(
  File "/home/sumit/phronesis/mvp/.venv/lib/python3.10/site-packages/transformers/utils/chat_template_utils.py", line 514, in render_jinja_template
    compiled_template = _compile_jinja_template(chat_template)
  File "/home/sumit/phronesis/mvp/.venv/lib/python3.10/site-packages/transformers/utils/chat_template_utils.py", line 421, in _compile_jinja_template
    return _cached_compile_jinja_template(chat_template)
  File "/home/sumit/phronesis/mvp/.venv/lib/python3.10/site-packages/transformers/utils/chat_template_utils.py", line 474, in _cached_compile_jinja_template
    raise ImportError(
ImportError: apply_chat_template requires jinja2>=3.1.0 to be installed. Your version is 3.0.3.

[2026-05-01 13:09:26]     [419/576] E3-bayesian-update: generating (cap=8192)...
[2026-05-01 13:09:26]       ERROR: apply_chat_template requires jinja2>=3.1.0 to be installed. Your version is 3.0.3.
Traceback (most recent call last):
  File "/home/sumit/phronesis/mvp/run_openr1_sweep.py", line 403, in main
    r = generate(model, tokenizer, device, p["prompt"], cap)
  File "/home/sumit/phronesis/mvp/run_openr1_sweep.py", line 182, in generate
    text = tokenizer.apply_chat_template(
  File "/home/sumit/phronesis/mvp/.venv/lib/python3.10/site-packages/transformers/tokenization_utils_base.py", line 3086, in apply_chat_template
    rendered_chat, generation_indices = render_jinja_template(
  File "/home/sumit/phronesis/mvp/.venv/lib/python3.10/site-packages/transformers/utils/chat_template_utils.py", line 514, in render_jinja_template
    compiled_template = _compile_jinja_template(chat_template)
  File "/home/sumit/phronesis/mvp/.venv/lib/python3.10/site-packages/transformers/utils/chat_template_utils.py", line 421, in _compile_jinja_template
    return _cached_compile_jinja_template(chat_template)
  File "/home/sumit/phronesis/mvp/.venv/lib/python3.10/site-packages/transformers/utils/chat_template_utils.py", line 474, in _cached_compile_jinja_template
    raise ImportError(
ImportError: apply_chat_template requires jinja2>=3.1.0 to be installed. Your version is 3.0.3.

[2026-05-01 13:09:26]     [420/576] E4-taxi-social: generating (cap=8192)...
[2026-05-01 13:09:26]       ERROR: apply_chat_template requires jinja2>=3.1.0 to be installed. Your version is 3.0.3.
Traceback (most recent call last):
  File "/home/sumit/phronesis/mvp/run_openr1_sweep.py", line 403, in main
    r = generate(model, tokenizer, device, p["prompt"], cap)
  File "/home/sumit/phronesis/mvp/run_openr1_sweep.py", line 182, in generate
    text = tokenizer.apply_chat_template(
  File "/home/sumit/phronesis/mvp/.venv/lib/python3.10/site-packages/transformers/tokenization_utils_base.py", line 3086, in apply_chat_template
    rendered_chat, generation_indices = render_jinja_template(
  File "/home/sumit/phronesis/mvp/.venv/lib/python3.10/site-packages/transformers/utils/chat_template_utils.py", line 514, in render_jinja_template
    compiled_template = _compile_jinja_template(chat_template)
  File "/home/sumit/phronesis/mvp/.venv/lib/python3.10/site-packages/transformers/utils/chat_template_utils.py", line 421, in _compile_jinja_template
    return _cached_compile_jinja_template(chat_template)
  File "/home/sumit/phronesis/mvp/.venv/lib/python3.10/site-packages/transformers/utils/chat_template_utils.py", line 474, in _cached_compile_jinja_template
    raise ImportError(
ImportError: apply_chat_template requires jinja2>=3.1.0 to be installed. Your version is 3.0.3.

[2026-05-01 13:09:26]     [421/576] E5-ecological-fallacy: generating (cap=2048)...
[2026-05-01 13:09:26]       ERROR: apply_chat_template requires jinja2>=3.1.0 to be installed. Your version is 3.0.3.
Traceback (most recent call last):
  File "/home/sumit/phronesis/mvp/run_openr1_sweep.py", line 403, in main
    r = generate(model, tokenizer, device, p["prompt"], cap)
  File "/home/sumit/phronesis/mvp/run_openr1_sweep.py", line 182, in generate
    text = tokenizer.apply_chat_template(
  File "/home/sumit/phronesis/mvp/.venv/lib/python3.10/site-packages/transformers/tokenization_utils_base.py", line 3086, in apply_chat_template
    rendered_chat, generation_indices = render_jinja_template(
  File "/home/sumit/phronesis/mvp/.venv/lib/python3.10/site-packages/transformers/utils/chat_template_utils.py", line 514, in render_jinja_template
    compiled_template = _compile_jinja_template(chat_template)
  File "/home/sumit/phronesis/mvp/.venv/lib/python3.10/site-packages/transformers/utils/chat_template_utils.py", line 421, in _compile_jinja_template
    return _cached_compile_jinja_template(chat_template)
  File "/home/sumit/phronesis/mvp/.venv/lib/python3.10/site-packages/transformers/utils/chat_template_utils.py", line 474, in _cached_compile_jinja_template
    raise ImportError(
ImportError: apply_chat_template requires jinja2>=3.1.0 to be installed. Your version is 3.0.3.

[2026-05-01 13:09:26]     [422/576] N1-simpsons-paradox: generating (cap=4096)...
[2026-05-01 13:09:26]       ERROR: apply_chat_template requires jinja2>=3.1.0 to be installed. Your version is 3.0.3.
Traceback (most recent call last):
  File "/home/sumit/phronesis/mvp/run_openr1_sweep.py", line 403, in main
    r = generate(model, tokenizer, device, p["prompt"], cap)
  File "/home/sumit/phronesis/mvp/run_openr1_sweep.py", line 182, in generate
    text = tokenizer.apply_chat_template(
  File "/home/sumit/phronesis/mvp/.venv/lib/python3.10/site-packages/transformers/tokenization_utils_base.py", line 3086, in apply_chat_template
    rendered_chat, generation_indices = render_jinja_template(
  File "/home/sumit/phronesis/mvp/.venv/lib/python3.10/site-packages/transformers/utils/chat_template_utils.py", line 514, in render_jinja_template
    compiled_template = _compile_jinja_template(chat_template)
  File "/home/sumit/phronesis/mvp/.venv/lib/python3.10/site-packages/transformers/utils/chat_template_utils.py", line 421, in _compile_jinja_template
    return _cached_compile_jinja_template(chat_template)
  File "/home/sumit/phronesis/mvp/.venv/lib/python3.10/site-packages/transformers/utils/chat_template_utils.py", line 474, in _cached_compile_jinja_template
    raise ImportError(
ImportError: apply_chat_template requires jinja2>=3.1.0 to be installed. Your version is 3.0.3.

[2026-05-01 13:09:26]     [423/576] N2-conjunction-fallacy: generating (cap=2048)...
[2026-05-01 13:09:26]       ERROR: apply_chat_template requires jinja2>=3.1.0 to be installed. Your version is 3.0.3.
Traceback (most recent call last):
  File "/home/sumit/phronesis/mvp/run_openr1_sweep.py", line 403, in main
    r = generate(model, tokenizer, device, p["prompt"], cap)
  File "/home/sumit/phronesis/mvp/run_openr1_sweep.py", line 182, in generate
    text = tokenizer.apply_chat_template(
  File "/home/sumit/phronesis/mvp/.venv/lib/python3.10/site-packages/transformers/tokenization_utils_base.py", line 3086, in apply_chat_template
    rendered_chat, generation_indices = render_jinja_template(
  File "/home/sumit/phronesis/mvp/.venv/lib/python3.10/site-packages/transformers/utils/chat_template_utils.py", line 514, in render_jinja_template
    compiled_template = _compile_jinja_template(chat_template)
  File "/home/sumit/phronesis/mvp/.venv/lib/python3.10/site-packages/transformers/utils/chat_template_utils.py", line 421, in _compile_jinja_template
    return _cached_compile_jinja_template(chat_template)
  File "/home/sumit/phronesis/mvp/.venv/lib/python3.10/site-packages/transformers/utils/chat_template_utils.py", line 474, in _cached_compile_jinja_template
    raise ImportError(
ImportError: apply_chat_template requires jinja2>=3.1.0 to be installed. Your version is 3.0.3.

[2026-05-01 13:09:26]     [424/576] N3-survivorship-bias: generating (cap=2048)...
[2026-05-01 13:09:26]       ERROR: apply_chat_template requires jinja2>=3.1.0 to be installed. Your version is 3.0.3.
Traceback (most recent call last):
  File "/home/sumit/phronesis/mvp/run_openr1_sweep.py", line 403, in main
    r = generate(model, tokenizer, device, p["prompt"], cap)
  File "/home/sumit/phronesis/mvp/run_openr1_sweep.py", line 182, in generate
    text = tokenizer.apply_chat_template(
  File "/home/sumit/phronesis/mvp/.venv/lib/python3.10/site-packages/transformers/tokenization_utils_base.py", line 3086, in apply_chat_template
    rendered_chat, generation_indices = render_jinja_template(
  File "/home/sumit/phronesis/mvp/.venv/lib/python3.10/site-packages/transformers/utils/chat_template_utils.py", line 514, in render_jinja_template
    compiled_template = _compile_jinja_template(chat_template)
  File "/home/sumit/phronesis/mvp/.venv/lib/python3.10/site-packages/transformers/utils/chat_template_utils.py", line 421, in _compile_jinja_template
    return _cached_compile_jinja_template(chat_template)
  File "/home/sumit/phronesis/mvp/.venv/lib/python3.10/site-packages/transformers/utils/chat_template_utils.py", line 474, in _cached_compile_jinja_template
    raise ImportError(
ImportError: apply_chat_template requires jinja2>=3.1.0 to be installed. Your version is 3.0.3.

[2026-05-01 13:09:26]   ─ α=+4.00 (a+04.00) ─
[2026-05-01 13:09:26]     [425/576] E1-confabulation: generating (cap=2048)...
[2026-05-01 13:09:26]       ERROR: apply_chat_template requires jinja2>=3.1.0 to be installed. Your version is 3.0.3.
Traceback (most recent call last):
  File "/home/sumit/phronesis/mvp/run_openr1_sweep.py", line 403, in main
    r = generate(model, tokenizer, device, p["prompt"], cap)
  File "/home/sumit/phronesis/mvp/run_openr1_sweep.py", line 182, in generate
    text = tokenizer.apply_chat_template(
  File "/home/sumit/phronesis/mvp/.venv/lib/python3.10/site-packages/transformers/tokenization_utils_base.py", line 3086, in apply_chat_template
    rendered_chat, generation_indices = render_jinja_template(
  File "/home/sumit/phronesis/mvp/.venv/lib/python3.10/site-packages/transformers/utils/chat_template_utils.py", line 514, in render_jinja_template
    compiled_template = _compile_jinja_template(chat_template)
  File "/home/sumit/phronesis/mvp/.venv/lib/python3.10/site-packages/transformers/utils/chat_template_utils.py", line 421, in _compile_jinja_template
    return _cached_compile_jinja_template(chat_template)
  File "/home/sumit/phronesis/mvp/.venv/lib/python3.10/site-packages/transformers/utils/chat_template_utils.py", line 474, in _cached_compile_jinja_template
    raise ImportError(
ImportError: apply_chat_template requires jinja2>=3.1.0 to be installed. Your version is 3.0.3.

[2026-05-01 13:09:26]     [426/576] E2-contested-science: generating (cap=2048)...
[2026-05-01 13:09:26]       ERROR: apply_chat_template requires jinja2>=3.1.0 to be installed. Your version is 3.0.3.
Traceback (most recent call last):
  File "/home/sumit/phronesis/mvp/run_openr1_sweep.py", line 403, in main
    r = generate(model, tokenizer, device, p["prompt"], cap)
  File "/home/sumit/phronesis/mvp/run_openr1_sweep.py", line 182, in generate
    text = tokenizer.apply_chat_template(
  File "/home/sumit/phronesis/mvp/.venv/lib/python3.10/site-packages/transformers/tokenization_utils_base.py", line 3086, in apply_chat_template
    rendered_chat, generation_indices = render_jinja_template(
  File "/home/sumit/phronesis/mvp/.venv/lib/python3.10/site-packages/transformers/utils/chat_template_utils.py", line 514, in render_jinja_template
    compiled_template = _compile_jinja_template(chat_template)
  File "/home/sumit/phronesis/mvp/.venv/lib/python3.10/site-packages/transformers/utils/chat_template_utils.py", line 421, in _compile_jinja_template
    return _cached_compile_jinja_template(chat_template)
  File "/home/sumit/phronesis/mvp/.venv/lib/python3.10/site-packages/transformers/utils/chat_template_utils.py", line 474, in _cached_compile_jinja_template
    raise ImportError(
ImportError: apply_chat_template requires jinja2>=3.1.0 to be installed. Your version is 3.0.3.

[2026-05-01 13:09:26]     [427/576] E3-bayesian-update: generating (cap=8192)...
[2026-05-01 13:09:26]       ERROR: apply_chat_template requires jinja2>=3.1.0 to be installed. Your version is 3.0.3.
Traceback (most recent call last):
  File "/home/sumit/phronesis/mvp/run_openr1_sweep.py", line 403, in main
    r = generate(model, tokenizer, device, p["prompt"], cap)
  File "/home/sumit/phronesis/mvp/run_openr1_sweep.py", line 182, in generate
    text = tokenizer.apply_chat_template(
  File "/home/sumit/phronesis/mvp/.venv/lib/python3.10/site-packages/transformers/tokenization_utils_base.py", line 3086, in apply_chat_template
    rendered_chat, generation_indices = render_jinja_template(
  File "/home/sumit/phronesis/mvp/.venv/lib/python3.10/site-packages/transformers/utils/chat_template_utils.py", line 514, in render_jinja_template
    compiled_template = _compile_jinja_template(chat_template)
  File "/home/sumit/phronesis/mvp/.venv/lib/python3.10/site-packages/transformers/utils/chat_template_utils.py", line 421, in _compile_jinja_template
    return _cached_compile_jinja_template(chat_template)
  File "/home/sumit/phronesis/mvp/.venv/lib/python3.10/site-packages/transformers/utils/chat_template_utils.py", line 474, in _cached_compile_jinja_template
    raise ImportError(
ImportError: apply_chat_template requires jinja2>=3.1.0 to be installed. Your version is 3.0.3.

[2026-05-01 13:09:26]     [428/576] E4-taxi-social: generating (cap=8192)...
[2026-05-01 13:09:26]       ERROR: apply_chat_template requires jinja2>=3.1.0 to be installed. Your version is 3.0.3.
Traceback (most recent call last):
  File "/home/sumit/phronesis/mvp/run_openr1_sweep.py", line 403, in main
    r = generate(model, tokenizer, device, p["prompt"], cap)
  File "/home/sumit/phronesis/mvp/run_openr1_sweep.py", line 182, in generate
    text = tokenizer.apply_chat_template(
  File "/home/sumit/phronesis/mvp/.venv/lib/python3.10/site-packages/transformers/tokenization_utils_base.py", line 3086, in apply_chat_template
    rendered_chat, generation_indices = render_jinja_template(
  File "/home/sumit/phronesis/mvp/.venv/lib/python3.10/site-packages/transformers/utils/chat_template_utils.py", line 514, in render_jinja_template
    compiled_template = _compile_jinja_template(chat_template)
  File "/home/sumit/phronesis/mvp/.venv/lib/python3.10/site-packages/transformers/utils/chat_template_utils.py", line 421, in _compile_jinja_template
    return _cached_compile_jinja_template(chat_template)
  File "/home/sumit/phronesis/mvp/.venv/lib/python3.10/site-packages/transformers/utils/chat_template_utils.py", line 474, in _cached_compile_jinja_template
    raise ImportError(
ImportError: apply_chat_template requires jinja2>=3.1.0 to be installed. Your version is 3.0.3.

[2026-05-01 13:09:26]     [429/576] E5-ecological-fallacy: generating (cap=2048)...
[2026-05-01 13:09:26]       ERROR: apply_chat_template requires jinja2>=3.1.0 to be installed. Your version is 3.0.3.
Traceback (most recent call last):
  File "/home/sumit/phronesis/mvp/run_openr1_sweep.py", line 403, in main
    r = generate(model, tokenizer, device, p["prompt"], cap)
  File "/home/sumit/phronesis/mvp/run_openr1_sweep.py", line 182, in generate
    text = tokenizer.apply_chat_template(
  File "/home/sumit/phronesis/mvp/.venv/lib/python3.10/site-packages/transformers/tokenization_utils_base.py", line 3086, in apply_chat_template
    rendered_chat, generation_indices = render_jinja_template(
  File "/home/sumit/phronesis/mvp/.venv/lib/python3.10/site-packages/transformers/utils/chat_template_utils.py", line 514, in render_jinja_template
    compiled_template = _compile_jinja_template(chat_template)
  File "/home/sumit/phronesis/mvp/.venv/lib/python3.10/site-packages/transformers/utils/chat_template_utils.py", line 421, in _compile_jinja_template
    return _cached_compile_jinja_template(chat_template)
  File "/home/sumit/phronesis/mvp/.venv/lib/python3.10/site-packages/transformers/utils/chat_template_utils.py", line 474, in _cached_compile_jinja_template
    raise ImportError(
ImportError: apply_chat_template requires jinja2>=3.1.0 to be installed. Your version is 3.0.3.

[2026-05-01 13:09:26]     [430/576] N1-simpsons-paradox: generating (cap=4096)...
[2026-05-01 13:09:26]       ERROR: apply_chat_template requires jinja2>=3.1.0 to be installed. Your version is 3.0.3.
Traceback (most recent call last):
  File "/home/sumit/phronesis/mvp/run_openr1_sweep.py", line 403, in main
    r = generate(model, tokenizer, device, p["prompt"], cap)
  File "/home/sumit/phronesis/mvp/run_openr1_sweep.py", line 182, in generate
    text = tokenizer.apply_chat_template(
  File "/home/sumit/phronesis/mvp/.venv/lib/python3.10/site-packages/transformers/tokenization_utils_base.py", line 3086, in apply_chat_template
    rendered_chat, generation_indices = render_jinja_template(
  File "/home/sumit/phronesis/mvp/.venv/lib/python3.10/site-packages/transformers/utils/chat_template_utils.py", line 514, in render_jinja_template
    compiled_template = _compile_jinja_template(chat_template)
  File "/home/sumit/phronesis/mvp/.venv/lib/python3.10/site-packages/transformers/utils/chat_template_utils.py", line 421, in _compile_jinja_template
    return _cached_compile_jinja_template(chat_template)
  File "/home/sumit/phronesis/mvp/.venv/lib/python3.10/site-packages/transformers/utils/chat_template_utils.py", line 474, in _cached_compile_jinja_template
    raise ImportError(
ImportError: apply_chat_template requires jinja2>=3.1.0 to be installed. Your version is 3.0.3.

[2026-05-01 13:09:26]     [431/576] N2-conjunction-fallacy: generating (cap=2048)...
[2026-05-01 13:09:26]       ERROR: apply_chat_template requires jinja2>=3.1.0 to be installed. Your version is 3.0.3.
Traceback (most recent call last):
  File "/home/sumit/phronesis/mvp/run_openr1_sweep.py", line 403, in main
    r = generate(model, tokenizer, device, p["prompt"], cap)
  File "/home/sumit/phronesis/mvp/run_openr1_sweep.py", line 182, in generate
    text = tokenizer.apply_chat_template(
  File "/home/sumit/phronesis/mvp/.venv/lib/python3.10/site-packages/transformers/tokenization_utils_base.py", line 3086, in apply_chat_template
    rendered_chat, generation_indices = render_jinja_template(
  File "/home/sumit/phronesis/mvp/.venv/lib/python3.10/site-packages/transformers/utils/chat_template_utils.py", line 514, in render_jinja_template
    compiled_template = _compile_jinja_template(chat_template)
  File "/home/sumit/phronesis/mvp/.venv/lib/python3.10/site-packages/transformers/utils/chat_template_utils.py", line 421, in _compile_jinja_template
    return _cached_compile_jinja_template(chat_template)
  File "/home/sumit/phronesis/mvp/.venv/lib/python3.10/site-packages/transformers/utils/chat_template_utils.py", line 474, in _cached_compile_jinja_template
    raise ImportError(
ImportError: apply_chat_template requires jinja2>=3.1.0 to be installed. Your version is 3.0.3.

[2026-05-01 13:09:26]     [432/576] N3-survivorship-bias: generating (cap=2048)...
[2026-05-01 13:09:26]       ERROR: apply_chat_template requires jinja2>=3.1.0 to be installed. Your version is 3.0.3.
Traceback (most recent call last):
  File "/home/sumit/phronesis/mvp/run_openr1_sweep.py", line 403, in main
    r = generate(model, tokenizer, device, p["prompt"], cap)
  File "/home/sumit/phronesis/mvp/run_openr1_sweep.py", line 182, in generate
    text = tokenizer.apply_chat_template(
  File "/home/sumit/phronesis/mvp/.venv/lib/python3.10/site-packages/transformers/tokenization_utils_base.py", line 3086, in apply_chat_template
    rendered_chat, generation_indices = render_jinja_template(
  File "/home/sumit/phronesis/mvp/.venv/lib/python3.10/site-packages/transformers/utils/chat_template_utils.py", line 514, in render_jinja_template
    compiled_template = _compile_jinja_template(chat_template)
  File "/home/sumit/phronesis/mvp/.venv/lib/python3.10/site-packages/transformers/utils/chat_template_utils.py", line 421, in _compile_jinja_template
    return _cached_compile_jinja_template(chat_template)
  File "/home/sumit/phronesis/mvp/.venv/lib/python3.10/site-packages/transformers/utils/chat_template_utils.py", line 474, in _cached_compile_jinja_template
    raise ImportError(
ImportError: apply_chat_template requires jinja2>=3.1.0 to be installed. Your version is 3.0.3.

[2026-05-01 13:09:26]   ─ α=+6.00 (a+06.00) ─
[2026-05-01 13:09:26]     [433/576] E1-confabulation: generating (cap=2048)...
[2026-05-01 13:09:26]       ERROR: apply_chat_template requires jinja2>=3.1.0 to be installed. Your version is 3.0.3.
Traceback (most recent call last):
  File "/home/sumit/phronesis/mvp/run_openr1_sweep.py", line 403, in main
    r = generate(model, tokenizer, device, p["prompt"], cap)
  File "/home/sumit/phronesis/mvp/run_openr1_sweep.py", line 182, in generate
    text = tokenizer.apply_chat_template(
  File "/home/sumit/phronesis/mvp/.venv/lib/python3.10/site-packages/transformers/tokenization_utils_base.py", line 3086, in apply_chat_template
    rendered_chat, generation_indices = render_jinja_template(
  File "/home/sumit/phronesis/mvp/.venv/lib/python3.10/site-packages/transformers/utils/chat_template_utils.py", line 514, in render_jinja_template
    compiled_template = _compile_jinja_template(chat_template)
  File "/home/sumit/phronesis/mvp/.venv/lib/python3.10/site-packages/transformers/utils/chat_template_utils.py", line 421, in _compile_jinja_template
    return _cached_compile_jinja_template(chat_template)
  File "/home/sumit/phronesis/mvp/.venv/lib/python3.10/site-packages/transformers/utils/chat_template_utils.py", line 474, in _cached_compile_jinja_template
    raise ImportError(
ImportError: apply_chat_template requires jinja2>=3.1.0 to be installed. Your version is 3.0.3.

[2026-05-01 13:09:26]     [434/576] E2-contested-science: generating (cap=2048)...
[2026-05-01 13:09:26]       ERROR: apply_chat_template requires jinja2>=3.1.0 to be installed. Your version is 3.0.3.
Traceback (most recent call last):
  File "/home/sumit/phronesis/mvp/run_openr1_sweep.py", line 403, in main
    r = generate(model, tokenizer, device, p["prompt"], cap)
  File "/home/sumit/phronesis/mvp/run_openr1_sweep.py", line 182, in generate
    text = tokenizer.apply_chat_template(
  File "/home/sumit/phronesis/mvp/.venv/lib/python3.10/site-packages/transformers/tokenization_utils_base.py", line 3086, in apply_chat_template
    rendered_chat, generation_indices = render_jinja_template(
  File "/home/sumit/phronesis/mvp/.venv/lib/python3.10/site-packages/transformers/utils/chat_template_utils.py", line 514, in render_jinja_template
    compiled_template = _compile_jinja_template(chat_template)
  File "/home/sumit/phronesis/mvp/.venv/lib/python3.10/site-packages/transformers/utils/chat_template_utils.py", line 421, in _compile_jinja_template
    return _cached_compile_jinja_template(chat_template)
  File "/home/sumit/phronesis/mvp/.venv/lib/python3.10/site-packages/transformers/utils/chat_template_utils.py", line 474, in _cached_compile_jinja_template
    raise ImportError(
ImportError: apply_chat_template requires jinja2>=3.1.0 to be installed. Your version is 3.0.3.

[2026-05-01 13:09:26]     [435/576] E3-bayesian-update: generating (cap=8192)...
[2026-05-01 13:09:26]       ERROR: apply_chat_template requires jinja2>=3.1.0 to be installed. Your version is 3.0.3.
Traceback (most recent call last):
  File "/home/sumit/phronesis/mvp/run_openr1_sweep.py", line 403, in main
    r = generate(model, tokenizer, device, p["prompt"], cap)
  File "/home/sumit/phronesis/mvp/run_openr1_sweep.py", line 182, in generate
    text = tokenizer.apply_chat_template(
  File "/home/sumit/phronesis/mvp/.venv/lib/python3.10/site-packages/transformers/tokenization_utils_base.py", line 3086, in apply_chat_template
    rendered_chat, generation_indices = render_jinja_template(
  File "/home/sumit/phronesis/mvp/.venv/lib/python3.10/site-packages/transformers/utils/chat_template_utils.py", line 514, in render_jinja_template
    compiled_template = _compile_jinja_template(chat_template)
  File "/home/sumit/phronesis/mvp/.venv/lib/python3.10/site-packages/transformers/utils/chat_template_utils.py", line 421, in _compile_jinja_template
    return _cached_compile_jinja_template(chat_template)
  File "/home/sumit/phronesis/mvp/.venv/lib/python3.10/site-packages/transformers/utils/chat_template_utils.py", line 474, in _cached_compile_jinja_template
    raise ImportError(
ImportError: apply_chat_template requires jinja2>=3.1.0 to be installed. Your version is 3.0.3.

[2026-05-01 13:09:26]     [436/576] E4-taxi-social: generating (cap=8192)...
[2026-05-01 13:09:26]       ERROR: apply_chat_template requires jinja2>=3.1.0 to be installed. Your version is 3.0.3.
Traceback (most recent call last):
  File "/home/sumit/phronesis/mvp/run_openr1_sweep.py", line 403, in main
    r = generate(model, tokenizer, device, p["prompt"], cap)
  File "/home/sumit/phronesis/mvp/run_openr1_sweep.py", line 182, in generate
    text = tokenizer.apply_chat_template(
  File "/home/sumit/phronesis/mvp/.venv/lib/python3.10/site-packages/transformers/tokenization_utils_base.py", line 3086, in apply_chat_template
    rendered_chat, generation_indices = render_jinja_template(
  File "/home/sumit/phronesis/mvp/.venv/lib/python3.10/site-packages/transformers/utils/chat_template_utils.py", line 514, in render_jinja_template
    compiled_template = _compile_jinja_template(chat_template)
  File "/home/sumit/phronesis/mvp/.venv/lib/python3.10/site-packages/transformers/utils/chat_template_utils.py", line 421, in _compile_jinja_template
    return _cached_compile_jinja_template(chat_template)
  File "/home/sumit/phronesis/mvp/.venv/lib/python3.10/site-packages/transformers/utils/chat_template_utils.py", line 474, in _cached_compile_jinja_template
    raise ImportError(
ImportError: apply_chat_template requires jinja2>=3.1.0 to be installed. Your version is 3.0.3.

[2026-05-01 13:09:26]     [437/576] E5-ecological-fallacy: generating (cap=2048)...
[2026-05-01 13:09:26]       ERROR: apply_chat_template requires jinja2>=3.1.0 to be installed. Your version is 3.0.3.
Traceback (most recent call last):
  File "/home/sumit/phronesis/mvp/run_openr1_sweep.py", line 403, in main
    r = generate(model, tokenizer, device, p["prompt"], cap)
  File "/home/sumit/phronesis/mvp/run_openr1_sweep.py", line 182, in generate
    text = tokenizer.apply_chat_template(
  File "/home/sumit/phronesis/mvp/.venv/lib/python3.10/site-packages/transformers/tokenization_utils_base.py", line 3086, in apply_chat_template
    rendered_chat, generation_indices = render_jinja_template(
  File "/home/sumit/phronesis/mvp/.venv/lib/python3.10/site-packages/transformers/utils/chat_template_utils.py", line 514, in render_jinja_template
    compiled_template = _compile_jinja_template(chat_template)
  File "/home/sumit/phronesis/mvp/.venv/lib/python3.10/site-packages/transformers/utils/chat_template_utils.py", line 421, in _compile_jinja_template
    return _cached_compile_jinja_template(chat_template)
  File "/home/sumit/phronesis/mvp/.venv/lib/python3.10/site-packages/transformers/utils/chat_template_utils.py", line 474, in _cached_compile_jinja_template
    raise ImportError(
ImportError: apply_chat_template requires jinja2>=3.1.0 to be installed. Your version is 3.0.3.

[2026-05-01 13:09:26]     [438/576] N1-simpsons-paradox: generating (cap=4096)...
[2026-05-01 13:09:26]       ERROR: apply_chat_template requires jinja2>=3.1.0 to be installed. Your version is 3.0.3.
Traceback (most recent call last):
  File "/home/sumit/phronesis/mvp/run_openr1_sweep.py", line 403, in main
    r = generate(model, tokenizer, device, p["prompt"], cap)
  File "/home/sumit/phronesis/mvp/run_openr1_sweep.py", line 182, in generate
    text = tokenizer.apply_chat_template(
  File "/home/sumit/phronesis/mvp/.venv/lib/python3.10/site-packages/transformers/tokenization_utils_base.py", line 3086, in apply_chat_template
    rendered_chat, generation_indices = render_jinja_template(
  File "/home/sumit/phronesis/mvp/.venv/lib/python3.10/site-packages/transformers/utils/chat_template_utils.py", line 514, in render_jinja_template
    compiled_template = _compile_jinja_template(chat_template)
  File "/home/sumit/phronesis/mvp/.venv/lib/python3.10/site-packages/transformers/utils/chat_template_utils.py", line 421, in _compile_jinja_template
    return _cached_compile_jinja_template(chat_template)
  File "/home/sumit/phronesis/mvp/.venv/lib/python3.10/site-packages/transformers/utils/chat_template_utils.py", line 474, in _cached_compile_jinja_template
    raise ImportError(
ImportError: apply_chat_template requires jinja2>=3.1.0 to be installed. Your version is 3.0.3.

[2026-05-01 13:09:26]     [439/576] N2-conjunction-fallacy: generating (cap=2048)...
[2026-05-01 13:09:26]       ERROR: apply_chat_template requires jinja2>=3.1.0 to be installed. Your version is 3.0.3.
Traceback (most recent call last):
  File "/home/sumit/phronesis/mvp/run_openr1_sweep.py", line 403, in main
    r = generate(model, tokenizer, device, p["prompt"], cap)
  File "/home/sumit/phronesis/mvp/run_openr1_sweep.py", line 182, in generate
    text = tokenizer.apply_chat_template(
  File "/home/sumit/phronesis/mvp/.venv/lib/python3.10/site-packages/transformers/tokenization_utils_base.py", line 3086, in apply_chat_template
    rendered_chat, generation_indices = render_jinja_template(
  File "/home/sumit/phronesis/mvp/.venv/lib/python3.10/site-packages/transformers/utils/chat_template_utils.py", line 514, in render_jinja_template
    compiled_template = _compile_jinja_template(chat_template)
  File "/home/sumit/phronesis/mvp/.venv/lib/python3.10/site-packages/transformers/utils/chat_template_utils.py", line 421, in _compile_jinja_template
    return _cached_compile_jinja_template(chat_template)
  File "/home/sumit/phronesis/mvp/.venv/lib/python3.10/site-packages/transformers/utils/chat_template_utils.py", line 474, in _cached_compile_jinja_template
    raise ImportError(
ImportError: apply_chat_template requires jinja2>=3.1.0 to be installed. Your version is 3.0.3.

[2026-05-01 13:09:26]     [440/576] N3-survivorship-bias: generating (cap=2048)...
[2026-05-01 13:09:26]       ERROR: apply_chat_template requires jinja2>=3.1.0 to be installed. Your version is 3.0.3.
Traceback (most recent call last):
  File "/home/sumit/phronesis/mvp/run_openr1_sweep.py", line 403, in main
    r = generate(model, tokenizer, device, p["prompt"], cap)
  File "/home/sumit/phronesis/mvp/run_openr1_sweep.py", line 182, in generate
    text = tokenizer.apply_chat_template(
  File "/home/sumit/phronesis/mvp/.venv/lib/python3.10/site-packages/transformers/tokenization_utils_base.py", line 3086, in apply_chat_template
    rendered_chat, generation_indices = render_jinja_template(
  File "/home/sumit/phronesis/mvp/.venv/lib/python3.10/site-packages/transformers/utils/chat_template_utils.py", line 514, in render_jinja_template
    compiled_template = _compile_jinja_template(chat_template)
  File "/home/sumit/phronesis/mvp/.venv/lib/python3.10/site-packages/transformers/utils/chat_template_utils.py", line 421, in _compile_jinja_template
    return _cached_compile_jinja_template(chat_template)
  File "/home/sumit/phronesis/mvp/.venv/lib/python3.10/site-packages/transformers/utils/chat_template_utils.py", line 474, in _cached_compile_jinja_template
    raise ImportError(
ImportError: apply_chat_template requires jinja2>=3.1.0 to be installed. Your version is 3.0.3.

[2026-05-01 13:09:26]   ─ α=+8.00 (a+08.00) ─
[2026-05-01 13:09:26]     [441/576] E1-confabulation: generating (cap=2048)...
[2026-05-01 13:09:26]       ERROR: apply_chat_template requires jinja2>=3.1.0 to be installed. Your version is 3.0.3.
Traceback (most recent call last):
  File "/home/sumit/phronesis/mvp/run_openr1_sweep.py", line 403, in main
    r = generate(model, tokenizer, device, p["prompt"], cap)
  File "/home/sumit/phronesis/mvp/run_openr1_sweep.py", line 182, in generate
    text = tokenizer.apply_chat_template(
  File "/home/sumit/phronesis/mvp/.venv/lib/python3.10/site-packages/transformers/tokenization_utils_base.py", line 3086, in apply_chat_template
    rendered_chat, generation_indices = render_jinja_template(
  File "/home/sumit/phronesis/mvp/.venv/lib/python3.10/site-packages/transformers/utils/chat_template_utils.py", line 514, in render_jinja_template
    compiled_template = _compile_jinja_template(chat_template)
  File "/home/sumit/phronesis/mvp/.venv/lib/python3.10/site-packages/transformers/utils/chat_template_utils.py", line 421, in _compile_jinja_template
    return _cached_compile_jinja_template(chat_template)
  File "/home/sumit/phronesis/mvp/.venv/lib/python3.10/site-packages/transformers/utils/chat_template_utils.py", line 474, in _cached_compile_jinja_template
    raise ImportError(
ImportError: apply_chat_template requires jinja2>=3.1.0 to be installed. Your version is 3.0.3.

[2026-05-01 13:09:26]     [442/576] E2-contested-science: generating (cap=2048)...
[2026-05-01 13:09:26]       ERROR: apply_chat_template requires jinja2>=3.1.0 to be installed. Your version is 3.0.3.
Traceback (most recent call last):
  File "/home/sumit/phronesis/mvp/run_openr1_sweep.py", line 403, in main
    r = generate(model, tokenizer, device, p["prompt"], cap)
  File "/home/sumit/phronesis/mvp/run_openr1_sweep.py", line 182, in generate
    text = tokenizer.apply_chat_template(
  File "/home/sumit/phronesis/mvp/.venv/lib/python3.10/site-packages/transformers/tokenization_utils_base.py", line 3086, in apply_chat_template
    rendered_chat, generation_indices = render_jinja_template(
  File "/home/sumit/phronesis/mvp/.venv/lib/python3.10/site-packages/transformers/utils/chat_template_utils.py", line 514, in render_jinja_template
    compiled_template = _compile_jinja_template(chat_template)
  File "/home/sumit/phronesis/mvp/.venv/lib/python3.10/site-packages/transformers/utils/chat_template_utils.py", line 421, in _compile_jinja_template
    return _cached_compile_jinja_template(chat_template)
  File "/home/sumit/phronesis/mvp/.venv/lib/python3.10/site-packages/transformers/utils/chat_template_utils.py", line 474, in _cached_compile_jinja_template
    raise ImportError(
ImportError: apply_chat_template requires jinja2>=3.1.0 to be installed. Your version is 3.0.3.

[2026-05-01 13:09:26]     [443/576] E3-bayesian-update: generating (cap=8192)...
[2026-05-01 13:09:26]       ERROR: apply_chat_template requires jinja2>=3.1.0 to be installed. Your version is 3.0.3.
Traceback (most recent call last):
  File "/home/sumit/phronesis/mvp/run_openr1_sweep.py", line 403, in main
    r = generate(model, tokenizer, device, p["prompt"], cap)
  File "/home/sumit/phronesis/mvp/run_openr1_sweep.py", line 182, in generate
    text = tokenizer.apply_chat_template(
  File "/home/sumit/phronesis/mvp/.venv/lib/python3.10/site-packages/transformers/tokenization_utils_base.py", line 3086, in apply_chat_template
    rendered_chat, generation_indices = render_jinja_template(
  File "/home/sumit/phronesis/mvp/.venv/lib/python3.10/site-packages/transformers/utils/chat_template_utils.py", line 514, in render_jinja_template
    compiled_template = _compile_jinja_template(chat_template)
  File "/home/sumit/phronesis/mvp/.venv/lib/python3.10/site-packages/transformers/utils/chat_template_utils.py", line 421, in _compile_jinja_template
    return _cached_compile_jinja_template(chat_template)
  File "/home/sumit/phronesis/mvp/.venv/lib/python3.10/site-packages/transformers/utils/chat_template_utils.py", line 474, in _cached_compile_jinja_template
    raise ImportError(
ImportError: apply_chat_template requires jinja2>=3.1.0 to be installed. Your version is 3.0.3.

[2026-05-01 13:09:26]     [444/576] E4-taxi-social: generating (cap=8192)...
[2026-05-01 13:09:26]       ERROR: apply_chat_template requires jinja2>=3.1.0 to be installed. Your version is 3.0.3.
Traceback (most recent call last):
  File "/home/sumit/phronesis/mvp/run_openr1_sweep.py", line 403, in main
    r = generate(model, tokenizer, device, p["prompt"], cap)
  File "/home/sumit/phronesis/mvp/run_openr1_sweep.py", line 182, in generate
    text = tokenizer.apply_chat_template(
  File "/home/sumit/phronesis/mvp/.venv/lib/python3.10/site-packages/transformers/tokenization_utils_base.py", line 3086, in apply_chat_template
    rendered_chat, generation_indices = render_jinja_template(
  File "/home/sumit/phronesis/mvp/.venv/lib/python3.10/site-packages/transformers/utils/chat_template_utils.py", line 514, in render_jinja_template
    compiled_template = _compile_jinja_template(chat_template)
  File "/home/sumit/phronesis/mvp/.venv/lib/python3.10/site-packages/transformers/utils/chat_template_utils.py", line 421, in _compile_jinja_template
    return _cached_compile_jinja_template(chat_template)
  File "/home/sumit/phronesis/mvp/.venv/lib/python3.10/site-packages/transformers/utils/chat_template_utils.py", line 474, in _cached_compile_jinja_template
    raise ImportError(
ImportError: apply_chat_template requires jinja2>=3.1.0 to be installed. Your version is 3.0.3.

[2026-05-01 13:09:26]     [445/576] E5-ecological-fallacy: generating (cap=2048)...
[2026-05-01 13:09:26]       ERROR: apply_chat_template requires jinja2>=3.1.0 to be installed. Your version is 3.0.3.
Traceback (most recent call last):
  File "/home/sumit/phronesis/mvp/run_openr1_sweep.py", line 403, in main
    r = generate(model, tokenizer, device, p["prompt"], cap)
  File "/home/sumit/phronesis/mvp/run_openr1_sweep.py", line 182, in generate
    text = tokenizer.apply_chat_template(
  File "/home/sumit/phronesis/mvp/.venv/lib/python3.10/site-packages/transformers/tokenization_utils_base.py", line 3086, in apply_chat_template
    rendered_chat, generation_indices = render_jinja_template(
  File "/home/sumit/phronesis/mvp/.venv/lib/python3.10/site-packages/transformers/utils/chat_template_utils.py", line 514, in render_jinja_template
    compiled_template = _compile_jinja_template(chat_template)
  File "/home/sumit/phronesis/mvp/.venv/lib/python3.10/site-packages/transformers/utils/chat_template_utils.py", line 421, in _compile_jinja_template
    return _cached_compile_jinja_template(chat_template)
  File "/home/sumit/phronesis/mvp/.venv/lib/python3.10/site-packages/transformers/utils/chat_template_utils.py", line 474, in _cached_compile_jinja_template
    raise ImportError(
ImportError: apply_chat_template requires jinja2>=3.1.0 to be installed. Your version is 3.0.3.

[2026-05-01 13:09:26]     [446/576] N1-simpsons-paradox: generating (cap=4096)...
[2026-05-01 13:09:26]       ERROR: apply_chat_template requires jinja2>=3.1.0 to be installed. Your version is 3.0.3.
Traceback (most recent call last):
  File "/home/sumit/phronesis/mvp/run_openr1_sweep.py", line 403, in main
    r = generate(model, tokenizer, device, p["prompt"], cap)
  File "/home/sumit/phronesis/mvp/run_openr1_sweep.py", line 182, in generate
    text = tokenizer.apply_chat_template(
  File "/home/sumit/phronesis/mvp/.venv/lib/python3.10/site-packages/transformers/tokenization_utils_base.py", line 3086, in apply_chat_template
    rendered_chat, generation_indices = render_jinja_template(
  File "/home/sumit/phronesis/mvp/.venv/lib/python3.10/site-packages/transformers/utils/chat_template_utils.py", line 514, in render_jinja_template
    compiled_template = _compile_jinja_template(chat_template)
  File "/home/sumit/phronesis/mvp/.venv/lib/python3.10/site-packages/transformers/utils/chat_template_utils.py", line 421, in _compile_jinja_template
    return _cached_compile_jinja_template(chat_template)
  File "/home/sumit/phronesis/mvp/.venv/lib/python3.10/site-packages/transformers/utils/chat_template_utils.py", line 474, in _cached_compile_jinja_template
    raise ImportError(
ImportError: apply_chat_template requires jinja2>=3.1.0 to be installed. Your version is 3.0.3.

[2026-05-01 13:09:26]     [447/576] N2-conjunction-fallacy: generating (cap=2048)...
[2026-05-01 13:09:26]       ERROR: apply_chat_template requires jinja2>=3.1.0 to be installed. Your version is 3.0.3.
Traceback (most recent call last):
  File "/home/sumit/phronesis/mvp/run_openr1_sweep.py", line 403, in main
    r = generate(model, tokenizer, device, p["prompt"], cap)
  File "/home/sumit/phronesis/mvp/run_openr1_sweep.py", line 182, in generate
    text = tokenizer.apply_chat_template(
  File "/home/sumit/phronesis/mvp/.venv/lib/python3.10/site-packages/transformers/tokenization_utils_base.py", line 3086, in apply_chat_template
    rendered_chat, generation_indices = render_jinja_template(
  File "/home/sumit/phronesis/mvp/.venv/lib/python3.10/site-packages/transformers/utils/chat_template_utils.py", line 514, in render_jinja_template
    compiled_template = _compile_jinja_template(chat_template)
  File "/home/sumit/phronesis/mvp/.venv/lib/python3.10/site-packages/transformers/utils/chat_template_utils.py", line 421, in _compile_jinja_template
    return _cached_compile_jinja_template(chat_template)
  File "/home/sumit/phronesis/mvp/.venv/lib/python3.10/site-packages/transformers/utils/chat_template_utils.py", line 474, in _cached_compile_jinja_template
    raise ImportError(
ImportError: apply_chat_template requires jinja2>=3.1.0 to be installed. Your version is 3.0.3.

[2026-05-01 13:09:26]     [448/576] N3-survivorship-bias: generating (cap=2048)...
[2026-05-01 13:09:26]       ERROR: apply_chat_template requires jinja2>=3.1.0 to be installed. Your version is 3.0.3.
Traceback (most recent call last):
  File "/home/sumit/phronesis/mvp/run_openr1_sweep.py", line 403, in main
    r = generate(model, tokenizer, device, p["prompt"], cap)
  File "/home/sumit/phronesis/mvp/run_openr1_sweep.py", line 182, in generate
    text = tokenizer.apply_chat_template(
  File "/home/sumit/phronesis/mvp/.venv/lib/python3.10/site-packages/transformers/tokenization_utils_base.py", line 3086, in apply_chat_template
    rendered_chat, generation_indices = render_jinja_template(
  File "/home/sumit/phronesis/mvp/.venv/lib/python3.10/site-packages/transformers/utils/chat_template_utils.py", line 514, in render_jinja_template
    compiled_template = _compile_jinja_template(chat_template)
  File "/home/sumit/phronesis/mvp/.venv/lib/python3.10/site-packages/transformers/utils/chat_template_utils.py", line 421, in _compile_jinja_template
    return _cached_compile_jinja_template(chat_template)
  File "/home/sumit/phronesis/mvp/.venv/lib/python3.10/site-packages/transformers/utils/chat_template_utils.py", line 474, in _cached_compile_jinja_template
    raise ImportError(
ImportError: apply_chat_template requires jinja2>=3.1.0 to be installed. Your version is 3.0.3.

[2026-05-01 13:09:26]   ─ α=+10.00 (a+10.00) ─
[2026-05-01 13:09:26]     [449/576] E1-confabulation: generating (cap=2048)...
[2026-05-01 13:09:26]       ERROR: apply_chat_template requires jinja2>=3.1.0 to be installed. Your version is 3.0.3.
Traceback (most recent call last):
  File "/home/sumit/phronesis/mvp/run_openr1_sweep.py", line 403, in main
    r = generate(model, tokenizer, device, p["prompt"], cap)
  File "/home/sumit/phronesis/mvp/run_openr1_sweep.py", line 182, in generate
    text = tokenizer.apply_chat_template(
  File "/home/sumit/phronesis/mvp/.venv/lib/python3.10/site-packages/transformers/tokenization_utils_base.py", line 3086, in apply_chat_template
    rendered_chat, generation_indices = render_jinja_template(
  File "/home/sumit/phronesis/mvp/.venv/lib/python3.10/site-packages/transformers/utils/chat_template_utils.py", line 514, in render_jinja_template
    compiled_template = _compile_jinja_template(chat_template)
  File "/home/sumit/phronesis/mvp/.venv/lib/python3.10/site-packages/transformers/utils/chat_template_utils.py", line 421, in _compile_jinja_template
    return _cached_compile_jinja_template(chat_template)
  File "/home/sumit/phronesis/mvp/.venv/lib/python3.10/site-packages/transformers/utils/chat_template_utils.py", line 474, in _cached_compile_jinja_template
    raise ImportError(
ImportError: apply_chat_template requires jinja2>=3.1.0 to be installed. Your version is 3.0.3.

[2026-05-01 13:09:26]     [450/576] E2-contested-science: generating (cap=2048)...
[2026-05-01 13:09:26]       ERROR: apply_chat_template requires jinja2>=3.1.0 to be installed. Your version is 3.0.3.
Traceback (most recent call last):
  File "/home/sumit/phronesis/mvp/run_openr1_sweep.py", line 403, in main
    r = generate(model, tokenizer, device, p["prompt"], cap)
  File "/home/sumit/phronesis/mvp/run_openr1_sweep.py", line 182, in generate
    text = tokenizer.apply_chat_template(
  File "/home/sumit/phronesis/mvp/.venv/lib/python3.10/site-packages/transformers/tokenization_utils_base.py", line 3086, in apply_chat_template
    rendered_chat, generation_indices = render_jinja_template(
  File "/home/sumit/phronesis/mvp/.venv/lib/python3.10/site-packages/transformers/utils/chat_template_utils.py", line 514, in render_jinja_template
    compiled_template = _compile_jinja_template(chat_template)
  File "/home/sumit/phronesis/mvp/.venv/lib/python3.10/site-packages/transformers/utils/chat_template_utils.py", line 421, in _compile_jinja_template
    return _cached_compile_jinja_template(chat_template)
  File "/home/sumit/phronesis/mvp/.venv/lib/python3.10/site-packages/transformers/utils/chat_template_utils.py", line 474, in _cached_compile_jinja_template
    raise ImportError(
ImportError: apply_chat_template requires jinja2>=3.1.0 to be installed. Your version is 3.0.3.

[2026-05-01 13:09:26]     [451/576] E3-bayesian-update: generating (cap=8192)...
[2026-05-01 13:09:26]       ERROR: apply_chat_template requires jinja2>=3.1.0 to be installed. Your version is 3.0.3.
Traceback (most recent call last):
  File "/home/sumit/phronesis/mvp/run_openr1_sweep.py", line 403, in main
    r = generate(model, tokenizer, device, p["prompt"], cap)
  File "/home/sumit/phronesis/mvp/run_openr1_sweep.py", line 182, in generate
    text = tokenizer.apply_chat_template(
  File "/home/sumit/phronesis/mvp/.venv/lib/python3.10/site-packages/transformers/tokenization_utils_base.py", line 3086, in apply_chat_template
    rendered_chat, generation_indices = render_jinja_template(
  File "/home/sumit/phronesis/mvp/.venv/lib/python3.10/site-packages/transformers/utils/chat_template_utils.py", line 514, in render_jinja_template
    compiled_template = _compile_jinja_template(chat_template)
  File "/home/sumit/phronesis/mvp/.venv/lib/python3.10/site-packages/transformers/utils/chat_template_utils.py", line 421, in _compile_jinja_template
    return _cached_compile_jinja_template(chat_template)
  File "/home/sumit/phronesis/mvp/.venv/lib/python3.10/site-packages/transformers/utils/chat_template_utils.py", line 474, in _cached_compile_jinja_template
    raise ImportError(
ImportError: apply_chat_template requires jinja2>=3.1.0 to be installed. Your version is 3.0.3.

[2026-05-01 13:09:26]     [452/576] E4-taxi-social: generating (cap=8192)...
[2026-05-01 13:09:26]       ERROR: apply_chat_template requires jinja2>=3.1.0 to be installed. Your version is 3.0.3.
Traceback (most recent call last):
  File "/home/sumit/phronesis/mvp/run_openr1_sweep.py", line 403, in main
    r = generate(model, tokenizer, device, p["prompt"], cap)
  File "/home/sumit/phronesis/mvp/run_openr1_sweep.py", line 182, in generate
    text = tokenizer.apply_chat_template(
  File "/home/sumit/phronesis/mvp/.venv/lib/python3.10/site-packages/transformers/tokenization_utils_base.py", line 3086, in apply_chat_template
    rendered_chat, generation_indices = render_jinja_template(
  File "/home/sumit/phronesis/mvp/.venv/lib/python3.10/site-packages/transformers/utils/chat_template_utils.py", line 514, in render_jinja_template
    compiled_template = _compile_jinja_template(chat_template)
  File "/home/sumit/phronesis/mvp/.venv/lib/python3.10/site-packages/transformers/utils/chat_template_utils.py", line 421, in _compile_jinja_template
    return _cached_compile_jinja_template(chat_template)
  File "/home/sumit/phronesis/mvp/.venv/lib/python3.10/site-packages/transformers/utils/chat_template_utils.py", line 474, in _cached_compile_jinja_template
    raise ImportError(
ImportError: apply_chat_template requires jinja2>=3.1.0 to be installed. Your version is 3.0.3.

[2026-05-01 13:09:26]     [453/576] E5-ecological-fallacy: generating (cap=2048)...
[2026-05-01 13:09:26]       ERROR: apply_chat_template requires jinja2>=3.1.0 to be installed. Your version is 3.0.3.
Traceback (most recent call last):
  File "/home/sumit/phronesis/mvp/run_openr1_sweep.py", line 403, in main
    r = generate(model, tokenizer, device, p["prompt"], cap)
  File "/home/sumit/phronesis/mvp/run_openr1_sweep.py", line 182, in generate
    text = tokenizer.apply_chat_template(
  File "/home/sumit/phronesis/mvp/.venv/lib/python3.10/site-packages/transformers/tokenization_utils_base.py", line 3086, in apply_chat_template
    rendered_chat, generation_indices = render_jinja_template(
  File "/home/sumit/phronesis/mvp/.venv/lib/python3.10/site-packages/transformers/utils/chat_template_utils.py", line 514, in render_jinja_template
    compiled_template = _compile_jinja_template(chat_template)
  File "/home/sumit/phronesis/mvp/.venv/lib/python3.10/site-packages/transformers/utils/chat_template_utils.py", line 421, in _compile_jinja_template
    return _cached_compile_jinja_template(chat_template)
  File "/home/sumit/phronesis/mvp/.venv/lib/python3.10/site-packages/transformers/utils/chat_template_utils.py", line 474, in _cached_compile_jinja_template
    raise ImportError(
ImportError: apply_chat_template requires jinja2>=3.1.0 to be installed. Your version is 3.0.3.

[2026-05-01 13:09:26]     [454/576] N1-simpsons-paradox: generating (cap=4096)...
[2026-05-01 13:09:26]       ERROR: apply_chat_template requires jinja2>=3.1.0 to be installed. Your version is 3.0.3.
Traceback (most recent call last):
  File "/home/sumit/phronesis/mvp/run_openr1_sweep.py", line 403, in main
    r = generate(model, tokenizer, device, p["prompt"], cap)
  File "/home/sumit/phronesis/mvp/run_openr1_sweep.py", line 182, in generate
    text = tokenizer.apply_chat_template(
  File "/home/sumit/phronesis/mvp/.venv/lib/python3.10/site-packages/transformers/tokenization_utils_base.py", line 3086, in apply_chat_template
    rendered_chat, generation_indices = render_jinja_template(
  File "/home/sumit/phronesis/mvp/.venv/lib/python3.10/site-packages/transformers/utils/chat_template_utils.py", line 514, in render_jinja_template
    compiled_template = _compile_jinja_template(chat_template)
  File "/home/sumit/phronesis/mvp/.venv/lib/python3.10/site-packages/transformers/utils/chat_template_utils.py", line 421, in _compile_jinja_template
    return _cached_compile_jinja_template(chat_template)
  File "/home/sumit/phronesis/mvp/.venv/lib/python3.10/site-packages/transformers/utils/chat_template_utils.py", line 474, in _cached_compile_jinja_template
    raise ImportError(
ImportError: apply_chat_template requires jinja2>=3.1.0 to be installed. Your version is 3.0.3.

[2026-05-01 13:09:26]     [455/576] N2-conjunction-fallacy: generating (cap=2048)...
[2026-05-01 13:09:26]       ERROR: apply_chat_template requires jinja2>=3.1.0 to be installed. Your version is 3.0.3.
Traceback (most recent call last):
  File "/home/sumit/phronesis/mvp/run_openr1_sweep.py", line 403, in main
    r = generate(model, tokenizer, device, p["prompt"], cap)
  File "/home/sumit/phronesis/mvp/run_openr1_sweep.py", line 182, in generate
    text = tokenizer.apply_chat_template(
  File "/home/sumit/phronesis/mvp/.venv/lib/python3.10/site-packages/transformers/tokenization_utils_base.py", line 3086, in apply_chat_template
    rendered_chat, generation_indices = render_jinja_template(
  File "/home/sumit/phronesis/mvp/.venv/lib/python3.10/site-packages/transformers/utils/chat_template_utils.py", line 514, in render_jinja_template
    compiled_template = _compile_jinja_template(chat_template)
  File "/home/sumit/phronesis/mvp/.venv/lib/python3.10/site-packages/transformers/utils/chat_template_utils.py", line 421, in _compile_jinja_template
    return _cached_compile_jinja_template(chat_template)
  File "/home/sumit/phronesis/mvp/.venv/lib/python3.10/site-packages/transformers/utils/chat_template_utils.py", line 474, in _cached_compile_jinja_template
    raise ImportError(
ImportError: apply_chat_template requires jinja2>=3.1.0 to be installed. Your version is 3.0.3.

[2026-05-01 13:09:26]     [456/576] N3-survivorship-bias: generating (cap=2048)...
[2026-05-01 13:09:26]       ERROR: apply_chat_template requires jinja2>=3.1.0 to be installed. Your version is 3.0.3.
Traceback (most recent call last):
  File "/home/sumit/phronesis/mvp/run_openr1_sweep.py", line 403, in main
    r = generate(model, tokenizer, device, p["prompt"], cap)
  File "/home/sumit/phronesis/mvp/run_openr1_sweep.py", line 182, in generate
    text = tokenizer.apply_chat_template(
  File "/home/sumit/phronesis/mvp/.venv/lib/python3.10/site-packages/transformers/tokenization_utils_base.py", line 3086, in apply_chat_template
    rendered_chat, generation_indices = render_jinja_template(
  File "/home/sumit/phronesis/mvp/.venv/lib/python3.10/site-packages/transformers/utils/chat_template_utils.py", line 514, in render_jinja_template
    compiled_template = _compile_jinja_template(chat_template)
  File "/home/sumit/phronesis/mvp/.venv/lib/python3.10/site-packages/transformers/utils/chat_template_utils.py", line 421, in _compile_jinja_template
    return _cached_compile_jinja_template(chat_template)
  File "/home/sumit/phronesis/mvp/.venv/lib/python3.10/site-packages/transformers/utils/chat_template_utils.py", line 474, in _cached_compile_jinja_template
    raise ImportError(
ImportError: apply_chat_template requires jinja2>=3.1.0 to be installed. Your version is 3.0.3.

[2026-05-01 13:09:26]   ─ α=+12.00 (a+12.00) ─
[2026-05-01 13:09:26]     [457/576] E1-confabulation: generating (cap=2048)...
[2026-05-01 13:09:26]       ERROR: apply_chat_template requires jinja2>=3.1.0 to be installed. Your version is 3.0.3.
Traceback (most recent call last):
  File "/home/sumit/phronesis/mvp/run_openr1_sweep.py", line 403, in main
    r = generate(model, tokenizer, device, p["prompt"], cap)
  File "/home/sumit/phronesis/mvp/run_openr1_sweep.py", line 182, in generate
    text = tokenizer.apply_chat_template(
  File "/home/sumit/phronesis/mvp/.venv/lib/python3.10/site-packages/transformers/tokenization_utils_base.py", line 3086, in apply_chat_template
    rendered_chat, generation_indices = render_jinja_template(
  File "/home/sumit/phronesis/mvp/.venv/lib/python3.10/site-packages/transformers/utils/chat_template_utils.py", line 514, in render_jinja_template
    compiled_template = _compile_jinja_template(chat_template)
  File "/home/sumit/phronesis/mvp/.venv/lib/python3.10/site-packages/transformers/utils/chat_template_utils.py", line 421, in _compile_jinja_template
    return _cached_compile_jinja_template(chat_template)
  File "/home/sumit/phronesis/mvp/.venv/lib/python3.10/site-packages/transformers/utils/chat_template_utils.py", line 474, in _cached_compile_jinja_template
    raise ImportError(
ImportError: apply_chat_template requires jinja2>=3.1.0 to be installed. Your version is 3.0.3.

[2026-05-01 13:09:26]     [458/576] E2-contested-science: generating (cap=2048)...
[2026-05-01 13:09:26]       ERROR: apply_chat_template requires jinja2>=3.1.0 to be installed. Your version is 3.0.3.
Traceback (most recent call last):
  File "/home/sumit/phronesis/mvp/run_openr1_sweep.py", line 403, in main
    r = generate(model, tokenizer, device, p["prompt"], cap)
  File "/home/sumit/phronesis/mvp/run_openr1_sweep.py", line 182, in generate
    text = tokenizer.apply_chat_template(
  File "/home/sumit/phronesis/mvp/.venv/lib/python3.10/site-packages/transformers/tokenization_utils_base.py", line 3086, in apply_chat_template
    rendered_chat, generation_indices = render_jinja_template(
  File "/home/sumit/phronesis/mvp/.venv/lib/python3.10/site-packages/transformers/utils/chat_template_utils.py", line 514, in render_jinja_template
    compiled_template = _compile_jinja_template(chat_template)
  File "/home/sumit/phronesis/mvp/.venv/lib/python3.10/site-packages/transformers/utils/chat_template_utils.py", line 421, in _compile_jinja_template
    return _cached_compile_jinja_template(chat_template)
  File "/home/sumit/phronesis/mvp/.venv/lib/python3.10/site-packages/transformers/utils/chat_template_utils.py", line 474, in _cached_compile_jinja_template
    raise ImportError(
ImportError: apply_chat_template requires jinja2>=3.1.0 to be installed. Your version is 3.0.3.

[2026-05-01 13:09:26]     [459/576] E3-bayesian-update: generating (cap=8192)...
[2026-05-01 13:09:26]       ERROR: apply_chat_template requires jinja2>=3.1.0 to be installed. Your version is 3.0.3.
Traceback (most recent call last):
  File "/home/sumit/phronesis/mvp/run_openr1_sweep.py", line 403, in main
    r = generate(model, tokenizer, device, p["prompt"], cap)
  File "/home/sumit/phronesis/mvp/run_openr1_sweep.py", line 182, in generate
    text = tokenizer.apply_chat_template(
  File "/home/sumit/phronesis/mvp/.venv/lib/python3.10/site-packages/transformers/tokenization_utils_base.py", line 3086, in apply_chat_template
    rendered_chat, generation_indices = render_jinja_template(
  File "/home/sumit/phronesis/mvp/.venv/lib/python3.10/site-packages/transformers/utils/chat_template_utils.py", line 514, in render_jinja_template
    compiled_template = _compile_jinja_template(chat_template)
  File "/home/sumit/phronesis/mvp/.venv/lib/python3.10/site-packages/transformers/utils/chat_template_utils.py", line 421, in _compile_jinja_template
    return _cached_compile_jinja_template(chat_template)
  File "/home/sumit/phronesis/mvp/.venv/lib/python3.10/site-packages/transformers/utils/chat_template_utils.py", line 474, in _cached_compile_jinja_template
    raise ImportError(
ImportError: apply_chat_template requires jinja2>=3.1.0 to be installed. Your version is 3.0.3.

[2026-05-01 13:09:26]     [460/576] E4-taxi-social: generating (cap=8192)...
[2026-05-01 13:09:26]       ERROR: apply_chat_template requires jinja2>=3.1.0 to be installed. Your version is 3.0.3.
Traceback (most recent call last):
  File "/home/sumit/phronesis/mvp/run_openr1_sweep.py", line 403, in main
    r = generate(model, tokenizer, device, p["prompt"], cap)
  File "/home/sumit/phronesis/mvp/run_openr1_sweep.py", line 182, in generate
    text = tokenizer.apply_chat_template(
  File "/home/sumit/phronesis/mvp/.venv/lib/python3.10/site-packages/transformers/tokenization_utils_base.py", line 3086, in apply_chat_template
    rendered_chat, generation_indices = render_jinja_template(
  File "/home/sumit/phronesis/mvp/.venv/lib/python3.10/site-packages/transformers/utils/chat_template_utils.py", line 514, in render_jinja_template
    compiled_template = _compile_jinja_template(chat_template)
  File "/home/sumit/phronesis/mvp/.venv/lib/python3.10/site-packages/transformers/utils/chat_template_utils.py", line 421, in _compile_jinja_template
    return _cached_compile_jinja_template(chat_template)
  File "/home/sumit/phronesis/mvp/.venv/lib/python3.10/site-packages/transformers/utils/chat_template_utils.py", line 474, in _cached_compile_jinja_template
    raise ImportError(
ImportError: apply_chat_template requires jinja2>=3.1.0 to be installed. Your version is 3.0.3.

[2026-05-01 13:09:26]     [461/576] E5-ecological-fallacy: generating (cap=2048)...
[2026-05-01 13:09:26]       ERROR: apply_chat_template requires jinja2>=3.1.0 to be installed. Your version is 3.0.3.
Traceback (most recent call last):
  File "/home/sumit/phronesis/mvp/run_openr1_sweep.py", line 403, in main
    r = generate(model, tokenizer, device, p["prompt"], cap)
  File "/home/sumit/phronesis/mvp/run_openr1_sweep.py", line 182, in generate
    text = tokenizer.apply_chat_template(
  File "/home/sumit/phronesis/mvp/.venv/lib/python3.10/site-packages/transformers/tokenization_utils_base.py", line 3086, in apply_chat_template
    rendered_chat, generation_indices = render_jinja_template(
  File "/home/sumit/phronesis/mvp/.venv/lib/python3.10/site-packages/transformers/utils/chat_template_utils.py", line 514, in render_jinja_template
    compiled_template = _compile_jinja_template(chat_template)
  File "/home/sumit/phronesis/mvp/.venv/lib/python3.10/site-packages/transformers/utils/chat_template_utils.py", line 421, in _compile_jinja_template
    return _cached_compile_jinja_template(chat_template)
  File "/home/sumit/phronesis/mvp/.venv/lib/python3.10/site-packages/transformers/utils/chat_template_utils.py", line 474, in _cached_compile_jinja_template
    raise ImportError(
ImportError: apply_chat_template requires jinja2>=3.1.0 to be installed. Your version is 3.0.3.

[2026-05-01 13:09:26]     [462/576] N1-simpsons-paradox: generating (cap=4096)...
[2026-05-01 13:09:26]       ERROR: apply_chat_template requires jinja2>=3.1.0 to be installed. Your version is 3.0.3.
Traceback (most recent call last):
  File "/home/sumit/phronesis/mvp/run_openr1_sweep.py", line 403, in main
    r = generate(model, tokenizer, device, p["prompt"], cap)
  File "/home/sumit/phronesis/mvp/run_openr1_sweep.py", line 182, in generate
    text = tokenizer.apply_chat_template(
  File "/home/sumit/phronesis/mvp/.venv/lib/python3.10/site-packages/transformers/tokenization_utils_base.py", line 3086, in apply_chat_template
    rendered_chat, generation_indices = render_jinja_template(
  File "/home/sumit/phronesis/mvp/.venv/lib/python3.10/site-packages/transformers/utils/chat_template_utils.py", line 514, in render_jinja_template
    compiled_template = _compile_jinja_template(chat_template)
  File "/home/sumit/phronesis/mvp/.venv/lib/python3.10/site-packages/transformers/utils/chat_template_utils.py", line 421, in _compile_jinja_template
    return _cached_compile_jinja_template(chat_template)
  File "/home/sumit/phronesis/mvp/.venv/lib/python3.10/site-packages/transformers/utils/chat_template_utils.py", line 474, in _cached_compile_jinja_template
    raise ImportError(
ImportError: apply_chat_template requires jinja2>=3.1.0 to be installed. Your version is 3.0.3.

[2026-05-01 13:09:26]     [463/576] N2-conjunction-fallacy: generating (cap=2048)...
[2026-05-01 13:09:26]       ERROR: apply_chat_template requires jinja2>=3.1.0 to be installed. Your version is 3.0.3.
Traceback (most recent call last):
  File "/home/sumit/phronesis/mvp/run_openr1_sweep.py", line 403, in main
    r = generate(model, tokenizer, device, p["prompt"], cap)
  File "/home/sumit/phronesis/mvp/run_openr1_sweep.py", line 182, in generate
    text = tokenizer.apply_chat_template(
  File "/home/sumit/phronesis/mvp/.venv/lib/python3.10/site-packages/transformers/tokenization_utils_base.py", line 3086, in apply_chat_template
    rendered_chat, generation_indices = render_jinja_template(
  File "/home/sumit/phronesis/mvp/.venv/lib/python3.10/site-packages/transformers/utils/chat_template_utils.py", line 514, in render_jinja_template
    compiled_template = _compile_jinja_template(chat_template)
  File "/home/sumit/phronesis/mvp/.venv/lib/python3.10/site-packages/transformers/utils/chat_template_utils.py", line 421, in _compile_jinja_template
    return _cached_compile_jinja_template(chat_template)
  File "/home/sumit/phronesis/mvp/.venv/lib/python3.10/site-packages/transformers/utils/chat_template_utils.py", line 474, in _cached_compile_jinja_template
    raise ImportError(
ImportError: apply_chat_template requires jinja2>=3.1.0 to be installed. Your version is 3.0.3.

[2026-05-01 13:09:26]     [464/576] N3-survivorship-bias: generating (cap=2048)...
[2026-05-01 13:09:26]       ERROR: apply_chat_template requires jinja2>=3.1.0 to be installed. Your version is 3.0.3.
Traceback (most recent call last):
  File "/home/sumit/phronesis/mvp/run_openr1_sweep.py", line 403, in main
    r = generate(model, tokenizer, device, p["prompt"], cap)
  File "/home/sumit/phronesis/mvp/run_openr1_sweep.py", line 182, in generate
    text = tokenizer.apply_chat_template(
  File "/home/sumit/phronesis/mvp/.venv/lib/python3.10/site-packages/transformers/tokenization_utils_base.py", line 3086, in apply_chat_template
    rendered_chat, generation_indices = render_jinja_template(
  File "/home/sumit/phronesis/mvp/.venv/lib/python3.10/site-packages/transformers/utils/chat_template_utils.py", line 514, in render_jinja_template
    compiled_template = _compile_jinja_template(chat_template)
  File "/home/sumit/phronesis/mvp/.venv/lib/python3.10/site-packages/transformers/utils/chat_template_utils.py", line 421, in _compile_jinja_template
    return _cached_compile_jinja_template(chat_template)
  File "/home/sumit/phronesis/mvp/.venv/lib/python3.10/site-packages/transformers/utils/chat_template_utils.py", line 474, in _cached_compile_jinja_template
    raise ImportError(
ImportError: apply_chat_template requires jinja2>=3.1.0 to be installed. Your version is 3.0.3.

[2026-05-01 13:09:26]   ─ α=+16.00 (a+16.00) ─
[2026-05-01 13:09:26]     [465/576] E1-confabulation: generating (cap=2048)...
[2026-05-01 13:09:26]       ERROR: apply_chat_template requires jinja2>=3.1.0 to be installed. Your version is 3.0.3.
Traceback (most recent call last):
  File "/home/sumit/phronesis/mvp/run_openr1_sweep.py", line 403, in main
    r = generate(model, tokenizer, device, p["prompt"], cap)
  File "/home/sumit/phronesis/mvp/run_openr1_sweep.py", line 182, in generate
    text = tokenizer.apply_chat_template(
  File "/home/sumit/phronesis/mvp/.venv/lib/python3.10/site-packages/transformers/tokenization_utils_base.py", line 3086, in apply_chat_template
    rendered_chat, generation_indices = render_jinja_template(
  File "/home/sumit/phronesis/mvp/.venv/lib/python3.10/site-packages/transformers/utils/chat_template_utils.py", line 514, in render_jinja_template
    compiled_template = _compile_jinja_template(chat_template)
  File "/home/sumit/phronesis/mvp/.venv/lib/python3.10/site-packages/transformers/utils/chat_template_utils.py", line 421, in _compile_jinja_template
    return _cached_compile_jinja_template(chat_template)
  File "/home/sumit/phronesis/mvp/.venv/lib/python3.10/site-packages/transformers/utils/chat_template_utils.py", line 474, in _cached_compile_jinja_template
    raise ImportError(
ImportError: apply_chat_template requires jinja2>=3.1.0 to be installed. Your version is 3.0.3.

[2026-05-01 13:09:26]     [466/576] E2-contested-science: generating (cap=2048)...
[2026-05-01 13:09:26]       ERROR: apply_chat_template requires jinja2>=3.1.0 to be installed. Your version is 3.0.3.
Traceback (most recent call last):
  File "/home/sumit/phronesis/mvp/run_openr1_sweep.py", line 403, in main
    r = generate(model, tokenizer, device, p["prompt"], cap)
  File "/home/sumit/phronesis/mvp/run_openr1_sweep.py", line 182, in generate
    text = tokenizer.apply_chat_template(
  File "/home/sumit/phronesis/mvp/.venv/lib/python3.10/site-packages/transformers/tokenization_utils_base.py", line 3086, in apply_chat_template
    rendered_chat, generation_indices = render_jinja_template(
  File "/home/sumit/phronesis/mvp/.venv/lib/python3.10/site-packages/transformers/utils/chat_template_utils.py", line 514, in render_jinja_template
    compiled_template = _compile_jinja_template(chat_template)
  File "/home/sumit/phronesis/mvp/.venv/lib/python3.10/site-packages/transformers/utils/chat_template_utils.py", line 421, in _compile_jinja_template
    return _cached_compile_jinja_template(chat_template)
  File "/home/sumit/phronesis/mvp/.venv/lib/python3.10/site-packages/transformers/utils/chat_template_utils.py", line 474, in _cached_compile_jinja_template
    raise ImportError(
ImportError: apply_chat_template requires jinja2>=3.1.0 to be installed. Your version is 3.0.3.

[2026-05-01 13:09:26]     [467/576] E3-bayesian-update: generating (cap=8192)...
[2026-05-01 13:09:26]       ERROR: apply_chat_template requires jinja2>=3.1.0 to be installed. Your version is 3.0.3.
Traceback (most recent call last):
  File "/home/sumit/phronesis/mvp/run_openr1_sweep.py", line 403, in main
    r = generate(model, tokenizer, device, p["prompt"], cap)
  File "/home/sumit/phronesis/mvp/run_openr1_sweep.py", line 182, in generate
    text = tokenizer.apply_chat_template(
  File "/home/sumit/phronesis/mvp/.venv/lib/python3.10/site-packages/transformers/tokenization_utils_base.py", line 3086, in apply_chat_template
    rendered_chat, generation_indices = render_jinja_template(
  File "/home/sumit/phronesis/mvp/.venv/lib/python3.10/site-packages/transformers/utils/chat_template_utils.py", line 514, in render_jinja_template
    compiled_template = _compile_jinja_template(chat_template)
  File "/home/sumit/phronesis/mvp/.venv/lib/python3.10/site-packages/transformers/utils/chat_template_utils.py", line 421, in _compile_jinja_template
    return _cached_compile_jinja_template(chat_template)
  File "/home/sumit/phronesis/mvp/.venv/lib/python3.10/site-packages/transformers/utils/chat_template_utils.py", line 474, in _cached_compile_jinja_template
    raise ImportError(
ImportError: apply_chat_template requires jinja2>=3.1.0 to be installed. Your version is 3.0.3.

[2026-05-01 13:09:26]     [468/576] E4-taxi-social: generating (cap=8192)...
[2026-05-01 13:09:26]       ERROR: apply_chat_template requires jinja2>=3.1.0 to be installed. Your version is 3.0.3.
Traceback (most recent call last):
  File "/home/sumit/phronesis/mvp/run_openr1_sweep.py", line 403, in main
    r = generate(model, tokenizer, device, p["prompt"], cap)
  File "/home/sumit/phronesis/mvp/run_openr1_sweep.py", line 182, in generate
    text = tokenizer.apply_chat_template(
  File "/home/sumit/phronesis/mvp/.venv/lib/python3.10/site-packages/transformers/tokenization_utils_base.py", line 3086, in apply_chat_template
    rendered_chat, generation_indices = render_jinja_template(
  File "/home/sumit/phronesis/mvp/.venv/lib/python3.10/site-packages/transformers/utils/chat_template_utils.py", line 514, in render_jinja_template
    compiled_template = _compile_jinja_template(chat_template)
  File "/home/sumit/phronesis/mvp/.venv/lib/python3.10/site-packages/transformers/utils/chat_template_utils.py", line 421, in _compile_jinja_template
    return _cached_compile_jinja_template(chat_template)
  File "/home/sumit/phronesis/mvp/.venv/lib/python3.10/site-packages/transformers/utils/chat_template_utils.py", line 474, in _cached_compile_jinja_template
    raise ImportError(
ImportError: apply_chat_template requires jinja2>=3.1.0 to be installed. Your version is 3.0.3.

[2026-05-01 13:09:26]     [469/576] E5-ecological-fallacy: generating (cap=2048)...
[2026-05-01 13:09:26]       ERROR: apply_chat_template requires jinja2>=3.1.0 to be installed. Your version is 3.0.3.
Traceback (most recent call last):
  File "/home/sumit/phronesis/mvp/run_openr1_sweep.py", line 403, in main
    r = generate(model, tokenizer, device, p["prompt"], cap)
  File "/home/sumit/phronesis/mvp/run_openr1_sweep.py", line 182, in generate
    text = tokenizer.apply_chat_template(
  File "/home/sumit/phronesis/mvp/.venv/lib/python3.10/site-packages/transformers/tokenization_utils_base.py", line 3086, in apply_chat_template
    rendered_chat, generation_indices = render_jinja_template(
  File "/home/sumit/phronesis/mvp/.venv/lib/python3.10/site-packages/transformers/utils/chat_template_utils.py", line 514, in render_jinja_template
    compiled_template = _compile_jinja_template(chat_template)
  File "/home/sumit/phronesis/mvp/.venv/lib/python3.10/site-packages/transformers/utils/chat_template_utils.py", line 421, in _compile_jinja_template
    return _cached_compile_jinja_template(chat_template)
  File "/home/sumit/phronesis/mvp/.venv/lib/python3.10/site-packages/transformers/utils/chat_template_utils.py", line 474, in _cached_compile_jinja_template
    raise ImportError(
ImportError: apply_chat_template requires jinja2>=3.1.0 to be installed. Your version is 3.0.3.

[2026-05-01 13:09:26]     [470/576] N1-simpsons-paradox: generating (cap=4096)...
[2026-05-01 13:09:26]       ERROR: apply_chat_template requires jinja2>=3.1.0 to be installed. Your version is 3.0.3.
Traceback (most recent call last):
  File "/home/sumit/phronesis/mvp/run_openr1_sweep.py", line 403, in main
    r = generate(model, tokenizer, device, p["prompt"], cap)
  File "/home/sumit/phronesis/mvp/run_openr1_sweep.py", line 182, in generate
    text = tokenizer.apply_chat_template(
  File "/home/sumit/phronesis/mvp/.venv/lib/python3.10/site-packages/transformers/tokenization_utils_base.py", line 3086, in apply_chat_template
    rendered_chat, generation_indices = render_jinja_template(
  File "/home/sumit/phronesis/mvp/.venv/lib/python3.10/site-packages/transformers/utils/chat_template_utils.py", line 514, in render_jinja_template
    compiled_template = _compile_jinja_template(chat_template)
  File "/home/sumit/phronesis/mvp/.venv/lib/python3.10/site-packages/transformers/utils/chat_template_utils.py", line 421, in _compile_jinja_template
    return _cached_compile_jinja_template(chat_template)
  File "/home/sumit/phronesis/mvp/.venv/lib/python3.10/site-packages/transformers/utils/chat_template_utils.py", line 474, in _cached_compile_jinja_template
    raise ImportError(
ImportError: apply_chat_template requires jinja2>=3.1.0 to be installed. Your version is 3.0.3.

[2026-05-01 13:09:26]     [471/576] N2-conjunction-fallacy: generating (cap=2048)...
[2026-05-01 13:09:26]       ERROR: apply_chat_template requires jinja2>=3.1.0 to be installed. Your version is 3.0.3.
Traceback (most recent call last):
  File "/home/sumit/phronesis/mvp/run_openr1_sweep.py", line 403, in main
    r = generate(model, tokenizer, device, p["prompt"], cap)
  File "/home/sumit/phronesis/mvp/run_openr1_sweep.py", line 182, in generate
    text = tokenizer.apply_chat_template(
  File "/home/sumit/phronesis/mvp/.venv/lib/python3.10/site-packages/transformers/tokenization_utils_base.py", line 3086, in apply_chat_template
    rendered_chat, generation_indices = render_jinja_template(
  File "/home/sumit/phronesis/mvp/.venv/lib/python3.10/site-packages/transformers/utils/chat_template_utils.py", line 514, in render_jinja_template
    compiled_template = _compile_jinja_template(chat_template)
  File "/home/sumit/phronesis/mvp/.venv/lib/python3.10/site-packages/transformers/utils/chat_template_utils.py", line 421, in _compile_jinja_template
    return _cached_compile_jinja_template(chat_template)
  File "/home/sumit/phronesis/mvp/.venv/lib/python3.10/site-packages/transformers/utils/chat_template_utils.py", line 474, in _cached_compile_jinja_template
    raise ImportError(
ImportError: apply_chat_template requires jinja2>=3.1.0 to be installed. Your version is 3.0.3.

[2026-05-01 13:09:26]     [472/576] N3-survivorship-bias: generating (cap=2048)...
[2026-05-01 13:09:26]       ERROR: apply_chat_template requires jinja2>=3.1.0 to be installed. Your version is 3.0.3.
Traceback (most recent call last):
  File "/home/sumit/phronesis/mvp/run_openr1_sweep.py", line 403, in main
    r = generate(model, tokenizer, device, p["prompt"], cap)
  File "/home/sumit/phronesis/mvp/run_openr1_sweep.py", line 182, in generate
    text = tokenizer.apply_chat_template(
  File "/home/sumit/phronesis/mvp/.venv/lib/python3.10/site-packages/transformers/tokenization_utils_base.py", line 3086, in apply_chat_template
    rendered_chat, generation_indices = render_jinja_template(
  File "/home/sumit/phronesis/mvp/.venv/lib/python3.10/site-packages/transformers/utils/chat_template_utils.py", line 514, in render_jinja_template
    compiled_template = _compile_jinja_template(chat_template)
  File "/home/sumit/phronesis/mvp/.venv/lib/python3.10/site-packages/transformers/utils/chat_template_utils.py", line 421, in _compile_jinja_template
    return _cached_compile_jinja_template(chat_template)
  File "/home/sumit/phronesis/mvp/.venv/lib/python3.10/site-packages/transformers/utils/chat_template_utils.py", line 474, in _cached_compile_jinja_template
    raise ImportError(
ImportError: apply_chat_template requires jinja2>=3.1.0 to be installed. Your version is 3.0.3.

[2026-05-01 13:09:26]   ─ α=+20.00 (a+20.00) ─
[2026-05-01 13:09:26]     [473/576] E1-confabulation: generating (cap=2048)...
[2026-05-01 13:09:26]       ERROR: apply_chat_template requires jinja2>=3.1.0 to be installed. Your version is 3.0.3.
Traceback (most recent call last):
  File "/home/sumit/phronesis/mvp/run_openr1_sweep.py", line 403, in main
    r = generate(model, tokenizer, device, p["prompt"], cap)
  File "/home/sumit/phronesis/mvp/run_openr1_sweep.py", line 182, in generate
    text = tokenizer.apply_chat_template(
  File "/home/sumit/phronesis/mvp/.venv/lib/python3.10/site-packages/transformers/tokenization_utils_base.py", line 3086, in apply_chat_template
    rendered_chat, generation_indices = render_jinja_template(
  File "/home/sumit/phronesis/mvp/.venv/lib/python3.10/site-packages/transformers/utils/chat_template_utils.py", line 514, in render_jinja_template
    compiled_template = _compile_jinja_template(chat_template)
  File "/home/sumit/phronesis/mvp/.venv/lib/python3.10/site-packages/transformers/utils/chat_template_utils.py", line 421, in _compile_jinja_template
    return _cached_compile_jinja_template(chat_template)
  File "/home/sumit/phronesis/mvp/.venv/lib/python3.10/site-packages/transformers/utils/chat_template_utils.py", line 474, in _cached_compile_jinja_template
    raise ImportError(
ImportError: apply_chat_template requires jinja2>=3.1.0 to be installed. Your version is 3.0.3.

[2026-05-01 13:09:26]     [474/576] E2-contested-science: generating (cap=2048)...
[2026-05-01 13:09:26]       ERROR: apply_chat_template requires jinja2>=3.1.0 to be installed. Your version is 3.0.3.
Traceback (most recent call last):
  File "/home/sumit/phronesis/mvp/run_openr1_sweep.py", line 403, in main
    r = generate(model, tokenizer, device, p["prompt"], cap)
  File "/home/sumit/phronesis/mvp/run_openr1_sweep.py", line 182, in generate
    text = tokenizer.apply_chat_template(
  File "/home/sumit/phronesis/mvp/.venv/lib/python3.10/site-packages/transformers/tokenization_utils_base.py", line 3086, in apply_chat_template
    rendered_chat, generation_indices = render_jinja_template(
  File "/home/sumit/phronesis/mvp/.venv/lib/python3.10/site-packages/transformers/utils/chat_template_utils.py", line 514, in render_jinja_template
    compiled_template = _compile_jinja_template(chat_template)
  File "/home/sumit/phronesis/mvp/.venv/lib/python3.10/site-packages/transformers/utils/chat_template_utils.py", line 421, in _compile_jinja_template
    return _cached_compile_jinja_template(chat_template)
  File "/home/sumit/phronesis/mvp/.venv/lib/python3.10/site-packages/transformers/utils/chat_template_utils.py", line 474, in _cached_compile_jinja_template
    raise ImportError(
ImportError: apply_chat_template requires jinja2>=3.1.0 to be installed. Your version is 3.0.3.

[2026-05-01 13:09:26]     [475/576] E3-bayesian-update: generating (cap=8192)...
[2026-05-01 13:09:26]       ERROR: apply_chat_template requires jinja2>=3.1.0 to be installed. Your version is 3.0.3.
Traceback (most recent call last):
  File "/home/sumit/phronesis/mvp/run_openr1_sweep.py", line 403, in main
    r = generate(model, tokenizer, device, p["prompt"], cap)
  File "/home/sumit/phronesis/mvp/run_openr1_sweep.py", line 182, in generate
    text = tokenizer.apply_chat_template(
  File "/home/sumit/phronesis/mvp/.venv/lib/python3.10/site-packages/transformers/tokenization_utils_base.py", line 3086, in apply_chat_template
    rendered_chat, generation_indices = render_jinja_template(
  File "/home/sumit/phronesis/mvp/.venv/lib/python3.10/site-packages/transformers/utils/chat_template_utils.py", line 514, in render_jinja_template
    compiled_template = _compile_jinja_template(chat_template)
  File "/home/sumit/phronesis/mvp/.venv/lib/python3.10/site-packages/transformers/utils/chat_template_utils.py", line 421, in _compile_jinja_template
    return _cached_compile_jinja_template(chat_template)
  File "/home/sumit/phronesis/mvp/.venv/lib/python3.10/site-packages/transformers/utils/chat_template_utils.py", line 474, in _cached_compile_jinja_template
    raise ImportError(
ImportError: apply_chat_template requires jinja2>=3.1.0 to be installed. Your version is 3.0.3.

[2026-05-01 13:09:26]     [476/576] E4-taxi-social: generating (cap=8192)...
[2026-05-01 13:09:26]       ERROR: apply_chat_template requires jinja2>=3.1.0 to be installed. Your version is 3.0.3.
Traceback (most recent call last):
  File "/home/sumit/phronesis/mvp/run_openr1_sweep.py", line 403, in main
    r = generate(model, tokenizer, device, p["prompt"], cap)
  File "/home/sumit/phronesis/mvp/run_openr1_sweep.py", line 182, in generate
    text = tokenizer.apply_chat_template(
  File "/home/sumit/phronesis/mvp/.venv/lib/python3.10/site-packages/transformers/tokenization_utils_base.py", line 3086, in apply_chat_template
    rendered_chat, generation_indices = render_jinja_template(
  File "/home/sumit/phronesis/mvp/.venv/lib/python3.10/site-packages/transformers/utils/chat_template_utils.py", line 514, in render_jinja_template
    compiled_template = _compile_jinja_template(chat_template)
  File "/home/sumit/phronesis/mvp/.venv/lib/python3.10/site-packages/transformers/utils/chat_template_utils.py", line 421, in _compile_jinja_template
    return _cached_compile_jinja_template(chat_template)
  File "/home/sumit/phronesis/mvp/.venv/lib/python3.10/site-packages/transformers/utils/chat_template_utils.py", line 474, in _cached_compile_jinja_template
    raise ImportError(
ImportError: apply_chat_template requires jinja2>=3.1.0 to be installed. Your version is 3.0.3.

[2026-05-01 13:09:26]     [477/576] E5-ecological-fallacy: generating (cap=2048)...
[2026-05-01 13:09:26]       ERROR: apply_chat_template requires jinja2>=3.1.0 to be installed. Your version is 3.0.3.
Traceback (most recent call last):
  File "/home/sumit/phronesis/mvp/run_openr1_sweep.py", line 403, in main
    r = generate(model, tokenizer, device, p["prompt"], cap)
  File "/home/sumit/phronesis/mvp/run_openr1_sweep.py", line 182, in generate
    text = tokenizer.apply_chat_template(
  File "/home/sumit/phronesis/mvp/.venv/lib/python3.10/site-packages/transformers/tokenization_utils_base.py", line 3086, in apply_chat_template
    rendered_chat, generation_indices = render_jinja_template(
  File "/home/sumit/phronesis/mvp/.venv/lib/python3.10/site-packages/transformers/utils/chat_template_utils.py", line 514, in render_jinja_template
    compiled_template = _compile_jinja_template(chat_template)
  File "/home/sumit/phronesis/mvp/.venv/lib/python3.10/site-packages/transformers/utils/chat_template_utils.py", line 421, in _compile_jinja_template
    return _cached_compile_jinja_template(chat_template)
  File "/home/sumit/phronesis/mvp/.venv/lib/python3.10/site-packages/transformers/utils/chat_template_utils.py", line 474, in _cached_compile_jinja_template
    raise ImportError(
ImportError: apply_chat_template requires jinja2>=3.1.0 to be installed. Your version is 3.0.3.

[2026-05-01 13:09:26]     [478/576] N1-simpsons-paradox: generating (cap=4096)...
[2026-05-01 13:09:26]       ERROR: apply_chat_template requires jinja2>=3.1.0 to be installed. Your version is 3.0.3.
Traceback (most recent call last):
  File "/home/sumit/phronesis/mvp/run_openr1_sweep.py", line 403, in main
    r = generate(model, tokenizer, device, p["prompt"], cap)
  File "/home/sumit/phronesis/mvp/run_openr1_sweep.py", line 182, in generate
    text = tokenizer.apply_chat_template(
  File "/home/sumit/phronesis/mvp/.venv/lib/python3.10/site-packages/transformers/tokenization_utils_base.py", line 3086, in apply_chat_template
    rendered_chat, generation_indices = render_jinja_template(
  File "/home/sumit/phronesis/mvp/.venv/lib/python3.10/site-packages/transformers/utils/chat_template_utils.py", line 514, in render_jinja_template
    compiled_template = _compile_jinja_template(chat_template)
  File "/home/sumit/phronesis/mvp/.venv/lib/python3.10/site-packages/transformers/utils/chat_template_utils.py", line 421, in _compile_jinja_template
    return _cached_compile_jinja_template(chat_template)
  File "/home/sumit/phronesis/mvp/.venv/lib/python3.10/site-packages/transformers/utils/chat_template_utils.py", line 474, in _cached_compile_jinja_template
    raise ImportError(
ImportError: apply_chat_template requires jinja2>=3.1.0 to be installed. Your version is 3.0.3.

[2026-05-01 13:09:26]     [479/576] N2-conjunction-fallacy: generating (cap=2048)...
[2026-05-01 13:09:26]       ERROR: apply_chat_template requires jinja2>=3.1.0 to be installed. Your version is 3.0.3.
Traceback (most recent call last):
  File "/home/sumit/phronesis/mvp/run_openr1_sweep.py", line 403, in main
    r = generate(model, tokenizer, device, p["prompt"], cap)
  File "/home/sumit/phronesis/mvp/run_openr1_sweep.py", line 182, in generate
    text = tokenizer.apply_chat_template(
  File "/home/sumit/phronesis/mvp/.venv/lib/python3.10/site-packages/transformers/tokenization_utils_base.py", line 3086, in apply_chat_template
    rendered_chat, generation_indices = render_jinja_template(
  File "/home/sumit/phronesis/mvp/.venv/lib/python3.10/site-packages/transformers/utils/chat_template_utils.py", line 514, in render_jinja_template
    compiled_template = _compile_jinja_template(chat_template)
  File "/home/sumit/phronesis/mvp/.venv/lib/python3.10/site-packages/transformers/utils/chat_template_utils.py", line 421, in _compile_jinja_template
    return _cached_compile_jinja_template(chat_template)
  File "/home/sumit/phronesis/mvp/.venv/lib/python3.10/site-packages/transformers/utils/chat_template_utils.py", line 474, in _cached_compile_jinja_template
    raise ImportError(
ImportError: apply_chat_template requires jinja2>=3.1.0 to be installed. Your version is 3.0.3.

[2026-05-01 13:09:26]     [480/576] N3-survivorship-bias: generating (cap=2048)...
[2026-05-01 13:09:26]       ERROR: apply_chat_template requires jinja2>=3.1.0 to be installed. Your version is 3.0.3.
Traceback (most recent call last):
  File "/home/sumit/phronesis/mvp/run_openr1_sweep.py", line 403, in main
    r = generate(model, tokenizer, device, p["prompt"], cap)
  File "/home/sumit/phronesis/mvp/run_openr1_sweep.py", line 182, in generate
    text = tokenizer.apply_chat_template(
  File "/home/sumit/phronesis/mvp/.venv/lib/python3.10/site-packages/transformers/tokenization_utils_base.py", line 3086, in apply_chat_template
    rendered_chat, generation_indices = render_jinja_template(
  File "/home/sumit/phronesis/mvp/.venv/lib/python3.10/site-packages/transformers/utils/chat_template_utils.py", line 514, in render_jinja_template
    compiled_template = _compile_jinja_template(chat_template)
  File "/home/sumit/phronesis/mvp/.venv/lib/python3.10/site-packages/transformers/utils/chat_template_utils.py", line 421, in _compile_jinja_template
    return _cached_compile_jinja_template(chat_template)
  File "/home/sumit/phronesis/mvp/.venv/lib/python3.10/site-packages/transformers/utils/chat_template_utils.py", line 474, in _cached_compile_jinja_template
    raise ImportError(
ImportError: apply_chat_template requires jinja2>=3.1.0 to be installed. Your version is 3.0.3.

[2026-05-01 13:09:26] ════════════════════════════════════════════════════════════════════════
[2026-05-01 13:09:26] VECTOR CCnum_L23 — corpus=triplets-cc-numeric-only-symlinks  layer=L23  norm=104.01
[2026-05-01 13:09:26]   ─ α=-8.00 (a-08.00) ─
[2026-05-01 13:09:26]     [481/576] E1-confabulation: generating (cap=2048)...
[2026-05-01 13:09:26]       ERROR: apply_chat_template requires jinja2>=3.1.0 to be installed. Your version is 3.0.3.
Traceback (most recent call last):
  File "/home/sumit/phronesis/mvp/run_openr1_sweep.py", line 403, in main
    r = generate(model, tokenizer, device, p["prompt"], cap)
  File "/home/sumit/phronesis/mvp/run_openr1_sweep.py", line 182, in generate
    text = tokenizer.apply_chat_template(
  File "/home/sumit/phronesis/mvp/.venv/lib/python3.10/site-packages/transformers/tokenization_utils_base.py", line 3086, in apply_chat_template
    rendered_chat, generation_indices = render_jinja_template(
  File "/home/sumit/phronesis/mvp/.venv/lib/python3.10/site-packages/transformers/utils/chat_template_utils.py", line 514, in render_jinja_template
    compiled_template = _compile_jinja_template(chat_template)
  File "/home/sumit/phronesis/mvp/.venv/lib/python3.10/site-packages/transformers/utils/chat_template_utils.py", line 421, in _compile_jinja_template
    return _cached_compile_jinja_template(chat_template)
  File "/home/sumit/phronesis/mvp/.venv/lib/python3.10/site-packages/transformers/utils/chat_template_utils.py", line 474, in _cached_compile_jinja_template
    raise ImportError(
ImportError: apply_chat_template requires jinja2>=3.1.0 to be installed. Your version is 3.0.3.

[2026-05-01 13:09:26]     [482/576] E2-contested-science: generating (cap=2048)...
[2026-05-01 13:09:26]       ERROR: apply_chat_template requires jinja2>=3.1.0 to be installed. Your version is 3.0.3.
Traceback (most recent call last):
  File "/home/sumit/phronesis/mvp/run_openr1_sweep.py", line 403, in main
    r = generate(model, tokenizer, device, p["prompt"], cap)
  File "/home/sumit/phronesis/mvp/run_openr1_sweep.py", line 182, in generate
    text = tokenizer.apply_chat_template(
  File "/home/sumit/phronesis/mvp/.venv/lib/python3.10/site-packages/transformers/tokenization_utils_base.py", line 3086, in apply_chat_template
    rendered_chat, generation_indices = render_jinja_template(
  File "/home/sumit/phronesis/mvp/.venv/lib/python3.10/site-packages/transformers/utils/chat_template_utils.py", line 514, in render_jinja_template
    compiled_template = _compile_jinja_template(chat_template)
  File "/home/sumit/phronesis/mvp/.venv/lib/python3.10/site-packages/transformers/utils/chat_template_utils.py", line 421, in _compile_jinja_template
    return _cached_compile_jinja_template(chat_template)
  File "/home/sumit/phronesis/mvp/.venv/lib/python3.10/site-packages/transformers/utils/chat_template_utils.py", line 474, in _cached_compile_jinja_template
    raise ImportError(
ImportError: apply_chat_template requires jinja2>=3.1.0 to be installed. Your version is 3.0.3.

[2026-05-01 13:09:26]     [483/576] E3-bayesian-update: generating (cap=8192)...
[2026-05-01 13:09:26]       ERROR: apply_chat_template requires jinja2>=3.1.0 to be installed. Your version is 3.0.3.
Traceback (most recent call last):
  File "/home/sumit/phronesis/mvp/run_openr1_sweep.py", line 403, in main
    r = generate(model, tokenizer, device, p["prompt"], cap)
  File "/home/sumit/phronesis/mvp/run_openr1_sweep.py", line 182, in generate
    text = tokenizer.apply_chat_template(
  File "/home/sumit/phronesis/mvp/.venv/lib/python3.10/site-packages/transformers/tokenization_utils_base.py", line 3086, in apply_chat_template
    rendered_chat, generation_indices = render_jinja_template(
  File "/home/sumit/phronesis/mvp/.venv/lib/python3.10/site-packages/transformers/utils/chat_template_utils.py", line 514, in render_jinja_template
    compiled_template = _compile_jinja_template(chat_template)
  File "/home/sumit/phronesis/mvp/.venv/lib/python3.10/site-packages/transformers/utils/chat_template_utils.py", line 421, in _compile_jinja_template
    return _cached_compile_jinja_template(chat_template)
  File "/home/sumit/phronesis/mvp/.venv/lib/python3.10/site-packages/transformers/utils/chat_template_utils.py", line 474, in _cached_compile_jinja_template
    raise ImportError(
ImportError: apply_chat_template requires jinja2>=3.1.0 to be installed. Your version is 3.0.3.

[2026-05-01 13:09:26]     [484/576] E4-taxi-social: generating (cap=8192)...
[2026-05-01 13:09:26]       ERROR: apply_chat_template requires jinja2>=3.1.0 to be installed. Your version is 3.0.3.
Traceback (most recent call last):
  File "/home/sumit/phronesis/mvp/run_openr1_sweep.py", line 403, in main
    r = generate(model, tokenizer, device, p["prompt"], cap)
  File "/home/sumit/phronesis/mvp/run_openr1_sweep.py", line 182, in generate
    text = tokenizer.apply_chat_template(
  File "/home/sumit/phronesis/mvp/.venv/lib/python3.10/site-packages/transformers/tokenization_utils_base.py", line 3086, in apply_chat_template
    rendered_chat, generation_indices = render_jinja_template(
  File "/home/sumit/phronesis/mvp/.venv/lib/python3.10/site-packages/transformers/utils/chat_template_utils.py", line 514, in render_jinja_template
    compiled_template = _compile_jinja_template(chat_template)
  File "/home/sumit/phronesis/mvp/.venv/lib/python3.10/site-packages/transformers/utils/chat_template_utils.py", line 421, in _compile_jinja_template
    return _cached_compile_jinja_template(chat_template)
  File "/home/sumit/phronesis/mvp/.venv/lib/python3.10/site-packages/transformers/utils/chat_template_utils.py", line 474, in _cached_compile_jinja_template
    raise ImportError(
ImportError: apply_chat_template requires jinja2>=3.1.0 to be installed. Your version is 3.0.3.

[2026-05-01 13:09:26]     [485/576] E5-ecological-fallacy: generating (cap=2048)...
[2026-05-01 13:09:26]       ERROR: apply_chat_template requires jinja2>=3.1.0 to be installed. Your version is 3.0.3.
Traceback (most recent call last):
  File "/home/sumit/phronesis/mvp/run_openr1_sweep.py", line 403, in main
    r = generate(model, tokenizer, device, p["prompt"], cap)
  File "/home/sumit/phronesis/mvp/run_openr1_sweep.py", line 182, in generate
    text = tokenizer.apply_chat_template(
  File "/home/sumit/phronesis/mvp/.venv/lib/python3.10/site-packages/transformers/tokenization_utils_base.py", line 3086, in apply_chat_template
    rendered_chat, generation_indices = render_jinja_template(
  File "/home/sumit/phronesis/mvp/.venv/lib/python3.10/site-packages/transformers/utils/chat_template_utils.py", line 514, in render_jinja_template
    compiled_template = _compile_jinja_template(chat_template)
  File "/home/sumit/phronesis/mvp/.venv/lib/python3.10/site-packages/transformers/utils/chat_template_utils.py", line 421, in _compile_jinja_template
    return _cached_compile_jinja_template(chat_template)
  File "/home/sumit/phronesis/mvp/.venv/lib/python3.10/site-packages/transformers/utils/chat_template_utils.py", line 474, in _cached_compile_jinja_template
    raise ImportError(
ImportError: apply_chat_template requires jinja2>=3.1.0 to be installed. Your version is 3.0.3.

[2026-05-01 13:09:26]     [486/576] N1-simpsons-paradox: generating (cap=4096)...
[2026-05-01 13:09:26]       ERROR: apply_chat_template requires jinja2>=3.1.0 to be installed. Your version is 3.0.3.
Traceback (most recent call last):
  File "/home/sumit/phronesis/mvp/run_openr1_sweep.py", line 403, in main
    r = generate(model, tokenizer, device, p["prompt"], cap)
  File "/home/sumit/phronesis/mvp/run_openr1_sweep.py", line 182, in generate
    text = tokenizer.apply_chat_template(
  File "/home/sumit/phronesis/mvp/.venv/lib/python3.10/site-packages/transformers/tokenization_utils_base.py", line 3086, in apply_chat_template
    rendered_chat, generation_indices = render_jinja_template(
  File "/home/sumit/phronesis/mvp/.venv/lib/python3.10/site-packages/transformers/utils/chat_template_utils.py", line 514, in render_jinja_template
    compiled_template = _compile_jinja_template(chat_template)
  File "/home/sumit/phronesis/mvp/.venv/lib/python3.10/site-packages/transformers/utils/chat_template_utils.py", line 421, in _compile_jinja_template
    return _cached_compile_jinja_template(chat_template)
  File "/home/sumit/phronesis/mvp/.venv/lib/python3.10/site-packages/transformers/utils/chat_template_utils.py", line 474, in _cached_compile_jinja_template
    raise ImportError(
ImportError: apply_chat_template requires jinja2>=3.1.0 to be installed. Your version is 3.0.3.

[2026-05-01 13:09:26]     [487/576] N2-conjunction-fallacy: generating (cap=2048)...
[2026-05-01 13:09:26]       ERROR: apply_chat_template requires jinja2>=3.1.0 to be installed. Your version is 3.0.3.
Traceback (most recent call last):
  File "/home/sumit/phronesis/mvp/run_openr1_sweep.py", line 403, in main
    r = generate(model, tokenizer, device, p["prompt"], cap)
  File "/home/sumit/phronesis/mvp/run_openr1_sweep.py", line 182, in generate
    text = tokenizer.apply_chat_template(
  File "/home/sumit/phronesis/mvp/.venv/lib/python3.10/site-packages/transformers/tokenization_utils_base.py", line 3086, in apply_chat_template
    rendered_chat, generation_indices = render_jinja_template(
  File "/home/sumit/phronesis/mvp/.venv/lib/python3.10/site-packages/transformers/utils/chat_template_utils.py", line 514, in render_jinja_template
    compiled_template = _compile_jinja_template(chat_template)
  File "/home/sumit/phronesis/mvp/.venv/lib/python3.10/site-packages/transformers/utils/chat_template_utils.py", line 421, in _compile_jinja_template
    return _cached_compile_jinja_template(chat_template)
  File "/home/sumit/phronesis/mvp/.venv/lib/python3.10/site-packages/transformers/utils/chat_template_utils.py", line 474, in _cached_compile_jinja_template
    raise ImportError(
ImportError: apply_chat_template requires jinja2>=3.1.0 to be installed. Your version is 3.0.3.

[2026-05-01 13:09:26]     [488/576] N3-survivorship-bias: generating (cap=2048)...
[2026-05-01 13:09:26]       ERROR: apply_chat_template requires jinja2>=3.1.0 to be installed. Your version is 3.0.3.
Traceback (most recent call last):
  File "/home/sumit/phronesis/mvp/run_openr1_sweep.py", line 403, in main
    r = generate(model, tokenizer, device, p["prompt"], cap)
  File "/home/sumit/phronesis/mvp/run_openr1_sweep.py", line 182, in generate
    text = tokenizer.apply_chat_template(
  File "/home/sumit/phronesis/mvp/.venv/lib/python3.10/site-packages/transformers/tokenization_utils_base.py", line 3086, in apply_chat_template
    rendered_chat, generation_indices = render_jinja_template(
  File "/home/sumit/phronesis/mvp/.venv/lib/python3.10/site-packages/transformers/utils/chat_template_utils.py", line 514, in render_jinja_template
    compiled_template = _compile_jinja_template(chat_template)
  File "/home/sumit/phronesis/mvp/.venv/lib/python3.10/site-packages/transformers/utils/chat_template_utils.py", line 421, in _compile_jinja_template
    return _cached_compile_jinja_template(chat_template)
  File "/home/sumit/phronesis/mvp/.venv/lib/python3.10/site-packages/transformers/utils/chat_template_utils.py", line 474, in _cached_compile_jinja_template
    raise ImportError(
ImportError: apply_chat_template requires jinja2>=3.1.0 to be installed. Your version is 3.0.3.

[2026-05-01 13:09:26]   ─ α=-4.00 (a-04.00) ─
[2026-05-01 13:09:26]     [489/576] E1-confabulation: generating (cap=2048)...
[2026-05-01 13:09:26]       ERROR: apply_chat_template requires jinja2>=3.1.0 to be installed. Your version is 3.0.3.
Traceback (most recent call last):
  File "/home/sumit/phronesis/mvp/run_openr1_sweep.py", line 403, in main
    r = generate(model, tokenizer, device, p["prompt"], cap)
  File "/home/sumit/phronesis/mvp/run_openr1_sweep.py", line 182, in generate
    text = tokenizer.apply_chat_template(
  File "/home/sumit/phronesis/mvp/.venv/lib/python3.10/site-packages/transformers/tokenization_utils_base.py", line 3086, in apply_chat_template
    rendered_chat, generation_indices = render_jinja_template(
  File "/home/sumit/phronesis/mvp/.venv/lib/python3.10/site-packages/transformers/utils/chat_template_utils.py", line 514, in render_jinja_template
    compiled_template = _compile_jinja_template(chat_template)
  File "/home/sumit/phronesis/mvp/.venv/lib/python3.10/site-packages/transformers/utils/chat_template_utils.py", line 421, in _compile_jinja_template
    return _cached_compile_jinja_template(chat_template)
  File "/home/sumit/phronesis/mvp/.venv/lib/python3.10/site-packages/transformers/utils/chat_template_utils.py", line 474, in _cached_compile_jinja_template
    raise ImportError(
ImportError: apply_chat_template requires jinja2>=3.1.0 to be installed. Your version is 3.0.3.

[2026-05-01 13:09:26]     [490/576] E2-contested-science: generating (cap=2048)...
[2026-05-01 13:09:26]       ERROR: apply_chat_template requires jinja2>=3.1.0 to be installed. Your version is 3.0.3.
Traceback (most recent call last):
  File "/home/sumit/phronesis/mvp/run_openr1_sweep.py", line 403, in main
    r = generate(model, tokenizer, device, p["prompt"], cap)
  File "/home/sumit/phronesis/mvp/run_openr1_sweep.py", line 182, in generate
    text = tokenizer.apply_chat_template(
  File "/home/sumit/phronesis/mvp/.venv/lib/python3.10/site-packages/transformers/tokenization_utils_base.py", line 3086, in apply_chat_template
    rendered_chat, generation_indices = render_jinja_template(
  File "/home/sumit/phronesis/mvp/.venv/lib/python3.10/site-packages/transformers/utils/chat_template_utils.py", line 514, in render_jinja_template
    compiled_template = _compile_jinja_template(chat_template)
  File "/home/sumit/phronesis/mvp/.venv/lib/python3.10/site-packages/transformers/utils/chat_template_utils.py", line 421, in _compile_jinja_template
    return _cached_compile_jinja_template(chat_template)
  File "/home/sumit/phronesis/mvp/.venv/lib/python3.10/site-packages/transformers/utils/chat_template_utils.py", line 474, in _cached_compile_jinja_template
    raise ImportError(
ImportError: apply_chat_template requires jinja2>=3.1.0 to be installed. Your version is 3.0.3.

[2026-05-01 13:09:26]     [491/576] E3-bayesian-update: generating (cap=8192)...
[2026-05-01 13:09:26]       ERROR: apply_chat_template requires jinja2>=3.1.0 to be installed. Your version is 3.0.3.
Traceback (most recent call last):
  File "/home/sumit/phronesis/mvp/run_openr1_sweep.py", line 403, in main
    r = generate(model, tokenizer, device, p["prompt"], cap)
  File "/home/sumit/phronesis/mvp/run_openr1_sweep.py", line 182, in generate
    text = tokenizer.apply_chat_template(
  File "/home/sumit/phronesis/mvp/.venv/lib/python3.10/site-packages/transformers/tokenization_utils_base.py", line 3086, in apply_chat_template
    rendered_chat, generation_indices = render_jinja_template(
  File "/home/sumit/phronesis/mvp/.venv/lib/python3.10/site-packages/transformers/utils/chat_template_utils.py", line 514, in render_jinja_template
    compiled_template = _compile_jinja_template(chat_template)
  File "/home/sumit/phronesis/mvp/.venv/lib/python3.10/site-packages/transformers/utils/chat_template_utils.py", line 421, in _compile_jinja_template
    return _cached_compile_jinja_template(chat_template)
  File "/home/sumit/phronesis/mvp/.venv/lib/python3.10/site-packages/transformers/utils/chat_template_utils.py", line 474, in _cached_compile_jinja_template
    raise ImportError(
ImportError: apply_chat_template requires jinja2>=3.1.0 to be installed. Your version is 3.0.3.

[2026-05-01 13:09:26]     [492/576] E4-taxi-social: generating (cap=8192)...
[2026-05-01 13:09:26]       ERROR: apply_chat_template requires jinja2>=3.1.0 to be installed. Your version is 3.0.3.
Traceback (most recent call last):
  File "/home/sumit/phronesis/mvp/run_openr1_sweep.py", line 403, in main
    r = generate(model, tokenizer, device, p["prompt"], cap)
  File "/home/sumit/phronesis/mvp/run_openr1_sweep.py", line 182, in generate
    text = tokenizer.apply_chat_template(
  File "/home/sumit/phronesis/mvp/.venv/lib/python3.10/site-packages/transformers/tokenization_utils_base.py", line 3086, in apply_chat_template
    rendered_chat, generation_indices = render_jinja_template(
  File "/home/sumit/phronesis/mvp/.venv/lib/python3.10/site-packages/transformers/utils/chat_template_utils.py", line 514, in render_jinja_template
    compiled_template = _compile_jinja_template(chat_template)
  File "/home/sumit/phronesis/mvp/.venv/lib/python3.10/site-packages/transformers/utils/chat_template_utils.py", line 421, in _compile_jinja_template
    return _cached_compile_jinja_template(chat_template)
  File "/home/sumit/phronesis/mvp/.venv/lib/python3.10/site-packages/transformers/utils/chat_template_utils.py", line 474, in _cached_compile_jinja_template
    raise ImportError(
ImportError: apply_chat_template requires jinja2>=3.1.0 to be installed. Your version is 3.0.3.

[2026-05-01 13:09:26]     [493/576] E5-ecological-fallacy: generating (cap=2048)...
[2026-05-01 13:09:26]       ERROR: apply_chat_template requires jinja2>=3.1.0 to be installed. Your version is 3.0.3.
Traceback (most recent call last):
  File "/home/sumit/phronesis/mvp/run_openr1_sweep.py", line 403, in main
    r = generate(model, tokenizer, device, p["prompt"], cap)
  File "/home/sumit/phronesis/mvp/run_openr1_sweep.py", line 182, in generate
    text = tokenizer.apply_chat_template(
  File "/home/sumit/phronesis/mvp/.venv/lib/python3.10/site-packages/transformers/tokenization_utils_base.py", line 3086, in apply_chat_template
    rendered_chat, generation_indices = render_jinja_template(
  File "/home/sumit/phronesis/mvp/.venv/lib/python3.10/site-packages/transformers/utils/chat_template_utils.py", line 514, in render_jinja_template
    compiled_template = _compile_jinja_template(chat_template)
  File "/home/sumit/phronesis/mvp/.venv/lib/python3.10/site-packages/transformers/utils/chat_template_utils.py", line 421, in _compile_jinja_template
    return _cached_compile_jinja_template(chat_template)
  File "/home/sumit/phronesis/mvp/.venv/lib/python3.10/site-packages/transformers/utils/chat_template_utils.py", line 474, in _cached_compile_jinja_template
    raise ImportError(
ImportError: apply_chat_template requires jinja2>=3.1.0 to be installed. Your version is 3.0.3.

[2026-05-01 13:09:26]     [494/576] N1-simpsons-paradox: generating (cap=4096)...
[2026-05-01 13:09:26]       ERROR: apply_chat_template requires jinja2>=3.1.0 to be installed. Your version is 3.0.3.
Traceback (most recent call last):
  File "/home/sumit/phronesis/mvp/run_openr1_sweep.py", line 403, in main
    r = generate(model, tokenizer, device, p["prompt"], cap)
  File "/home/sumit/phronesis/mvp/run_openr1_sweep.py", line 182, in generate
    text = tokenizer.apply_chat_template(
  File "/home/sumit/phronesis/mvp/.venv/lib/python3.10/site-packages/transformers/tokenization_utils_base.py", line 3086, in apply_chat_template
    rendered_chat, generation_indices = render_jinja_template(
  File "/home/sumit/phronesis/mvp/.venv/lib/python3.10/site-packages/transformers/utils/chat_template_utils.py", line 514, in render_jinja_template
    compiled_template = _compile_jinja_template(chat_template)
  File "/home/sumit/phronesis/mvp/.venv/lib/python3.10/site-packages/transformers/utils/chat_template_utils.py", line 421, in _compile_jinja_template
    return _cached_compile_jinja_template(chat_template)
  File "/home/sumit/phronesis/mvp/.venv/lib/python3.10/site-packages/transformers/utils/chat_template_utils.py", line 474, in _cached_compile_jinja_template
    raise ImportError(
ImportError: apply_chat_template requires jinja2>=3.1.0 to be installed. Your version is 3.0.3.

[2026-05-01 13:09:26]     [495/576] N2-conjunction-fallacy: generating (cap=2048)...
[2026-05-01 13:09:26]       ERROR: apply_chat_template requires jinja2>=3.1.0 to be installed. Your version is 3.0.3.
Traceback (most recent call last):
  File "/home/sumit/phronesis/mvp/run_openr1_sweep.py", line 403, in main
    r = generate(model, tokenizer, device, p["prompt"], cap)
  File "/home/sumit/phronesis/mvp/run_openr1_sweep.py", line 182, in generate
    text = tokenizer.apply_chat_template(
  File "/home/sumit/phronesis/mvp/.venv/lib/python3.10/site-packages/transformers/tokenization_utils_base.py", line 3086, in apply_chat_template
    rendered_chat, generation_indices = render_jinja_template(
  File "/home/sumit/phronesis/mvp/.venv/lib/python3.10/site-packages/transformers/utils/chat_template_utils.py", line 514, in render_jinja_template
    compiled_template = _compile_jinja_template(chat_template)
  File "/home/sumit/phronesis/mvp/.venv/lib/python3.10/site-packages/transformers/utils/chat_template_utils.py", line 421, in _compile_jinja_template
    return _cached_compile_jinja_template(chat_template)
  File "/home/sumit/phronesis/mvp/.venv/lib/python3.10/site-packages/transformers/utils/chat_template_utils.py", line 474, in _cached_compile_jinja_template
    raise ImportError(
ImportError: apply_chat_template requires jinja2>=3.1.0 to be installed. Your version is 3.0.3.

[2026-05-01 13:09:26]     [496/576] N3-survivorship-bias: generating (cap=2048)...
[2026-05-01 13:09:26]       ERROR: apply_chat_template requires jinja2>=3.1.0 to be installed. Your version is 3.0.3.
Traceback (most recent call last):
  File "/home/sumit/phronesis/mvp/run_openr1_sweep.py", line 403, in main
    r = generate(model, tokenizer, device, p["prompt"], cap)
  File "/home/sumit/phronesis/mvp/run_openr1_sweep.py", line 182, in generate
    text = tokenizer.apply_chat_template(
  File "/home/sumit/phronesis/mvp/.venv/lib/python3.10/site-packages/transformers/tokenization_utils_base.py", line 3086, in apply_chat_template
    rendered_chat, generation_indices = render_jinja_template(
  File "/home/sumit/phronesis/mvp/.venv/lib/python3.10/site-packages/transformers/utils/chat_template_utils.py", line 514, in render_jinja_template
    compiled_template = _compile_jinja_template(chat_template)
  File "/home/sumit/phronesis/mvp/.venv/lib/python3.10/site-packages/transformers/utils/chat_template_utils.py", line 421, in _compile_jinja_template
    return _cached_compile_jinja_template(chat_template)
  File "/home/sumit/phronesis/mvp/.venv/lib/python3.10/site-packages/transformers/utils/chat_template_utils.py", line 474, in _cached_compile_jinja_template
    raise ImportError(
ImportError: apply_chat_template requires jinja2>=3.1.0 to be installed. Your version is 3.0.3.

[2026-05-01 13:09:26]   ─ α=-2.00 (a-02.00) ─
[2026-05-01 13:09:26]     [497/576] E1-confabulation: generating (cap=2048)...
[2026-05-01 13:09:26]       ERROR: apply_chat_template requires jinja2>=3.1.0 to be installed. Your version is 3.0.3.
Traceback (most recent call last):
  File "/home/sumit/phronesis/mvp/run_openr1_sweep.py", line 403, in main
    r = generate(model, tokenizer, device, p["prompt"], cap)
  File "/home/sumit/phronesis/mvp/run_openr1_sweep.py", line 182, in generate
    text = tokenizer.apply_chat_template(
  File "/home/sumit/phronesis/mvp/.venv/lib/python3.10/site-packages/transformers/tokenization_utils_base.py", line 3086, in apply_chat_template
    rendered_chat, generation_indices = render_jinja_template(
  File "/home/sumit/phronesis/mvp/.venv/lib/python3.10/site-packages/transformers/utils/chat_template_utils.py", line 514, in render_jinja_template
    compiled_template = _compile_jinja_template(chat_template)
  File "/home/sumit/phronesis/mvp/.venv/lib/python3.10/site-packages/transformers/utils/chat_template_utils.py", line 421, in _compile_jinja_template
    return _cached_compile_jinja_template(chat_template)
  File "/home/sumit/phronesis/mvp/.venv/lib/python3.10/site-packages/transformers/utils/chat_template_utils.py", line 474, in _cached_compile_jinja_template
    raise ImportError(
ImportError: apply_chat_template requires jinja2>=3.1.0 to be installed. Your version is 3.0.3.

[2026-05-01 13:09:26]     [498/576] E2-contested-science: generating (cap=2048)...
[2026-05-01 13:09:26]       ERROR: apply_chat_template requires jinja2>=3.1.0 to be installed. Your version is 3.0.3.
Traceback (most recent call last):
  File "/home/sumit/phronesis/mvp/run_openr1_sweep.py", line 403, in main
    r = generate(model, tokenizer, device, p["prompt"], cap)
  File "/home/sumit/phronesis/mvp/run_openr1_sweep.py", line 182, in generate
    text = tokenizer.apply_chat_template(
  File "/home/sumit/phronesis/mvp/.venv/lib/python3.10/site-packages/transformers/tokenization_utils_base.py", line 3086, in apply_chat_template
    rendered_chat, generation_indices = render_jinja_template(
  File "/home/sumit/phronesis/mvp/.venv/lib/python3.10/site-packages/transformers/utils/chat_template_utils.py", line 514, in render_jinja_template
    compiled_template = _compile_jinja_template(chat_template)
  File "/home/sumit/phronesis/mvp/.venv/lib/python3.10/site-packages/transformers/utils/chat_template_utils.py", line 421, in _compile_jinja_template
    return _cached_compile_jinja_template(chat_template)
  File "/home/sumit/phronesis/mvp/.venv/lib/python3.10/site-packages/transformers/utils/chat_template_utils.py", line 474, in _cached_compile_jinja_template
    raise ImportError(
ImportError: apply_chat_template requires jinja2>=3.1.0 to be installed. Your version is 3.0.3.

[2026-05-01 13:09:26]     [499/576] E3-bayesian-update: generating (cap=8192)...
[2026-05-01 13:09:26]       ERROR: apply_chat_template requires jinja2>=3.1.0 to be installed. Your version is 3.0.3.
Traceback (most recent call last):
  File "/home/sumit/phronesis/mvp/run_openr1_sweep.py", line 403, in main
    r = generate(model, tokenizer, device, p["prompt"], cap)
  File "/home/sumit/phronesis/mvp/run_openr1_sweep.py", line 182, in generate
    text = tokenizer.apply_chat_template(
  File "/home/sumit/phronesis/mvp/.venv/lib/python3.10/site-packages/transformers/tokenization_utils_base.py", line 3086, in apply_chat_template
    rendered_chat, generation_indices = render_jinja_template(
  File "/home/sumit/phronesis/mvp/.venv/lib/python3.10/site-packages/transformers/utils/chat_template_utils.py", line 514, in render_jinja_template
    compiled_template = _compile_jinja_template(chat_template)
  File "/home/sumit/phronesis/mvp/.venv/lib/python3.10/site-packages/transformers/utils/chat_template_utils.py", line 421, in _compile_jinja_template
    return _cached_compile_jinja_template(chat_template)
  File "/home/sumit/phronesis/mvp/.venv/lib/python3.10/site-packages/transformers/utils/chat_template_utils.py", line 474, in _cached_compile_jinja_template
    raise ImportError(
ImportError: apply_chat_template requires jinja2>=3.1.0 to be installed. Your version is 3.0.3.

[2026-05-01 13:09:26]     [500/576] E4-taxi-social: generating (cap=8192)...
[2026-05-01 13:09:26]       ERROR: apply_chat_template requires jinja2>=3.1.0 to be installed. Your version is 3.0.3.
Traceback (most recent call last):
  File "/home/sumit/phronesis/mvp/run_openr1_sweep.py", line 403, in main
    r = generate(model, tokenizer, device, p["prompt"], cap)
  File "/home/sumit/phronesis/mvp/run_openr1_sweep.py", line 182, in generate
    text = tokenizer.apply_chat_template(
  File "/home/sumit/phronesis/mvp/.venv/lib/python3.10/site-packages/transformers/tokenization_utils_base.py", line 3086, in apply_chat_template
    rendered_chat, generation_indices = render_jinja_template(
  File "/home/sumit/phronesis/mvp/.venv/lib/python3.10/site-packages/transformers/utils/chat_template_utils.py", line 514, in render_jinja_template
    compiled_template = _compile_jinja_template(chat_template)
  File "/home/sumit/phronesis/mvp/.venv/lib/python3.10/site-packages/transformers/utils/chat_template_utils.py", line 421, in _compile_jinja_template
    return _cached_compile_jinja_template(chat_template)
  File "/home/sumit/phronesis/mvp/.venv/lib/python3.10/site-packages/transformers/utils/chat_template_utils.py", line 474, in _cached_compile_jinja_template
    raise ImportError(
ImportError: apply_chat_template requires jinja2>=3.1.0 to be installed. Your version is 3.0.3.

[2026-05-01 13:09:26]     [501/576] E5-ecological-fallacy: generating (cap=2048)...
[2026-05-01 13:09:26]       ERROR: apply_chat_template requires jinja2>=3.1.0 to be installed. Your version is 3.0.3.
Traceback (most recent call last):
  File "/home/sumit/phronesis/mvp/run_openr1_sweep.py", line 403, in main
    r = generate(model, tokenizer, device, p["prompt"], cap)
  File "/home/sumit/phronesis/mvp/run_openr1_sweep.py", line 182, in generate
    text = tokenizer.apply_chat_template(
  File "/home/sumit/phronesis/mvp/.venv/lib/python3.10/site-packages/transformers/tokenization_utils_base.py", line 3086, in apply_chat_template
    rendered_chat, generation_indices = render_jinja_template(
  File "/home/sumit/phronesis/mvp/.venv/lib/python3.10/site-packages/transformers/utils/chat_template_utils.py", line 514, in render_jinja_template
    compiled_template = _compile_jinja_template(chat_template)
  File "/home/sumit/phronesis/mvp/.venv/lib/python3.10/site-packages/transformers/utils/chat_template_utils.py", line 421, in _compile_jinja_template
    return _cached_compile_jinja_template(chat_template)
  File "/home/sumit/phronesis/mvp/.venv/lib/python3.10/site-packages/transformers/utils/chat_template_utils.py", line 474, in _cached_compile_jinja_template
    raise ImportError(
ImportError: apply_chat_template requires jinja2>=3.1.0 to be installed. Your version is 3.0.3.

[2026-05-01 13:09:26]     [502/576] N1-simpsons-paradox: generating (cap=4096)...
[2026-05-01 13:09:26]       ERROR: apply_chat_template requires jinja2>=3.1.0 to be installed. Your version is 3.0.3.
Traceback (most recent call last):
  File "/home/sumit/phronesis/mvp/run_openr1_sweep.py", line 403, in main
    r = generate(model, tokenizer, device, p["prompt"], cap)
  File "/home/sumit/phronesis/mvp/run_openr1_sweep.py", line 182, in generate
    text = tokenizer.apply_chat_template(
  File "/home/sumit/phronesis/mvp/.venv/lib/python3.10/site-packages/transformers/tokenization_utils_base.py", line 3086, in apply_chat_template
    rendered_chat, generation_indices = render_jinja_template(
  File "/home/sumit/phronesis/mvp/.venv/lib/python3.10/site-packages/transformers/utils/chat_template_utils.py", line 514, in render_jinja_template
    compiled_template = _compile_jinja_template(chat_template)
  File "/home/sumit/phronesis/mvp/.venv/lib/python3.10/site-packages/transformers/utils/chat_template_utils.py", line 421, in _compile_jinja_template
    return _cached_compile_jinja_template(chat_template)
  File "/home/sumit/phronesis/mvp/.venv/lib/python3.10/site-packages/transformers/utils/chat_template_utils.py", line 474, in _cached_compile_jinja_template
    raise ImportError(
ImportError: apply_chat_template requires jinja2>=3.1.0 to be installed. Your version is 3.0.3.

[2026-05-01 13:09:26]     [503/576] N2-conjunction-fallacy: generating (cap=2048)...
[2026-05-01 13:09:26]       ERROR: apply_chat_template requires jinja2>=3.1.0 to be installed. Your version is 3.0.3.
Traceback (most recent call last):
  File "/home/sumit/phronesis/mvp/run_openr1_sweep.py", line 403, in main
    r = generate(model, tokenizer, device, p["prompt"], cap)
  File "/home/sumit/phronesis/mvp/run_openr1_sweep.py", line 182, in generate
    text = tokenizer.apply_chat_template(
  File "/home/sumit/phronesis/mvp/.venv/lib/python3.10/site-packages/transformers/tokenization_utils_base.py", line 3086, in apply_chat_template
    rendered_chat, generation_indices = render_jinja_template(
  File "/home/sumit/phronesis/mvp/.venv/lib/python3.10/site-packages/transformers/utils/chat_template_utils.py", line 514, in render_jinja_template
    compiled_template = _compile_jinja_template(chat_template)
  File "/home/sumit/phronesis/mvp/.venv/lib/python3.10/site-packages/transformers/utils/chat_template_utils.py", line 421, in _compile_jinja_template
    return _cached_compile_jinja_template(chat_template)
  File "/home/sumit/phronesis/mvp/.venv/lib/python3.10/site-packages/transformers/utils/chat_template_utils.py", line 474, in _cached_compile_jinja_template
    raise ImportError(
ImportError: apply_chat_template requires jinja2>=3.1.0 to be installed. Your version is 3.0.3.

[2026-05-01 13:09:26]     [504/576] N3-survivorship-bias: generating (cap=2048)...
[2026-05-01 13:09:26]       ERROR: apply_chat_template requires jinja2>=3.1.0 to be installed. Your version is 3.0.3.
Traceback (most recent call last):
  File "/home/sumit/phronesis/mvp/run_openr1_sweep.py", line 403, in main
    r = generate(model, tokenizer, device, p["prompt"], cap)
  File "/home/sumit/phronesis/mvp/run_openr1_sweep.py", line 182, in generate
    text = tokenizer.apply_chat_template(
  File "/home/sumit/phronesis/mvp/.venv/lib/python3.10/site-packages/transformers/tokenization_utils_base.py", line 3086, in apply_chat_template
    rendered_chat, generation_indices = render_jinja_template(
  File "/home/sumit/phronesis/mvp/.venv/lib/python3.10/site-packages/transformers/utils/chat_template_utils.py", line 514, in render_jinja_template
    compiled_template = _compile_jinja_template(chat_template)
  File "/home/sumit/phronesis/mvp/.venv/lib/python3.10/site-packages/transformers/utils/chat_template_utils.py", line 421, in _compile_jinja_template
    return _cached_compile_jinja_template(chat_template)
  File "/home/sumit/phronesis/mvp/.venv/lib/python3.10/site-packages/transformers/utils/chat_template_utils.py", line 474, in _cached_compile_jinja_template
    raise ImportError(
ImportError: apply_chat_template requires jinja2>=3.1.0 to be installed. Your version is 3.0.3.

[2026-05-01 13:09:26]   ─ α=+1.00 (a+01.00) ─
[2026-05-01 13:09:26]     [505/576] E1-confabulation: generating (cap=2048)...
[2026-05-01 13:09:26]       ERROR: apply_chat_template requires jinja2>=3.1.0 to be installed. Your version is 3.0.3.
Traceback (most recent call last):
  File "/home/sumit/phronesis/mvp/run_openr1_sweep.py", line 403, in main
    r = generate(model, tokenizer, device, p["prompt"], cap)
  File "/home/sumit/phronesis/mvp/run_openr1_sweep.py", line 182, in generate
    text = tokenizer.apply_chat_template(
  File "/home/sumit/phronesis/mvp/.venv/lib/python3.10/site-packages/transformers/tokenization_utils_base.py", line 3086, in apply_chat_template
    rendered_chat, generation_indices = render_jinja_template(
  File "/home/sumit/phronesis/mvp/.venv/lib/python3.10/site-packages/transformers/utils/chat_template_utils.py", line 514, in render_jinja_template
    compiled_template = _compile_jinja_template(chat_template)
  File "/home/sumit/phronesis/mvp/.venv/lib/python3.10/site-packages/transformers/utils/chat_template_utils.py", line 421, in _compile_jinja_template
    return _cached_compile_jinja_template(chat_template)
  File "/home/sumit/phronesis/mvp/.venv/lib/python3.10/site-packages/transformers/utils/chat_template_utils.py", line 474, in _cached_compile_jinja_template
    raise ImportError(
ImportError: apply_chat_template requires jinja2>=3.1.0 to be installed. Your version is 3.0.3.

[2026-05-01 13:09:26]     [506/576] E2-contested-science: generating (cap=2048)...
[2026-05-01 13:09:26]       ERROR: apply_chat_template requires jinja2>=3.1.0 to be installed. Your version is 3.0.3.
Traceback (most recent call last):
  File "/home/sumit/phronesis/mvp/run_openr1_sweep.py", line 403, in main
    r = generate(model, tokenizer, device, p["prompt"], cap)
  File "/home/sumit/phronesis/mvp/run_openr1_sweep.py", line 182, in generate
    text = tokenizer.apply_chat_template(
  File "/home/sumit/phronesis/mvp/.venv/lib/python3.10/site-packages/transformers/tokenization_utils_base.py", line 3086, in apply_chat_template
    rendered_chat, generation_indices = render_jinja_template(
  File "/home/sumit/phronesis/mvp/.venv/lib/python3.10/site-packages/transformers/utils/chat_template_utils.py", line 514, in render_jinja_template
    compiled_template = _compile_jinja_template(chat_template)
  File "/home/sumit/phronesis/mvp/.venv/lib/python3.10/site-packages/transformers/utils/chat_template_utils.py", line 421, in _compile_jinja_template
    return _cached_compile_jinja_template(chat_template)
  File "/home/sumit/phronesis/mvp/.venv/lib/python3.10/site-packages/transformers/utils/chat_template_utils.py", line 474, in _cached_compile_jinja_template
    raise ImportError(
ImportError: apply_chat_template requires jinja2>=3.1.0 to be installed. Your version is 3.0.3.

[2026-05-01 13:09:26]     [507/576] E3-bayesian-update: generating (cap=8192)...
[2026-05-01 13:09:26]       ERROR: apply_chat_template requires jinja2>=3.1.0 to be installed. Your version is 3.0.3.
Traceback (most recent call last):
  File "/home/sumit/phronesis/mvp/run_openr1_sweep.py", line 403, in main
    r = generate(model, tokenizer, device, p["prompt"], cap)
  File "/home/sumit/phronesis/mvp/run_openr1_sweep.py", line 182, in generate
    text = tokenizer.apply_chat_template(
  File "/home/sumit/phronesis/mvp/.venv/lib/python3.10/site-packages/transformers/tokenization_utils_base.py", line 3086, in apply_chat_template
    rendered_chat, generation_indices = render_jinja_template(
  File "/home/sumit/phronesis/mvp/.venv/lib/python3.10/site-packages/transformers/utils/chat_template_utils.py", line 514, in render_jinja_template
    compiled_template = _compile_jinja_template(chat_template)
  File "/home/sumit/phronesis/mvp/.venv/lib/python3.10/site-packages/transformers/utils/chat_template_utils.py", line 421, in _compile_jinja_template
    return _cached_compile_jinja_template(chat_template)
  File "/home/sumit/phronesis/mvp/.venv/lib/python3.10/site-packages/transformers/utils/chat_template_utils.py", line 474, in _cached_compile_jinja_template
    raise ImportError(
ImportError: apply_chat_template requires jinja2>=3.1.0 to be installed. Your version is 3.0.3.

[2026-05-01 13:09:26]     [508/576] E4-taxi-social: generating (cap=8192)...
[2026-05-01 13:09:26]       ERROR: apply_chat_template requires jinja2>=3.1.0 to be installed. Your version is 3.0.3.
Traceback (most recent call last):
  File "/home/sumit/phronesis/mvp/run_openr1_sweep.py", line 403, in main
    r = generate(model, tokenizer, device, p["prompt"], cap)
  File "/home/sumit/phronesis/mvp/run_openr1_sweep.py", line 182, in generate
    text = tokenizer.apply_chat_template(
  File "/home/sumit/phronesis/mvp/.venv/lib/python3.10/site-packages/transformers/tokenization_utils_base.py", line 3086, in apply_chat_template
    rendered_chat, generation_indices = render_jinja_template(
  File "/home/sumit/phronesis/mvp/.venv/lib/python3.10/site-packages/transformers/utils/chat_template_utils.py", line 514, in render_jinja_template
    compiled_template = _compile_jinja_template(chat_template)
  File "/home/sumit/phronesis/mvp/.venv/lib/python3.10/site-packages/transformers/utils/chat_template_utils.py", line 421, in _compile_jinja_template
    return _cached_compile_jinja_template(chat_template)
  File "/home/sumit/phronesis/mvp/.venv/lib/python3.10/site-packages/transformers/utils/chat_template_utils.py", line 474, in _cached_compile_jinja_template
    raise ImportError(
ImportError: apply_chat_template requires jinja2>=3.1.0 to be installed. Your version is 3.0.3.

[2026-05-01 13:09:26]     [509/576] E5-ecological-fallacy: generating (cap=2048)...
[2026-05-01 13:09:26]       ERROR: apply_chat_template requires jinja2>=3.1.0 to be installed. Your version is 3.0.3.
Traceback (most recent call last):
  File "/home/sumit/phronesis/mvp/run_openr1_sweep.py", line 403, in main
    r = generate(model, tokenizer, device, p["prompt"], cap)
  File "/home/sumit/phronesis/mvp/run_openr1_sweep.py", line 182, in generate
    text = tokenizer.apply_chat_template(
  File "/home/sumit/phronesis/mvp/.venv/lib/python3.10/site-packages/transformers/tokenization_utils_base.py", line 3086, in apply_chat_template
    rendered_chat, generation_indices = render_jinja_template(
  File "/home/sumit/phronesis/mvp/.venv/lib/python3.10/site-packages/transformers/utils/chat_template_utils.py", line 514, in render_jinja_template
    compiled_template = _compile_jinja_template(chat_template)
  File "/home/sumit/phronesis/mvp/.venv/lib/python3.10/site-packages/transformers/utils/chat_template_utils.py", line 421, in _compile_jinja_template
    return _cached_compile_jinja_template(chat_template)
  File "/home/sumit/phronesis/mvp/.venv/lib/python3.10/site-packages/transformers/utils/chat_template_utils.py", line 474, in _cached_compile_jinja_template
    raise ImportError(
ImportError: apply_chat_template requires jinja2>=3.1.0 to be installed. Your version is 3.0.3.

[2026-05-01 13:09:26]     [510/576] N1-simpsons-paradox: generating (cap=4096)...
[2026-05-01 13:09:26]       ERROR: apply_chat_template requires jinja2>=3.1.0 to be installed. Your version is 3.0.3.
Traceback (most recent call last):
  File "/home/sumit/phronesis/mvp/run_openr1_sweep.py", line 403, in main
    r = generate(model, tokenizer, device, p["prompt"], cap)
  File "/home/sumit/phronesis/mvp/run_openr1_sweep.py", line 182, in generate
    text = tokenizer.apply_chat_template(
  File "/home/sumit/phronesis/mvp/.venv/lib/python3.10/site-packages/transformers/tokenization_utils_base.py", line 3086, in apply_chat_template
    rendered_chat, generation_indices = render_jinja_template(
  File "/home/sumit/phronesis/mvp/.venv/lib/python3.10/site-packages/transformers/utils/chat_template_utils.py", line 514, in render_jinja_template
    compiled_template = _compile_jinja_template(chat_template)
  File "/home/sumit/phronesis/mvp/.venv/lib/python3.10/site-packages/transformers/utils/chat_template_utils.py", line 421, in _compile_jinja_template
    return _cached_compile_jinja_template(chat_template)
  File "/home/sumit/phronesis/mvp/.venv/lib/python3.10/site-packages/transformers/utils/chat_template_utils.py", line 474, in _cached_compile_jinja_template
    raise ImportError(
ImportError: apply_chat_template requires jinja2>=3.1.0 to be installed. Your version is 3.0.3.

[2026-05-01 13:09:26]     [511/576] N2-conjunction-fallacy: generating (cap=2048)...
[2026-05-01 13:09:26]       ERROR: apply_chat_template requires jinja2>=3.1.0 to be installed. Your version is 3.0.3.
Traceback (most recent call last):
  File "/home/sumit/phronesis/mvp/run_openr1_sweep.py", line 403, in main
    r = generate(model, tokenizer, device, p["prompt"], cap)
  File "/home/sumit/phronesis/mvp/run_openr1_sweep.py", line 182, in generate
    text = tokenizer.apply_chat_template(
  File "/home/sumit/phronesis/mvp/.venv/lib/python3.10/site-packages/transformers/tokenization_utils_base.py", line 3086, in apply_chat_template
    rendered_chat, generation_indices = render_jinja_template(
  File "/home/sumit/phronesis/mvp/.venv/lib/python3.10/site-packages/transformers/utils/chat_template_utils.py", line 514, in render_jinja_template
    compiled_template = _compile_jinja_template(chat_template)
  File "/home/sumit/phronesis/mvp/.venv/lib/python3.10/site-packages/transformers/utils/chat_template_utils.py", line 421, in _compile_jinja_template
    return _cached_compile_jinja_template(chat_template)
  File "/home/sumit/phronesis/mvp/.venv/lib/python3.10/site-packages/transformers/utils/chat_template_utils.py", line 474, in _cached_compile_jinja_template
    raise ImportError(
ImportError: apply_chat_template requires jinja2>=3.1.0 to be installed. Your version is 3.0.3.

[2026-05-01 13:09:26]     [512/576] N3-survivorship-bias: generating (cap=2048)...
[2026-05-01 13:09:26]       ERROR: apply_chat_template requires jinja2>=3.1.0 to be installed. Your version is 3.0.3.
Traceback (most recent call last):
  File "/home/sumit/phronesis/mvp/run_openr1_sweep.py", line 403, in main
    r = generate(model, tokenizer, device, p["prompt"], cap)
  File "/home/sumit/phronesis/mvp/run_openr1_sweep.py", line 182, in generate
    text = tokenizer.apply_chat_template(
  File "/home/sumit/phronesis/mvp/.venv/lib/python3.10/site-packages/transformers/tokenization_utils_base.py", line 3086, in apply_chat_template
    rendered_chat, generation_indices = render_jinja_template(
  File "/home/sumit/phronesis/mvp/.venv/lib/python3.10/site-packages/transformers/utils/chat_template_utils.py", line 514, in render_jinja_template
    compiled_template = _compile_jinja_template(chat_template)
  File "/home/sumit/phronesis/mvp/.venv/lib/python3.10/site-packages/transformers/utils/chat_template_utils.py", line 421, in _compile_jinja_template
    return _cached_compile_jinja_template(chat_template)
  File "/home/sumit/phronesis/mvp/.venv/lib/python3.10/site-packages/transformers/utils/chat_template_utils.py", line 474, in _cached_compile_jinja_template
    raise ImportError(
ImportError: apply_chat_template requires jinja2>=3.1.0 to be installed. Your version is 3.0.3.

[2026-05-01 13:09:26]   ─ α=+2.00 (a+02.00) ─
[2026-05-01 13:09:26]     [513/576] E1-confabulation: generating (cap=2048)...
[2026-05-01 13:09:26]       ERROR: apply_chat_template requires jinja2>=3.1.0 to be installed. Your version is 3.0.3.
Traceback (most recent call last):
  File "/home/sumit/phronesis/mvp/run_openr1_sweep.py", line 403, in main
    r = generate(model, tokenizer, device, p["prompt"], cap)
  File "/home/sumit/phronesis/mvp/run_openr1_sweep.py", line 182, in generate
    text = tokenizer.apply_chat_template(
  File "/home/sumit/phronesis/mvp/.venv/lib/python3.10/site-packages/transformers/tokenization_utils_base.py", line 3086, in apply_chat_template
    rendered_chat, generation_indices = render_jinja_template(
  File "/home/sumit/phronesis/mvp/.venv/lib/python3.10/site-packages/transformers/utils/chat_template_utils.py", line 514, in render_jinja_template
    compiled_template = _compile_jinja_template(chat_template)
  File "/home/sumit/phronesis/mvp/.venv/lib/python3.10/site-packages/transformers/utils/chat_template_utils.py", line 421, in _compile_jinja_template
    return _cached_compile_jinja_template(chat_template)
  File "/home/sumit/phronesis/mvp/.venv/lib/python3.10/site-packages/transformers/utils/chat_template_utils.py", line 474, in _cached_compile_jinja_template
    raise ImportError(
ImportError: apply_chat_template requires jinja2>=3.1.0 to be installed. Your version is 3.0.3.

[2026-05-01 13:09:26]     [514/576] E2-contested-science: generating (cap=2048)...
[2026-05-01 13:09:26]       ERROR: apply_chat_template requires jinja2>=3.1.0 to be installed. Your version is 3.0.3.
Traceback (most recent call last):
  File "/home/sumit/phronesis/mvp/run_openr1_sweep.py", line 403, in main
    r = generate(model, tokenizer, device, p["prompt"], cap)
  File "/home/sumit/phronesis/mvp/run_openr1_sweep.py", line 182, in generate
    text = tokenizer.apply_chat_template(
  File "/home/sumit/phronesis/mvp/.venv/lib/python3.10/site-packages/transformers/tokenization_utils_base.py", line 3086, in apply_chat_template
    rendered_chat, generation_indices = render_jinja_template(
  File "/home/sumit/phronesis/mvp/.venv/lib/python3.10/site-packages/transformers/utils/chat_template_utils.py", line 514, in render_jinja_template
    compiled_template = _compile_jinja_template(chat_template)
  File "/home/sumit/phronesis/mvp/.venv/lib/python3.10/site-packages/transformers/utils/chat_template_utils.py", line 421, in _compile_jinja_template
    return _cached_compile_jinja_template(chat_template)
  File "/home/sumit/phronesis/mvp/.venv/lib/python3.10/site-packages/transformers/utils/chat_template_utils.py", line 474, in _cached_compile_jinja_template
    raise ImportError(
ImportError: apply_chat_template requires jinja2>=3.1.0 to be installed. Your version is 3.0.3.

[2026-05-01 13:09:26]     [515/576] E3-bayesian-update: generating (cap=8192)...
[2026-05-01 13:09:26]       ERROR: apply_chat_template requires jinja2>=3.1.0 to be installed. Your version is 3.0.3.
Traceback (most recent call last):
  File "/home/sumit/phronesis/mvp/run_openr1_sweep.py", line 403, in main
    r = generate(model, tokenizer, device, p["prompt"], cap)
  File "/home/sumit/phronesis/mvp/run_openr1_sweep.py", line 182, in generate
    text = tokenizer.apply_chat_template(
  File "/home/sumit/phronesis/mvp/.venv/lib/python3.10/site-packages/transformers/tokenization_utils_base.py", line 3086, in apply_chat_template
    rendered_chat, generation_indices = render_jinja_template(
  File "/home/sumit/phronesis/mvp/.venv/lib/python3.10/site-packages/transformers/utils/chat_template_utils.py", line 514, in render_jinja_template
    compiled_template = _compile_jinja_template(chat_template)
  File "/home/sumit/phronesis/mvp/.venv/lib/python3.10/site-packages/transformers/utils/chat_template_utils.py", line 421, in _compile_jinja_template
    return _cached_compile_jinja_template(chat_template)
  File "/home/sumit/phronesis/mvp/.venv/lib/python3.10/site-packages/transformers/utils/chat_template_utils.py", line 474, in _cached_compile_jinja_template
    raise ImportError(
ImportError: apply_chat_template requires jinja2>=3.1.0 to be installed. Your version is 3.0.3.

[2026-05-01 13:09:26]     [516/576] E4-taxi-social: generating (cap=8192)...
[2026-05-01 13:09:26]       ERROR: apply_chat_template requires jinja2>=3.1.0 to be installed. Your version is 3.0.3.
Traceback (most recent call last):
  File "/home/sumit/phronesis/mvp/run_openr1_sweep.py", line 403, in main
    r = generate(model, tokenizer, device, p["prompt"], cap)
  File "/home/sumit/phronesis/mvp/run_openr1_sweep.py", line 182, in generate
    text = tokenizer.apply_chat_template(
  File "/home/sumit/phronesis/mvp/.venv/lib/python3.10/site-packages/transformers/tokenization_utils_base.py", line 3086, in apply_chat_template
    rendered_chat, generation_indices = render_jinja_template(
  File "/home/sumit/phronesis/mvp/.venv/lib/python3.10/site-packages/transformers/utils/chat_template_utils.py", line 514, in render_jinja_template
    compiled_template = _compile_jinja_template(chat_template)
  File "/home/sumit/phronesis/mvp/.venv/lib/python3.10/site-packages/transformers/utils/chat_template_utils.py", line 421, in _compile_jinja_template
    return _cached_compile_jinja_template(chat_template)
  File "/home/sumit/phronesis/mvp/.venv/lib/python3.10/site-packages/transformers/utils/chat_template_utils.py", line 474, in _cached_compile_jinja_template
    raise ImportError(
ImportError: apply_chat_template requires jinja2>=3.1.0 to be installed. Your version is 3.0.3.

[2026-05-01 13:09:26]     [517/576] E5-ecological-fallacy: generating (cap=2048)...
[2026-05-01 13:09:26]       ERROR: apply_chat_template requires jinja2>=3.1.0 to be installed. Your version is 3.0.3.
Traceback (most recent call last):
  File "/home/sumit/phronesis/mvp/run_openr1_sweep.py", line 403, in main
    r = generate(model, tokenizer, device, p["prompt"], cap)
  File "/home/sumit/phronesis/mvp/run_openr1_sweep.py", line 182, in generate
    text = tokenizer.apply_chat_template(
  File "/home/sumit/phronesis/mvp/.venv/lib/python3.10/site-packages/transformers/tokenization_utils_base.py", line 3086, in apply_chat_template
    rendered_chat, generation_indices = render_jinja_template(
  File "/home/sumit/phronesis/mvp/.venv/lib/python3.10/site-packages/transformers/utils/chat_template_utils.py", line 514, in render_jinja_template
    compiled_template = _compile_jinja_template(chat_template)
  File "/home/sumit/phronesis/mvp/.venv/lib/python3.10/site-packages/transformers/utils/chat_template_utils.py", line 421, in _compile_jinja_template
    return _cached_compile_jinja_template(chat_template)
  File "/home/sumit/phronesis/mvp/.venv/lib/python3.10/site-packages/transformers/utils/chat_template_utils.py", line 474, in _cached_compile_jinja_template
    raise ImportError(
ImportError: apply_chat_template requires jinja2>=3.1.0 to be installed. Your version is 3.0.3.

[2026-05-01 13:09:26]     [518/576] N1-simpsons-paradox: generating (cap=4096)...
[2026-05-01 13:09:26]       ERROR: apply_chat_template requires jinja2>=3.1.0 to be installed. Your version is 3.0.3.
Traceback (most recent call last):
  File "/home/sumit/phronesis/mvp/run_openr1_sweep.py", line 403, in main
    r = generate(model, tokenizer, device, p["prompt"], cap)
  File "/home/sumit/phronesis/mvp/run_openr1_sweep.py", line 182, in generate
    text = tokenizer.apply_chat_template(
  File "/home/sumit/phronesis/mvp/.venv/lib/python3.10/site-packages/transformers/tokenization_utils_base.py", line 3086, in apply_chat_template
    rendered_chat, generation_indices = render_jinja_template(
  File "/home/sumit/phronesis/mvp/.venv/lib/python3.10/site-packages/transformers/utils/chat_template_utils.py", line 514, in render_jinja_template
    compiled_template = _compile_jinja_template(chat_template)
  File "/home/sumit/phronesis/mvp/.venv/lib/python3.10/site-packages/transformers/utils/chat_template_utils.py", line 421, in _compile_jinja_template
    return _cached_compile_jinja_template(chat_template)
  File "/home/sumit/phronesis/mvp/.venv/lib/python3.10/site-packages/transformers/utils/chat_template_utils.py", line 474, in _cached_compile_jinja_template
    raise ImportError(
ImportError: apply_chat_template requires jinja2>=3.1.0 to be installed. Your version is 3.0.3.

[2026-05-01 13:09:26]     [519/576] N2-conjunction-fallacy: generating (cap=2048)...
[2026-05-01 13:09:26]       ERROR: apply_chat_template requires jinja2>=3.1.0 to be installed. Your version is 3.0.3.
Traceback (most recent call last):
  File "/home/sumit/phronesis/mvp/run_openr1_sweep.py", line 403, in main
    r = generate(model, tokenizer, device, p["prompt"], cap)
  File "/home/sumit/phronesis/mvp/run_openr1_sweep.py", line 182, in generate
    text = tokenizer.apply_chat_template(
  File "/home/sumit/phronesis/mvp/.venv/lib/python3.10/site-packages/transformers/tokenization_utils_base.py", line 3086, in apply_chat_template
    rendered_chat, generation_indices = render_jinja_template(
  File "/home/sumit/phronesis/mvp/.venv/lib/python3.10/site-packages/transformers/utils/chat_template_utils.py", line 514, in render_jinja_template
    compiled_template = _compile_jinja_template(chat_template)
  File "/home/sumit/phronesis/mvp/.venv/lib/python3.10/site-packages/transformers/utils/chat_template_utils.py", line 421, in _compile_jinja_template
    return _cached_compile_jinja_template(chat_template)
  File "/home/sumit/phronesis/mvp/.venv/lib/python3.10/site-packages/transformers/utils/chat_template_utils.py", line 474, in _cached_compile_jinja_template
    raise ImportError(
ImportError: apply_chat_template requires jinja2>=3.1.0 to be installed. Your version is 3.0.3.

[2026-05-01 13:09:26]     [520/576] N3-survivorship-bias: generating (cap=2048)...
[2026-05-01 13:09:26]       ERROR: apply_chat_template requires jinja2>=3.1.0 to be installed. Your version is 3.0.3.
Traceback (most recent call last):
  File "/home/sumit/phronesis/mvp/run_openr1_sweep.py", line 403, in main
    r = generate(model, tokenizer, device, p["prompt"], cap)
  File "/home/sumit/phronesis/mvp/run_openr1_sweep.py", line 182, in generate
    text = tokenizer.apply_chat_template(
  File "/home/sumit/phronesis/mvp/.venv/lib/python3.10/site-packages/transformers/tokenization_utils_base.py", line 3086, in apply_chat_template
    rendered_chat, generation_indices = render_jinja_template(
  File "/home/sumit/phronesis/mvp/.venv/lib/python3.10/site-packages/transformers/utils/chat_template_utils.py", line 514, in render_jinja_template
    compiled_template = _compile_jinja_template(chat_template)
  File "/home/sumit/phronesis/mvp/.venv/lib/python3.10/site-packages/transformers/utils/chat_template_utils.py", line 421, in _compile_jinja_template
    return _cached_compile_jinja_template(chat_template)
  File "/home/sumit/phronesis/mvp/.venv/lib/python3.10/site-packages/transformers/utils/chat_template_utils.py", line 474, in _cached_compile_jinja_template
    raise ImportError(
ImportError: apply_chat_template requires jinja2>=3.1.0 to be installed. Your version is 3.0.3.

[2026-05-01 13:09:26]   ─ α=+4.00 (a+04.00) ─
[2026-05-01 13:09:26]     [521/576] E1-confabulation: generating (cap=2048)...
[2026-05-01 13:09:26]       ERROR: apply_chat_template requires jinja2>=3.1.0 to be installed. Your version is 3.0.3.
Traceback (most recent call last):
  File "/home/sumit/phronesis/mvp/run_openr1_sweep.py", line 403, in main
    r = generate(model, tokenizer, device, p["prompt"], cap)
  File "/home/sumit/phronesis/mvp/run_openr1_sweep.py", line 182, in generate
    text = tokenizer.apply_chat_template(
  File "/home/sumit/phronesis/mvp/.venv/lib/python3.10/site-packages/transformers/tokenization_utils_base.py", line 3086, in apply_chat_template
    rendered_chat, generation_indices = render_jinja_template(
  File "/home/sumit/phronesis/mvp/.venv/lib/python3.10/site-packages/transformers/utils/chat_template_utils.py", line 514, in render_jinja_template
    compiled_template = _compile_jinja_template(chat_template)
  File "/home/sumit/phronesis/mvp/.venv/lib/python3.10/site-packages/transformers/utils/chat_template_utils.py", line 421, in _compile_jinja_template
    return _cached_compile_jinja_template(chat_template)
  File "/home/sumit/phronesis/mvp/.venv/lib/python3.10/site-packages/transformers/utils/chat_template_utils.py", line 474, in _cached_compile_jinja_template
    raise ImportError(
ImportError: apply_chat_template requires jinja2>=3.1.0 to be installed. Your version is 3.0.3.

[2026-05-01 13:09:26]     [522/576] E2-contested-science: generating (cap=2048)...
[2026-05-01 13:09:26]       ERROR: apply_chat_template requires jinja2>=3.1.0 to be installed. Your version is 3.0.3.
Traceback (most recent call last):
  File "/home/sumit/phronesis/mvp/run_openr1_sweep.py", line 403, in main
    r = generate(model, tokenizer, device, p["prompt"], cap)
  File "/home/sumit/phronesis/mvp/run_openr1_sweep.py", line 182, in generate
    text = tokenizer.apply_chat_template(
  File "/home/sumit/phronesis/mvp/.venv/lib/python3.10/site-packages/transformers/tokenization_utils_base.py", line 3086, in apply_chat_template
    rendered_chat, generation_indices = render_jinja_template(
  File "/home/sumit/phronesis/mvp/.venv/lib/python3.10/site-packages/transformers/utils/chat_template_utils.py", line 514, in render_jinja_template
    compiled_template = _compile_jinja_template(chat_template)
  File "/home/sumit/phronesis/mvp/.venv/lib/python3.10/site-packages/transformers/utils/chat_template_utils.py", line 421, in _compile_jinja_template
    return _cached_compile_jinja_template(chat_template)
  File "/home/sumit/phronesis/mvp/.venv/lib/python3.10/site-packages/transformers/utils/chat_template_utils.py", line 474, in _cached_compile_jinja_template
    raise ImportError(
ImportError: apply_chat_template requires jinja2>=3.1.0 to be installed. Your version is 3.0.3.

[2026-05-01 13:09:26]     [523/576] E3-bayesian-update: generating (cap=8192)...
[2026-05-01 13:09:26]       ERROR: apply_chat_template requires jinja2>=3.1.0 to be installed. Your version is 3.0.3.
Traceback (most recent call last):
  File "/home/sumit/phronesis/mvp/run_openr1_sweep.py", line 403, in main
    r = generate(model, tokenizer, device, p["prompt"], cap)
  File "/home/sumit/phronesis/mvp/run_openr1_sweep.py", line 182, in generate
    text = tokenizer.apply_chat_template(
  File "/home/sumit/phronesis/mvp/.venv/lib/python3.10/site-packages/transformers/tokenization_utils_base.py", line 3086, in apply_chat_template
    rendered_chat, generation_indices = render_jinja_template(
  File "/home/sumit/phronesis/mvp/.venv/lib/python3.10/site-packages/transformers/utils/chat_template_utils.py", line 514, in render_jinja_template
    compiled_template = _compile_jinja_template(chat_template)
  File "/home/sumit/phronesis/mvp/.venv/lib/python3.10/site-packages/transformers/utils/chat_template_utils.py", line 421, in _compile_jinja_template
    return _cached_compile_jinja_template(chat_template)
  File "/home/sumit/phronesis/mvp/.venv/lib/python3.10/site-packages/transformers/utils/chat_template_utils.py", line 474, in _cached_compile_jinja_template
    raise ImportError(
ImportError: apply_chat_template requires jinja2>=3.1.0 to be installed. Your version is 3.0.3.

[2026-05-01 13:09:26]     [524/576] E4-taxi-social: generating (cap=8192)...
[2026-05-01 13:09:26]       ERROR: apply_chat_template requires jinja2>=3.1.0 to be installed. Your version is 3.0.3.
Traceback (most recent call last):
  File "/home/sumit/phronesis/mvp/run_openr1_sweep.py", line 403, in main
    r = generate(model, tokenizer, device, p["prompt"], cap)
  File "/home/sumit/phronesis/mvp/run_openr1_sweep.py", line 182, in generate
    text = tokenizer.apply_chat_template(
  File "/home/sumit/phronesis/mvp/.venv/lib/python3.10/site-packages/transformers/tokenization_utils_base.py", line 3086, in apply_chat_template
    rendered_chat, generation_indices = render_jinja_template(
  File "/home/sumit/phronesis/mvp/.venv/lib/python3.10/site-packages/transformers/utils/chat_template_utils.py", line 514, in render_jinja_template
    compiled_template = _compile_jinja_template(chat_template)
  File "/home/sumit/phronesis/mvp/.venv/lib/python3.10/site-packages/transformers/utils/chat_template_utils.py", line 421, in _compile_jinja_template
    return _cached_compile_jinja_template(chat_template)
  File "/home/sumit/phronesis/mvp/.venv/lib/python3.10/site-packages/transformers/utils/chat_template_utils.py", line 474, in _cached_compile_jinja_template
    raise ImportError(
ImportError: apply_chat_template requires jinja2>=3.1.0 to be installed. Your version is 3.0.3.

[2026-05-01 13:09:26]     [525/576] E5-ecological-fallacy: generating (cap=2048)...
[2026-05-01 13:09:26]       ERROR: apply_chat_template requires jinja2>=3.1.0 to be installed. Your version is 3.0.3.
Traceback (most recent call last):
  File "/home/sumit/phronesis/mvp/run_openr1_sweep.py", line 403, in main
    r = generate(model, tokenizer, device, p["prompt"], cap)
  File "/home/sumit/phronesis/mvp/run_openr1_sweep.py", line 182, in generate
    text = tokenizer.apply_chat_template(
  File "/home/sumit/phronesis/mvp/.venv/lib/python3.10/site-packages/transformers/tokenization_utils_base.py", line 3086, in apply_chat_template
    rendered_chat, generation_indices = render_jinja_template(
  File "/home/sumit/phronesis/mvp/.venv/lib/python3.10/site-packages/transformers/utils/chat_template_utils.py", line 514, in render_jinja_template
    compiled_template = _compile_jinja_template(chat_template)
  File "/home/sumit/phronesis/mvp/.venv/lib/python3.10/site-packages/transformers/utils/chat_template_utils.py", line 421, in _compile_jinja_template
    return _cached_compile_jinja_template(chat_template)
  File "/home/sumit/phronesis/mvp/.venv/lib/python3.10/site-packages/transformers/utils/chat_template_utils.py", line 474, in _cached_compile_jinja_template
    raise ImportError(
ImportError: apply_chat_template requires jinja2>=3.1.0 to be installed. Your version is 3.0.3.

[2026-05-01 13:09:26]     [526/576] N1-simpsons-paradox: generating (cap=4096)...
[2026-05-01 13:09:26]       ERROR: apply_chat_template requires jinja2>=3.1.0 to be installed. Your version is 3.0.3.
Traceback (most recent call last):
  File "/home/sumit/phronesis/mvp/run_openr1_sweep.py", line 403, in main
    r = generate(model, tokenizer, device, p["prompt"], cap)
  File "/home/sumit/phronesis/mvp/run_openr1_sweep.py", line 182, in generate
    text = tokenizer.apply_chat_template(
  File "/home/sumit/phronesis/mvp/.venv/lib/python3.10/site-packages/transformers/tokenization_utils_base.py", line 3086, in apply_chat_template
    rendered_chat, generation_indices = render_jinja_template(
  File "/home/sumit/phronesis/mvp/.venv/lib/python3.10/site-packages/transformers/utils/chat_template_utils.py", line 514, in render_jinja_template
    compiled_template = _compile_jinja_template(chat_template)
  File "/home/sumit/phronesis/mvp/.venv/lib/python3.10/site-packages/transformers/utils/chat_template_utils.py", line 421, in _compile_jinja_template
    return _cached_compile_jinja_template(chat_template)
  File "/home/sumit/phronesis/mvp/.venv/lib/python3.10/site-packages/transformers/utils/chat_template_utils.py", line 474, in _cached_compile_jinja_template
    raise ImportError(
ImportError: apply_chat_template requires jinja2>=3.1.0 to be installed. Your version is 3.0.3.

[2026-05-01 13:09:26]     [527/576] N2-conjunction-fallacy: generating (cap=2048)...
[2026-05-01 13:09:26]       ERROR: apply_chat_template requires jinja2>=3.1.0 to be installed. Your version is 3.0.3.
Traceback (most recent call last):
  File "/home/sumit/phronesis/mvp/run_openr1_sweep.py", line 403, in main
    r = generate(model, tokenizer, device, p["prompt"], cap)
  File "/home/sumit/phronesis/mvp/run_openr1_sweep.py", line 182, in generate
    text = tokenizer.apply_chat_template(
  File "/home/sumit/phronesis/mvp/.venv/lib/python3.10/site-packages/transformers/tokenization_utils_base.py", line 3086, in apply_chat_template
    rendered_chat, generation_indices = render_jinja_template(
  File "/home/sumit/phronesis/mvp/.venv/lib/python3.10/site-packages/transformers/utils/chat_template_utils.py", line 514, in render_jinja_template
    compiled_template = _compile_jinja_template(chat_template)
  File "/home/sumit/phronesis/mvp/.venv/lib/python3.10/site-packages/transformers/utils/chat_template_utils.py", line 421, in _compile_jinja_template
    return _cached_compile_jinja_template(chat_template)
  File "/home/sumit/phronesis/mvp/.venv/lib/python3.10/site-packages/transformers/utils/chat_template_utils.py", line 474, in _cached_compile_jinja_template
    raise ImportError(
ImportError: apply_chat_template requires jinja2>=3.1.0 to be installed. Your version is 3.0.3.

[2026-05-01 13:09:26]     [528/576] N3-survivorship-bias: generating (cap=2048)...
[2026-05-01 13:09:26]       ERROR: apply_chat_template requires jinja2>=3.1.0 to be installed. Your version is 3.0.3.
Traceback (most recent call last):
  File "/home/sumit/phronesis/mvp/run_openr1_sweep.py", line 403, in main
    r = generate(model, tokenizer, device, p["prompt"], cap)
  File "/home/sumit/phronesis/mvp/run_openr1_sweep.py", line 182, in generate
    text = tokenizer.apply_chat_template(
  File "/home/sumit/phronesis/mvp/.venv/lib/python3.10/site-packages/transformers/tokenization_utils_base.py", line 3086, in apply_chat_template
    rendered_chat, generation_indices = render_jinja_template(
  File "/home/sumit/phronesis/mvp/.venv/lib/python3.10/site-packages/transformers/utils/chat_template_utils.py", line 514, in render_jinja_template
    compiled_template = _compile_jinja_template(chat_template)
  File "/home/sumit/phronesis/mvp/.venv/lib/python3.10/site-packages/transformers/utils/chat_template_utils.py", line 421, in _compile_jinja_template
    return _cached_compile_jinja_template(chat_template)
  File "/home/sumit/phronesis/mvp/.venv/lib/python3.10/site-packages/transformers/utils/chat_template_utils.py", line 474, in _cached_compile_jinja_template
    raise ImportError(
ImportError: apply_chat_template requires jinja2>=3.1.0 to be installed. Your version is 3.0.3.

[2026-05-01 13:09:26]   ─ α=+6.00 (a+06.00) ─
[2026-05-01 13:09:26]     [529/576] E1-confabulation: generating (cap=2048)...
[2026-05-01 13:09:26]       ERROR: apply_chat_template requires jinja2>=3.1.0 to be installed. Your version is 3.0.3.
Traceback (most recent call last):
  File "/home/sumit/phronesis/mvp/run_openr1_sweep.py", line 403, in main
    r = generate(model, tokenizer, device, p["prompt"], cap)
  File "/home/sumit/phronesis/mvp/run_openr1_sweep.py", line 182, in generate
    text = tokenizer.apply_chat_template(
  File "/home/sumit/phronesis/mvp/.venv/lib/python3.10/site-packages/transformers/tokenization_utils_base.py", line 3086, in apply_chat_template
    rendered_chat, generation_indices = render_jinja_template(
  File "/home/sumit/phronesis/mvp/.venv/lib/python3.10/site-packages/transformers/utils/chat_template_utils.py", line 514, in render_jinja_template
    compiled_template = _compile_jinja_template(chat_template)
  File "/home/sumit/phronesis/mvp/.venv/lib/python3.10/site-packages/transformers/utils/chat_template_utils.py", line 421, in _compile_jinja_template
    return _cached_compile_jinja_template(chat_template)
  File "/home/sumit/phronesis/mvp/.venv/lib/python3.10/site-packages/transformers/utils/chat_template_utils.py", line 474, in _cached_compile_jinja_template
    raise ImportError(
ImportError: apply_chat_template requires jinja2>=3.1.0 to be installed. Your version is 3.0.3.

[2026-05-01 13:09:26]     [530/576] E2-contested-science: generating (cap=2048)...
[2026-05-01 13:09:26]       ERROR: apply_chat_template requires jinja2>=3.1.0 to be installed. Your version is 3.0.3.
Traceback (most recent call last):
  File "/home/sumit/phronesis/mvp/run_openr1_sweep.py", line 403, in main
    r = generate(model, tokenizer, device, p["prompt"], cap)
  File "/home/sumit/phronesis/mvp/run_openr1_sweep.py", line 182, in generate
    text = tokenizer.apply_chat_template(
  File "/home/sumit/phronesis/mvp/.venv/lib/python3.10/site-packages/transformers/tokenization_utils_base.py", line 3086, in apply_chat_template
    rendered_chat, generation_indices = render_jinja_template(
  File "/home/sumit/phronesis/mvp/.venv/lib/python3.10/site-packages/transformers/utils/chat_template_utils.py", line 514, in render_jinja_template
    compiled_template = _compile_jinja_template(chat_template)
  File "/home/sumit/phronesis/mvp/.venv/lib/python3.10/site-packages/transformers/utils/chat_template_utils.py", line 421, in _compile_jinja_template
    return _cached_compile_jinja_template(chat_template)
  File "/home/sumit/phronesis/mvp/.venv/lib/python3.10/site-packages/transformers/utils/chat_template_utils.py", line 474, in _cached_compile_jinja_template
    raise ImportError(
ImportError: apply_chat_template requires jinja2>=3.1.0 to be installed. Your version is 3.0.3.

[2026-05-01 13:09:26]     [531/576] E3-bayesian-update: generating (cap=8192)...
[2026-05-01 13:09:26]       ERROR: apply_chat_template requires jinja2>=3.1.0 to be installed. Your version is 3.0.3.
Traceback (most recent call last):
  File "/home/sumit/phronesis/mvp/run_openr1_sweep.py", line 403, in main
    r = generate(model, tokenizer, device, p["prompt"], cap)
  File "/home/sumit/phronesis/mvp/run_openr1_sweep.py", line 182, in generate
    text = tokenizer.apply_chat_template(
  File "/home/sumit/phronesis/mvp/.venv/lib/python3.10/site-packages/transformers/tokenization_utils_base.py", line 3086, in apply_chat_template
    rendered_chat, generation_indices = render_jinja_template(
  File "/home/sumit/phronesis/mvp/.venv/lib/python3.10/site-packages/transformers/utils/chat_template_utils.py", line 514, in render_jinja_template
    compiled_template = _compile_jinja_template(chat_template)
  File "/home/sumit/phronesis/mvp/.venv/lib/python3.10/site-packages/transformers/utils/chat_template_utils.py", line 421, in _compile_jinja_template
    return _cached_compile_jinja_template(chat_template)
  File "/home/sumit/phronesis/mvp/.venv/lib/python3.10/site-packages/transformers/utils/chat_template_utils.py", line 474, in _cached_compile_jinja_template
    raise ImportError(
ImportError: apply_chat_template requires jinja2>=3.1.0 to be installed. Your version is 3.0.3.

[2026-05-01 13:09:26]     [532/576] E4-taxi-social: generating (cap=8192)...
[2026-05-01 13:09:26]       ERROR: apply_chat_template requires jinja2>=3.1.0 to be installed. Your version is 3.0.3.
Traceback (most recent call last):
  File "/home/sumit/phronesis/mvp/run_openr1_sweep.py", line 403, in main
    r = generate(model, tokenizer, device, p["prompt"], cap)
  File "/home/sumit/phronesis/mvp/run_openr1_sweep.py", line 182, in generate
    text = tokenizer.apply_chat_template(
  File "/home/sumit/phronesis/mvp/.venv/lib/python3.10/site-packages/transformers/tokenization_utils_base.py", line 3086, in apply_chat_template
    rendered_chat, generation_indices = render_jinja_template(
  File "/home/sumit/phronesis/mvp/.venv/lib/python3.10/site-packages/transformers/utils/chat_template_utils.py", line 514, in render_jinja_template
    compiled_template = _compile_jinja_template(chat_template)
  File "/home/sumit/phronesis/mvp/.venv/lib/python3.10/site-packages/transformers/utils/chat_template_utils.py", line 421, in _compile_jinja_template
    return _cached_compile_jinja_template(chat_template)
  File "/home/sumit/phronesis/mvp/.venv/lib/python3.10/site-packages/transformers/utils/chat_template_utils.py", line 474, in _cached_compile_jinja_template
    raise ImportError(
ImportError: apply_chat_template requires jinja2>=3.1.0 to be installed. Your version is 3.0.3.

[2026-05-01 13:09:26]     [533/576] E5-ecological-fallacy: generating (cap=2048)...
[2026-05-01 13:09:26]       ERROR: apply_chat_template requires jinja2>=3.1.0 to be installed. Your version is 3.0.3.
Traceback (most recent call last):
  File "/home/sumit/phronesis/mvp/run_openr1_sweep.py", line 403, in main
    r = generate(model, tokenizer, device, p["prompt"], cap)
  File "/home/sumit/phronesis/mvp/run_openr1_sweep.py", line 182, in generate
    text = tokenizer.apply_chat_template(
  File "/home/sumit/phronesis/mvp/.venv/lib/python3.10/site-packages/transformers/tokenization_utils_base.py", line 3086, in apply_chat_template
    rendered_chat, generation_indices = render_jinja_template(
  File "/home/sumit/phronesis/mvp/.venv/lib/python3.10/site-packages/transformers/utils/chat_template_utils.py", line 514, in render_jinja_template
    compiled_template = _compile_jinja_template(chat_template)
  File "/home/sumit/phronesis/mvp/.venv/lib/python3.10/site-packages/transformers/utils/chat_template_utils.py", line 421, in _compile_jinja_template
    return _cached_compile_jinja_template(chat_template)
  File "/home/sumit/phronesis/mvp/.venv/lib/python3.10/site-packages/transformers/utils/chat_template_utils.py", line 474, in _cached_compile_jinja_template
    raise ImportError(
ImportError: apply_chat_template requires jinja2>=3.1.0 to be installed. Your version is 3.0.3.

[2026-05-01 13:09:26]     [534/576] N1-simpsons-paradox: generating (cap=4096)...
[2026-05-01 13:09:26]       ERROR: apply_chat_template requires jinja2>=3.1.0 to be installed. Your version is 3.0.3.
Traceback (most recent call last):
  File "/home/sumit/phronesis/mvp/run_openr1_sweep.py", line 403, in main
    r = generate(model, tokenizer, device, p["prompt"], cap)
  File "/home/sumit/phronesis/mvp/run_openr1_sweep.py", line 182, in generate
    text = tokenizer.apply_chat_template(
  File "/home/sumit/phronesis/mvp/.venv/lib/python3.10/site-packages/transformers/tokenization_utils_base.py", line 3086, in apply_chat_template
    rendered_chat, generation_indices = render_jinja_template(
  File "/home/sumit/phronesis/mvp/.venv/lib/python3.10/site-packages/transformers/utils/chat_template_utils.py", line 514, in render_jinja_template
    compiled_template = _compile_jinja_template(chat_template)
  File "/home/sumit/phronesis/mvp/.venv/lib/python3.10/site-packages/transformers/utils/chat_template_utils.py", line 421, in _compile_jinja_template
    return _cached_compile_jinja_template(chat_template)
  File "/home/sumit/phronesis/mvp/.venv/lib/python3.10/site-packages/transformers/utils/chat_template_utils.py", line 474, in _cached_compile_jinja_template
    raise ImportError(
ImportError: apply_chat_template requires jinja2>=3.1.0 to be installed. Your version is 3.0.3.

[2026-05-01 13:09:26]     [535/576] N2-conjunction-fallacy: generating (cap=2048)...
[2026-05-01 13:09:26]       ERROR: apply_chat_template requires jinja2>=3.1.0 to be installed. Your version is 3.0.3.
Traceback (most recent call last):
  File "/home/sumit/phronesis/mvp/run_openr1_sweep.py", line 403, in main
    r = generate(model, tokenizer, device, p["prompt"], cap)
  File "/home/sumit/phronesis/mvp/run_openr1_sweep.py", line 182, in generate
    text = tokenizer.apply_chat_template(
  File "/home/sumit/phronesis/mvp/.venv/lib/python3.10/site-packages/transformers/tokenization_utils_base.py", line 3086, in apply_chat_template
    rendered_chat, generation_indices = render_jinja_template(
  File "/home/sumit/phronesis/mvp/.venv/lib/python3.10/site-packages/transformers/utils/chat_template_utils.py", line 514, in render_jinja_template
    compiled_template = _compile_jinja_template(chat_template)
  File "/home/sumit/phronesis/mvp/.venv/lib/python3.10/site-packages/transformers/utils/chat_template_utils.py", line 421, in _compile_jinja_template
    return _cached_compile_jinja_template(chat_template)
  File "/home/sumit/phronesis/mvp/.venv/lib/python3.10/site-packages/transformers/utils/chat_template_utils.py", line 474, in _cached_compile_jinja_template
    raise ImportError(
ImportError: apply_chat_template requires jinja2>=3.1.0 to be installed. Your version is 3.0.3.

[2026-05-01 13:09:26]     [536/576] N3-survivorship-bias: generating (cap=2048)...
[2026-05-01 13:09:26]       ERROR: apply_chat_template requires jinja2>=3.1.0 to be installed. Your version is 3.0.3.
Traceback (most recent call last):
  File "/home/sumit/phronesis/mvp/run_openr1_sweep.py", line 403, in main
    r = generate(model, tokenizer, device, p["prompt"], cap)
  File "/home/sumit/phronesis/mvp/run_openr1_sweep.py", line 182, in generate
    text = tokenizer.apply_chat_template(
  File "/home/sumit/phronesis/mvp/.venv/lib/python3.10/site-packages/transformers/tokenization_utils_base.py", line 3086, in apply_chat_template
    rendered_chat, generation_indices = render_jinja_template(
  File "/home/sumit/phronesis/mvp/.venv/lib/python3.10/site-packages/transformers/utils/chat_template_utils.py", line 514, in render_jinja_template
    compiled_template = _compile_jinja_template(chat_template)
  File "/home/sumit/phronesis/mvp/.venv/lib/python3.10/site-packages/transformers/utils/chat_template_utils.py", line 421, in _compile_jinja_template
    return _cached_compile_jinja_template(chat_template)
  File "/home/sumit/phronesis/mvp/.venv/lib/python3.10/site-packages/transformers/utils/chat_template_utils.py", line 474, in _cached_compile_jinja_template
    raise ImportError(
ImportError: apply_chat_template requires jinja2>=3.1.0 to be installed. Your version is 3.0.3.

[2026-05-01 13:09:26]   ─ α=+8.00 (a+08.00) ─
[2026-05-01 13:09:26]     [537/576] E1-confabulation: generating (cap=2048)...
[2026-05-01 13:09:26]       ERROR: apply_chat_template requires jinja2>=3.1.0 to be installed. Your version is 3.0.3.
Traceback (most recent call last):
  File "/home/sumit/phronesis/mvp/run_openr1_sweep.py", line 403, in main
    r = generate(model, tokenizer, device, p["prompt"], cap)
  File "/home/sumit/phronesis/mvp/run_openr1_sweep.py", line 182, in generate
    text = tokenizer.apply_chat_template(
  File "/home/sumit/phronesis/mvp/.venv/lib/python3.10/site-packages/transformers/tokenization_utils_base.py", line 3086, in apply_chat_template
    rendered_chat, generation_indices = render_jinja_template(
  File "/home/sumit/phronesis/mvp/.venv/lib/python3.10/site-packages/transformers/utils/chat_template_utils.py", line 514, in render_jinja_template
    compiled_template = _compile_jinja_template(chat_template)
  File "/home/sumit/phronesis/mvp/.venv/lib/python3.10/site-packages/transformers/utils/chat_template_utils.py", line 421, in _compile_jinja_template
    return _cached_compile_jinja_template(chat_template)
  File "/home/sumit/phronesis/mvp/.venv/lib/python3.10/site-packages/transformers/utils/chat_template_utils.py", line 474, in _cached_compile_jinja_template
    raise ImportError(
ImportError: apply_chat_template requires jinja2>=3.1.0 to be installed. Your version is 3.0.3.

[2026-05-01 13:09:26]     [538/576] E2-contested-science: generating (cap=2048)...
[2026-05-01 13:09:26]       ERROR: apply_chat_template requires jinja2>=3.1.0 to be installed. Your version is 3.0.3.
Traceback (most recent call last):
  File "/home/sumit/phronesis/mvp/run_openr1_sweep.py", line 403, in main
    r = generate(model, tokenizer, device, p["prompt"], cap)
  File "/home/sumit/phronesis/mvp/run_openr1_sweep.py", line 182, in generate
    text = tokenizer.apply_chat_template(
  File "/home/sumit/phronesis/mvp/.venv/lib/python3.10/site-packages/transformers/tokenization_utils_base.py", line 3086, in apply_chat_template
    rendered_chat, generation_indices = render_jinja_template(
  File "/home/sumit/phronesis/mvp/.venv/lib/python3.10/site-packages/transformers/utils/chat_template_utils.py", line 514, in render_jinja_template
    compiled_template = _compile_jinja_template(chat_template)
  File "/home/sumit/phronesis/mvp/.venv/lib/python3.10/site-packages/transformers/utils/chat_template_utils.py", line 421, in _compile_jinja_template
    return _cached_compile_jinja_template(chat_template)
  File "/home/sumit/phronesis/mvp/.venv/lib/python3.10/site-packages/transformers/utils/chat_template_utils.py", line 474, in _cached_compile_jinja_template
    raise ImportError(
ImportError: apply_chat_template requires jinja2>=3.1.0 to be installed. Your version is 3.0.3.

[2026-05-01 13:09:26]     [539/576] E3-bayesian-update: generating (cap=8192)...
[2026-05-01 13:09:26]       ERROR: apply_chat_template requires jinja2>=3.1.0 to be installed. Your version is 3.0.3.
Traceback (most recent call last):
  File "/home/sumit/phronesis/mvp/run_openr1_sweep.py", line 403, in main
    r = generate(model, tokenizer, device, p["prompt"], cap)
  File "/home/sumit/phronesis/mvp/run_openr1_sweep.py", line 182, in generate
    text = tokenizer.apply_chat_template(
  File "/home/sumit/phronesis/mvp/.venv/lib/python3.10/site-packages/transformers/tokenization_utils_base.py", line 3086, in apply_chat_template
    rendered_chat, generation_indices = render_jinja_template(
  File "/home/sumit/phronesis/mvp/.venv/lib/python3.10/site-packages/transformers/utils/chat_template_utils.py", line 514, in render_jinja_template
    compiled_template = _compile_jinja_template(chat_template)
  File "/home/sumit/phronesis/mvp/.venv/lib/python3.10/site-packages/transformers/utils/chat_template_utils.py", line 421, in _compile_jinja_template
    return _cached_compile_jinja_template(chat_template)
  File "/home/sumit/phronesis/mvp/.venv/lib/python3.10/site-packages/transformers/utils/chat_template_utils.py", line 474, in _cached_compile_jinja_template
    raise ImportError(
ImportError: apply_chat_template requires jinja2>=3.1.0 to be installed. Your version is 3.0.3.

[2026-05-01 13:09:26]     [540/576] E4-taxi-social: generating (cap=8192)...
[2026-05-01 13:09:26]       ERROR: apply_chat_template requires jinja2>=3.1.0 to be installed. Your version is 3.0.3.
Traceback (most recent call last):
  File "/home/sumit/phronesis/mvp/run_openr1_sweep.py", line 403, in main
    r = generate(model, tokenizer, device, p["prompt"], cap)
  File "/home/sumit/phronesis/mvp/run_openr1_sweep.py", line 182, in generate
    text = tokenizer.apply_chat_template(
  File "/home/sumit/phronesis/mvp/.venv/lib/python3.10/site-packages/transformers/tokenization_utils_base.py", line 3086, in apply_chat_template
    rendered_chat, generation_indices = render_jinja_template(
  File "/home/sumit/phronesis/mvp/.venv/lib/python3.10/site-packages/transformers/utils/chat_template_utils.py", line 514, in render_jinja_template
    compiled_template = _compile_jinja_template(chat_template)
  File "/home/sumit/phronesis/mvp/.venv/lib/python3.10/site-packages/transformers/utils/chat_template_utils.py", line 421, in _compile_jinja_template
    return _cached_compile_jinja_template(chat_template)
  File "/home/sumit/phronesis/mvp/.venv/lib/python3.10/site-packages/transformers/utils/chat_template_utils.py", line 474, in _cached_compile_jinja_template
    raise ImportError(
ImportError: apply_chat_template requires jinja2>=3.1.0 to be installed. Your version is 3.0.3.

[2026-05-01 13:09:26]     [541/576] E5-ecological-fallacy: generating (cap=2048)...
[2026-05-01 13:09:26]       ERROR: apply_chat_template requires jinja2>=3.1.0 to be installed. Your version is 3.0.3.
Traceback (most recent call last):
  File "/home/sumit/phronesis/mvp/run_openr1_sweep.py", line 403, in main
    r = generate(model, tokenizer, device, p["prompt"], cap)
  File "/home/sumit/phronesis/mvp/run_openr1_sweep.py", line 182, in generate
    text = tokenizer.apply_chat_template(
  File "/home/sumit/phronesis/mvp/.venv/lib/python3.10/site-packages/transformers/tokenization_utils_base.py", line 3086, in apply_chat_template
    rendered_chat, generation_indices = render_jinja_template(
  File "/home/sumit/phronesis/mvp/.venv/lib/python3.10/site-packages/transformers/utils/chat_template_utils.py", line 514, in render_jinja_template
    compiled_template = _compile_jinja_template(chat_template)
  File "/home/sumit/phronesis/mvp/.venv/lib/python3.10/site-packages/transformers/utils/chat_template_utils.py", line 421, in _compile_jinja_template
    return _cached_compile_jinja_template(chat_template)
  File "/home/sumit/phronesis/mvp/.venv/lib/python3.10/site-packages/transformers/utils/chat_template_utils.py", line 474, in _cached_compile_jinja_template
    raise ImportError(
ImportError: apply_chat_template requires jinja2>=3.1.0 to be installed. Your version is 3.0.3.

[2026-05-01 13:09:26]     [542/576] N1-simpsons-paradox: generating (cap=4096)...
[2026-05-01 13:09:26]       ERROR: apply_chat_template requires jinja2>=3.1.0 to be installed. Your version is 3.0.3.
Traceback (most recent call last):
  File "/home/sumit/phronesis/mvp/run_openr1_sweep.py", line 403, in main
    r = generate(model, tokenizer, device, p["prompt"], cap)
  File "/home/sumit/phronesis/mvp/run_openr1_sweep.py", line 182, in generate
    text = tokenizer.apply_chat_template(
  File "/home/sumit/phronesis/mvp/.venv/lib/python3.10/site-packages/transformers/tokenization_utils_base.py", line 3086, in apply_chat_template
    rendered_chat, generation_indices = render_jinja_template(
  File "/home/sumit/phronesis/mvp/.venv/lib/python3.10/site-packages/transformers/utils/chat_template_utils.py", line 514, in render_jinja_template
    compiled_template = _compile_jinja_template(chat_template)
  File "/home/sumit/phronesis/mvp/.venv/lib/python3.10/site-packages/transformers/utils/chat_template_utils.py", line 421, in _compile_jinja_template
    return _cached_compile_jinja_template(chat_template)
  File "/home/sumit/phronesis/mvp/.venv/lib/python3.10/site-packages/transformers/utils/chat_template_utils.py", line 474, in _cached_compile_jinja_template
    raise ImportError(
ImportError: apply_chat_template requires jinja2>=3.1.0 to be installed. Your version is 3.0.3.

[2026-05-01 13:09:26]     [543/576] N2-conjunction-fallacy: generating (cap=2048)...
[2026-05-01 13:09:26]       ERROR: apply_chat_template requires jinja2>=3.1.0 to be installed. Your version is 3.0.3.
Traceback (most recent call last):
  File "/home/sumit/phronesis/mvp/run_openr1_sweep.py", line 403, in main
    r = generate(model, tokenizer, device, p["prompt"], cap)
  File "/home/sumit/phronesis/mvp/run_openr1_sweep.py", line 182, in generate
    text = tokenizer.apply_chat_template(
  File "/home/sumit/phronesis/mvp/.venv/lib/python3.10/site-packages/transformers/tokenization_utils_base.py", line 3086, in apply_chat_template
    rendered_chat, generation_indices = render_jinja_template(
  File "/home/sumit/phronesis/mvp/.venv/lib/python3.10/site-packages/transformers/utils/chat_template_utils.py", line 514, in render_jinja_template
    compiled_template = _compile_jinja_template(chat_template)
  File "/home/sumit/phronesis/mvp/.venv/lib/python3.10/site-packages/transformers/utils/chat_template_utils.py", line 421, in _compile_jinja_template
    return _cached_compile_jinja_template(chat_template)
  File "/home/sumit/phronesis/mvp/.venv/lib/python3.10/site-packages/transformers/utils/chat_template_utils.py", line 474, in _cached_compile_jinja_template
    raise ImportError(
ImportError: apply_chat_template requires jinja2>=3.1.0 to be installed. Your version is 3.0.3.

[2026-05-01 13:09:26]     [544/576] N3-survivorship-bias: generating (cap=2048)...
[2026-05-01 13:09:26]       ERROR: apply_chat_template requires jinja2>=3.1.0 to be installed. Your version is 3.0.3.
Traceback (most recent call last):
  File "/home/sumit/phronesis/mvp/run_openr1_sweep.py", line 403, in main
    r = generate(model, tokenizer, device, p["prompt"], cap)
  File "/home/sumit/phronesis/mvp/run_openr1_sweep.py", line 182, in generate
    text = tokenizer.apply_chat_template(
  File "/home/sumit/phronesis/mvp/.venv/lib/python3.10/site-packages/transformers/tokenization_utils_base.py", line 3086, in apply_chat_template
    rendered_chat, generation_indices = render_jinja_template(
  File "/home/sumit/phronesis/mvp/.venv/lib/python3.10/site-packages/transformers/utils/chat_template_utils.py", line 514, in render_jinja_template
    compiled_template = _compile_jinja_template(chat_template)
  File "/home/sumit/phronesis/mvp/.venv/lib/python3.10/site-packages/transformers/utils/chat_template_utils.py", line 421, in _compile_jinja_template
    return _cached_compile_jinja_template(chat_template)
  File "/home/sumit/phronesis/mvp/.venv/lib/python3.10/site-packages/transformers/utils/chat_template_utils.py", line 474, in _cached_compile_jinja_template
    raise ImportError(
ImportError: apply_chat_template requires jinja2>=3.1.0 to be installed. Your version is 3.0.3.

[2026-05-01 13:09:26]   ─ α=+10.00 (a+10.00) ─
[2026-05-01 13:09:26]     [545/576] E1-confabulation: generating (cap=2048)...
[2026-05-01 13:09:26]       ERROR: apply_chat_template requires jinja2>=3.1.0 to be installed. Your version is 3.0.3.
Traceback (most recent call last):
  File "/home/sumit/phronesis/mvp/run_openr1_sweep.py", line 403, in main
    r = generate(model, tokenizer, device, p["prompt"], cap)
  File "/home/sumit/phronesis/mvp/run_openr1_sweep.py", line 182, in generate
    text = tokenizer.apply_chat_template(
  File "/home/sumit/phronesis/mvp/.venv/lib/python3.10/site-packages/transformers/tokenization_utils_base.py", line 3086, in apply_chat_template
    rendered_chat, generation_indices = render_jinja_template(
  File "/home/sumit/phronesis/mvp/.venv/lib/python3.10/site-packages/transformers/utils/chat_template_utils.py", line 514, in render_jinja_template
    compiled_template = _compile_jinja_template(chat_template)
  File "/home/sumit/phronesis/mvp/.venv/lib/python3.10/site-packages/transformers/utils/chat_template_utils.py", line 421, in _compile_jinja_template
    return _cached_compile_jinja_template(chat_template)
  File "/home/sumit/phronesis/mvp/.venv/lib/python3.10/site-packages/transformers/utils/chat_template_utils.py", line 474, in _cached_compile_jinja_template
    raise ImportError(
ImportError: apply_chat_template requires jinja2>=3.1.0 to be installed. Your version is 3.0.3.

[2026-05-01 13:09:26]     [546/576] E2-contested-science: generating (cap=2048)...
[2026-05-01 13:09:26]       ERROR: apply_chat_template requires jinja2>=3.1.0 to be installed. Your version is 3.0.3.
Traceback (most recent call last):
  File "/home/sumit/phronesis/mvp/run_openr1_sweep.py", line 403, in main
    r = generate(model, tokenizer, device, p["prompt"], cap)
  File "/home/sumit/phronesis/mvp/run_openr1_sweep.py", line 182, in generate
    text = tokenizer.apply_chat_template(
  File "/home/sumit/phronesis/mvp/.venv/lib/python3.10/site-packages/transformers/tokenization_utils_base.py", line 3086, in apply_chat_template
    rendered_chat, generation_indices = render_jinja_template(
  File "/home/sumit/phronesis/mvp/.venv/lib/python3.10/site-packages/transformers/utils/chat_template_utils.py", line 514, in render_jinja_template
    compiled_template = _compile_jinja_template(chat_template)
  File "/home/sumit/phronesis/mvp/.venv/lib/python3.10/site-packages/transformers/utils/chat_template_utils.py", line 421, in _compile_jinja_template
    return _cached_compile_jinja_template(chat_template)
  File "/home/sumit/phronesis/mvp/.venv/lib/python3.10/site-packages/transformers/utils/chat_template_utils.py", line 474, in _cached_compile_jinja_template
    raise ImportError(
ImportError: apply_chat_template requires jinja2>=3.1.0 to be installed. Your version is 3.0.3.

[2026-05-01 13:09:26]     [547/576] E3-bayesian-update: generating (cap=8192)...
[2026-05-01 13:09:26]       ERROR: apply_chat_template requires jinja2>=3.1.0 to be installed. Your version is 3.0.3.
Traceback (most recent call last):
  File "/home/sumit/phronesis/mvp/run_openr1_sweep.py", line 403, in main
    r = generate(model, tokenizer, device, p["prompt"], cap)
  File "/home/sumit/phronesis/mvp/run_openr1_sweep.py", line 182, in generate
    text = tokenizer.apply_chat_template(
  File "/home/sumit/phronesis/mvp/.venv/lib/python3.10/site-packages/transformers/tokenization_utils_base.py", line 3086, in apply_chat_template
    rendered_chat, generation_indices = render_jinja_template(
  File "/home/sumit/phronesis/mvp/.venv/lib/python3.10/site-packages/transformers/utils/chat_template_utils.py", line 514, in render_jinja_template
    compiled_template = _compile_jinja_template(chat_template)
  File "/home/sumit/phronesis/mvp/.venv/lib/python3.10/site-packages/transformers/utils/chat_template_utils.py", line 421, in _compile_jinja_template
    return _cached_compile_jinja_template(chat_template)
  File "/home/sumit/phronesis/mvp/.venv/lib/python3.10/site-packages/transformers/utils/chat_template_utils.py", line 474, in _cached_compile_jinja_template
    raise ImportError(
ImportError: apply_chat_template requires jinja2>=3.1.0 to be installed. Your version is 3.0.3.

[2026-05-01 13:09:26]     [548/576] E4-taxi-social: generating (cap=8192)...
[2026-05-01 13:09:26]       ERROR: apply_chat_template requires jinja2>=3.1.0 to be installed. Your version is 3.0.3.
Traceback (most recent call last):
  File "/home/sumit/phronesis/mvp/run_openr1_sweep.py", line 403, in main
    r = generate(model, tokenizer, device, p["prompt"], cap)
  File "/home/sumit/phronesis/mvp/run_openr1_sweep.py", line 182, in generate
    text = tokenizer.apply_chat_template(
  File "/home/sumit/phronesis/mvp/.venv/lib/python3.10/site-packages/transformers/tokenization_utils_base.py", line 3086, in apply_chat_template
    rendered_chat, generation_indices = render_jinja_template(
  File "/home/sumit/phronesis/mvp/.venv/lib/python3.10/site-packages/transformers/utils/chat_template_utils.py", line 514, in render_jinja_template
    compiled_template = _compile_jinja_template(chat_template)
  File "/home/sumit/phronesis/mvp/.venv/lib/python3.10/site-packages/transformers/utils/chat_template_utils.py", line 421, in _compile_jinja_template
    return _cached_compile_jinja_template(chat_template)
  File "/home/sumit/phronesis/mvp/.venv/lib/python3.10/site-packages/transformers/utils/chat_template_utils.py", line 474, in _cached_compile_jinja_template
    raise ImportError(
ImportError: apply_chat_template requires jinja2>=3.1.0 to be installed. Your version is 3.0.3.

[2026-05-01 13:09:26]     [549/576] E5-ecological-fallacy: generating (cap=2048)...
[2026-05-01 13:09:26]       ERROR: apply_chat_template requires jinja2>=3.1.0 to be installed. Your version is 3.0.3.
Traceback (most recent call last):
  File "/home/sumit/phronesis/mvp/run_openr1_sweep.py", line 403, in main
    r = generate(model, tokenizer, device, p["prompt"], cap)
  File "/home/sumit/phronesis/mvp/run_openr1_sweep.py", line 182, in generate
    text = tokenizer.apply_chat_template(
  File "/home/sumit/phronesis/mvp/.venv/lib/python3.10/site-packages/transformers/tokenization_utils_base.py", line 3086, in apply_chat_template
    rendered_chat, generation_indices = render_jinja_template(
  File "/home/sumit/phronesis/mvp/.venv/lib/python3.10/site-packages/transformers/utils/chat_template_utils.py", line 514, in render_jinja_template
    compiled_template = _compile_jinja_template(chat_template)
  File "/home/sumit/phronesis/mvp/.venv/lib/python3.10/site-packages/transformers/utils/chat_template_utils.py", line 421, in _compile_jinja_template
    return _cached_compile_jinja_template(chat_template)
  File "/home/sumit/phronesis/mvp/.venv/lib/python3.10/site-packages/transformers/utils/chat_template_utils.py", line 474, in _cached_compile_jinja_template
    raise ImportError(
ImportError: apply_chat_template requires jinja2>=3.1.0 to be installed. Your version is 3.0.3.

[2026-05-01 13:09:26]     [550/576] N1-simpsons-paradox: generating (cap=4096)...
[2026-05-01 13:09:26]       ERROR: apply_chat_template requires jinja2>=3.1.0 to be installed. Your version is 3.0.3.
Traceback (most recent call last):
  File "/home/sumit/phronesis/mvp/run_openr1_sweep.py", line 403, in main
    r = generate(model, tokenizer, device, p["prompt"], cap)
  File "/home/sumit/phronesis/mvp/run_openr1_sweep.py", line 182, in generate
    text = tokenizer.apply_chat_template(
  File "/home/sumit/phronesis/mvp/.venv/lib/python3.10/site-packages/transformers/tokenization_utils_base.py", line 3086, in apply_chat_template
    rendered_chat, generation_indices = render_jinja_template(
  File "/home/sumit/phronesis/mvp/.venv/lib/python3.10/site-packages/transformers/utils/chat_template_utils.py", line 514, in render_jinja_template
    compiled_template = _compile_jinja_template(chat_template)
  File "/home/sumit/phronesis/mvp/.venv/lib/python3.10/site-packages/transformers/utils/chat_template_utils.py", line 421, in _compile_jinja_template
    return _cached_compile_jinja_template(chat_template)
  File "/home/sumit/phronesis/mvp/.venv/lib/python3.10/site-packages/transformers/utils/chat_template_utils.py", line 474, in _cached_compile_jinja_template
    raise ImportError(
ImportError: apply_chat_template requires jinja2>=3.1.0 to be installed. Your version is 3.0.3.

[2026-05-01 13:09:26]     [551/576] N2-conjunction-fallacy: generating (cap=2048)...
[2026-05-01 13:09:26]       ERROR: apply_chat_template requires jinja2>=3.1.0 to be installed. Your version is 3.0.3.
Traceback (most recent call last):
  File "/home/sumit/phronesis/mvp/run_openr1_sweep.py", line 403, in main
    r = generate(model, tokenizer, device, p["prompt"], cap)
  File "/home/sumit/phronesis/mvp/run_openr1_sweep.py", line 182, in generate
    text = tokenizer.apply_chat_template(
  File "/home/sumit/phronesis/mvp/.venv/lib/python3.10/site-packages/transformers/tokenization_utils_base.py", line 3086, in apply_chat_template
    rendered_chat, generation_indices = render_jinja_template(
  File "/home/sumit/phronesis/mvp/.venv/lib/python3.10/site-packages/transformers/utils/chat_template_utils.py", line 514, in render_jinja_template
    compiled_template = _compile_jinja_template(chat_template)
  File "/home/sumit/phronesis/mvp/.venv/lib/python3.10/site-packages/transformers/utils/chat_template_utils.py", line 421, in _compile_jinja_template
    return _cached_compile_jinja_template(chat_template)
  File "/home/sumit/phronesis/mvp/.venv/lib/python3.10/site-packages/transformers/utils/chat_template_utils.py", line 474, in _cached_compile_jinja_template
    raise ImportError(
ImportError: apply_chat_template requires jinja2>=3.1.0 to be installed. Your version is 3.0.3.

[2026-05-01 13:09:26]     [552/576] N3-survivorship-bias: generating (cap=2048)...
[2026-05-01 13:09:26]       ERROR: apply_chat_template requires jinja2>=3.1.0 to be installed. Your version is 3.0.3.
Traceback (most recent call last):
  File "/home/sumit/phronesis/mvp/run_openr1_sweep.py", line 403, in main
    r = generate(model, tokenizer, device, p["prompt"], cap)
  File "/home/sumit/phronesis/mvp/run_openr1_sweep.py", line 182, in generate
    text = tokenizer.apply_chat_template(
  File "/home/sumit/phronesis/mvp/.venv/lib/python3.10/site-packages/transformers/tokenization_utils_base.py", line 3086, in apply_chat_template
    rendered_chat, generation_indices = render_jinja_template(
  File "/home/sumit/phronesis/mvp/.venv/lib/python3.10/site-packages/transformers/utils/chat_template_utils.py", line 514, in render_jinja_template
    compiled_template = _compile_jinja_template(chat_template)
  File "/home/sumit/phronesis/mvp/.venv/lib/python3.10/site-packages/transformers/utils/chat_template_utils.py", line 421, in _compile_jinja_template
    return _cached_compile_jinja_template(chat_template)
  File "/home/sumit/phronesis/mvp/.venv/lib/python3.10/site-packages/transformers/utils/chat_template_utils.py", line 474, in _cached_compile_jinja_template
    raise ImportError(
ImportError: apply_chat_template requires jinja2>=3.1.0 to be installed. Your version is 3.0.3.

[2026-05-01 13:09:26]   ─ α=+12.00 (a+12.00) ─
[2026-05-01 13:09:26]     [553/576] E1-confabulation: generating (cap=2048)...
[2026-05-01 13:09:26]       ERROR: apply_chat_template requires jinja2>=3.1.0 to be installed. Your version is 3.0.3.
Traceback (most recent call last):
  File "/home/sumit/phronesis/mvp/run_openr1_sweep.py", line 403, in main
    r = generate(model, tokenizer, device, p["prompt"], cap)
  File "/home/sumit/phronesis/mvp/run_openr1_sweep.py", line 182, in generate
    text = tokenizer.apply_chat_template(
  File "/home/sumit/phronesis/mvp/.venv/lib/python3.10/site-packages/transformers/tokenization_utils_base.py", line 3086, in apply_chat_template
    rendered_chat, generation_indices = render_jinja_template(
  File "/home/sumit/phronesis/mvp/.venv/lib/python3.10/site-packages/transformers/utils/chat_template_utils.py", line 514, in render_jinja_template
    compiled_template = _compile_jinja_template(chat_template)
  File "/home/sumit/phronesis/mvp/.venv/lib/python3.10/site-packages/transformers/utils/chat_template_utils.py", line 421, in _compile_jinja_template
    return _cached_compile_jinja_template(chat_template)
  File "/home/sumit/phronesis/mvp/.venv/lib/python3.10/site-packages/transformers/utils/chat_template_utils.py", line 474, in _cached_compile_jinja_template
    raise ImportError(
ImportError: apply_chat_template requires jinja2>=3.1.0 to be installed. Your version is 3.0.3.

[2026-05-01 13:09:26]     [554/576] E2-contested-science: generating (cap=2048)...
[2026-05-01 13:09:26]       ERROR: apply_chat_template requires jinja2>=3.1.0 to be installed. Your version is 3.0.3.
Traceback (most recent call last):
  File "/home/sumit/phronesis/mvp/run_openr1_sweep.py", line 403, in main
    r = generate(model, tokenizer, device, p["prompt"], cap)
  File "/home/sumit/phronesis/mvp/run_openr1_sweep.py", line 182, in generate
    text = tokenizer.apply_chat_template(
  File "/home/sumit/phronesis/mvp/.venv/lib/python3.10/site-packages/transformers/tokenization_utils_base.py", line 3086, in apply_chat_template
    rendered_chat, generation_indices = render_jinja_template(
  File "/home/sumit/phronesis/mvp/.venv/lib/python3.10/site-packages/transformers/utils/chat_template_utils.py", line 514, in render_jinja_template
    compiled_template = _compile_jinja_template(chat_template)
  File "/home/sumit/phronesis/mvp/.venv/lib/python3.10/site-packages/transformers/utils/chat_template_utils.py", line 421, in _compile_jinja_template
    return _cached_compile_jinja_template(chat_template)
  File "/home/sumit/phronesis/mvp/.venv/lib/python3.10/site-packages/transformers/utils/chat_template_utils.py", line 474, in _cached_compile_jinja_template
    raise ImportError(
ImportError: apply_chat_template requires jinja2>=3.1.0 to be installed. Your version is 3.0.3.

[2026-05-01 13:09:26]     [555/576] E3-bayesian-update: generating (cap=8192)...
[2026-05-01 13:09:26]       ERROR: apply_chat_template requires jinja2>=3.1.0 to be installed. Your version is 3.0.3.
Traceback (most recent call last):
  File "/home/sumit/phronesis/mvp/run_openr1_sweep.py", line 403, in main
    r = generate(model, tokenizer, device, p["prompt"], cap)
  File "/home/sumit/phronesis/mvp/run_openr1_sweep.py", line 182, in generate
    text = tokenizer.apply_chat_template(
  File "/home/sumit/phronesis/mvp/.venv/lib/python3.10/site-packages/transformers/tokenization_utils_base.py", line 3086, in apply_chat_template
    rendered_chat, generation_indices = render_jinja_template(
  File "/home/sumit/phronesis/mvp/.venv/lib/python3.10/site-packages/transformers/utils/chat_template_utils.py", line 514, in render_jinja_template
    compiled_template = _compile_jinja_template(chat_template)
  File "/home/sumit/phronesis/mvp/.venv/lib/python3.10/site-packages/transformers/utils/chat_template_utils.py", line 421, in _compile_jinja_template
    return _cached_compile_jinja_template(chat_template)
  File "/home/sumit/phronesis/mvp/.venv/lib/python3.10/site-packages/transformers/utils/chat_template_utils.py", line 474, in _cached_compile_jinja_template
    raise ImportError(
ImportError: apply_chat_template requires jinja2>=3.1.0 to be installed. Your version is 3.0.3.

[2026-05-01 13:09:26]     [556/576] E4-taxi-social: generating (cap=8192)...
[2026-05-01 13:09:26]       ERROR: apply_chat_template requires jinja2>=3.1.0 to be installed. Your version is 3.0.3.
Traceback (most recent call last):
  File "/home/sumit/phronesis/mvp/run_openr1_sweep.py", line 403, in main
    r = generate(model, tokenizer, device, p["prompt"], cap)
  File "/home/sumit/phronesis/mvp/run_openr1_sweep.py", line 182, in generate
    text = tokenizer.apply_chat_template(
  File "/home/sumit/phronesis/mvp/.venv/lib/python3.10/site-packages/transformers/tokenization_utils_base.py", line 3086, in apply_chat_template
    rendered_chat, generation_indices = render_jinja_template(
  File "/home/sumit/phronesis/mvp/.venv/lib/python3.10/site-packages/transformers/utils/chat_template_utils.py", line 514, in render_jinja_template
    compiled_template = _compile_jinja_template(chat_template)
  File "/home/sumit/phronesis/mvp/.venv/lib/python3.10/site-packages/transformers/utils/chat_template_utils.py", line 421, in _compile_jinja_template
    return _cached_compile_jinja_template(chat_template)
  File "/home/sumit/phronesis/mvp/.venv/lib/python3.10/site-packages/transformers/utils/chat_template_utils.py", line 474, in _cached_compile_jinja_template
    raise ImportError(
ImportError: apply_chat_template requires jinja2>=3.1.0 to be installed. Your version is 3.0.3.

[2026-05-01 13:09:26]     [557/576] E5-ecological-fallacy: generating (cap=2048)...
[2026-05-01 13:09:26]       ERROR: apply_chat_template requires jinja2>=3.1.0 to be installed. Your version is 3.0.3.
Traceback (most recent call last):
  File "/home/sumit/phronesis/mvp/run_openr1_sweep.py", line 403, in main
    r = generate(model, tokenizer, device, p["prompt"], cap)
  File "/home/sumit/phronesis/mvp/run_openr1_sweep.py", line 182, in generate
    text = tokenizer.apply_chat_template(
  File "/home/sumit/phronesis/mvp/.venv/lib/python3.10/site-packages/transformers/tokenization_utils_base.py", line 3086, in apply_chat_template
    rendered_chat, generation_indices = render_jinja_template(
  File "/home/sumit/phronesis/mvp/.venv/lib/python3.10/site-packages/transformers/utils/chat_template_utils.py", line 514, in render_jinja_template
    compiled_template = _compile_jinja_template(chat_template)
  File "/home/sumit/phronesis/mvp/.venv/lib/python3.10/site-packages/transformers/utils/chat_template_utils.py", line 421, in _compile_jinja_template
    return _cached_compile_jinja_template(chat_template)
  File "/home/sumit/phronesis/mvp/.venv/lib/python3.10/site-packages/transformers/utils/chat_template_utils.py", line 474, in _cached_compile_jinja_template
    raise ImportError(
ImportError: apply_chat_template requires jinja2>=3.1.0 to be installed. Your version is 3.0.3.

[2026-05-01 13:09:26]     [558/576] N1-simpsons-paradox: generating (cap=4096)...
[2026-05-01 13:09:26]       ERROR: apply_chat_template requires jinja2>=3.1.0 to be installed. Your version is 3.0.3.
Traceback (most recent call last):
  File "/home/sumit/phronesis/mvp/run_openr1_sweep.py", line 403, in main
    r = generate(model, tokenizer, device, p["prompt"], cap)
  File "/home/sumit/phronesis/mvp/run_openr1_sweep.py", line 182, in generate
    text = tokenizer.apply_chat_template(
  File "/home/sumit/phronesis/mvp/.venv/lib/python3.10/site-packages/transformers/tokenization_utils_base.py", line 3086, in apply_chat_template
    rendered_chat, generation_indices = render_jinja_template(
  File "/home/sumit/phronesis/mvp/.venv/lib/python3.10/site-packages/transformers/utils/chat_template_utils.py", line 514, in render_jinja_template
    compiled_template = _compile_jinja_template(chat_template)
  File "/home/sumit/phronesis/mvp/.venv/lib/python3.10/site-packages/transformers/utils/chat_template_utils.py", line 421, in _compile_jinja_template
    return _cached_compile_jinja_template(chat_template)
  File "/home/sumit/phronesis/mvp/.venv/lib/python3.10/site-packages/transformers/utils/chat_template_utils.py", line 474, in _cached_compile_jinja_template
    raise ImportError(
ImportError: apply_chat_template requires jinja2>=3.1.0 to be installed. Your version is 3.0.3.

[2026-05-01 13:09:26]     [559/576] N2-conjunction-fallacy: generating (cap=2048)...
[2026-05-01 13:09:26]       ERROR: apply_chat_template requires jinja2>=3.1.0 to be installed. Your version is 3.0.3.
Traceback (most recent call last):
  File "/home/sumit/phronesis/mvp/run_openr1_sweep.py", line 403, in main
    r = generate(model, tokenizer, device, p["prompt"], cap)
  File "/home/sumit/phronesis/mvp/run_openr1_sweep.py", line 182, in generate
    text = tokenizer.apply_chat_template(
  File "/home/sumit/phronesis/mvp/.venv/lib/python3.10/site-packages/transformers/tokenization_utils_base.py", line 3086, in apply_chat_template
    rendered_chat, generation_indices = render_jinja_template(
  File "/home/sumit/phronesis/mvp/.venv/lib/python3.10/site-packages/transformers/utils/chat_template_utils.py", line 514, in render_jinja_template
    compiled_template = _compile_jinja_template(chat_template)
  File "/home/sumit/phronesis/mvp/.venv/lib/python3.10/site-packages/transformers/utils/chat_template_utils.py", line 421, in _compile_jinja_template
    return _cached_compile_jinja_template(chat_template)
  File "/home/sumit/phronesis/mvp/.venv/lib/python3.10/site-packages/transformers/utils/chat_template_utils.py", line 474, in _cached_compile_jinja_template
    raise ImportError(
ImportError: apply_chat_template requires jinja2>=3.1.0 to be installed. Your version is 3.0.3.

[2026-05-01 13:09:26]     [560/576] N3-survivorship-bias: generating (cap=2048)...
[2026-05-01 13:09:26]       ERROR: apply_chat_template requires jinja2>=3.1.0 to be installed. Your version is 3.0.3.
Traceback (most recent call last):
  File "/home/sumit/phronesis/mvp/run_openr1_sweep.py", line 403, in main
    r = generate(model, tokenizer, device, p["prompt"], cap)
  File "/home/sumit/phronesis/mvp/run_openr1_sweep.py", line 182, in generate
    text = tokenizer.apply_chat_template(
  File "/home/sumit/phronesis/mvp/.venv/lib/python3.10/site-packages/transformers/tokenization_utils_base.py", line 3086, in apply_chat_template
    rendered_chat, generation_indices = render_jinja_template(
  File "/home/sumit/phronesis/mvp/.venv/lib/python3.10/site-packages/transformers/utils/chat_template_utils.py", line 514, in render_jinja_template
    compiled_template = _compile_jinja_template(chat_template)
  File "/home/sumit/phronesis/mvp/.venv/lib/python3.10/site-packages/transformers/utils/chat_template_utils.py", line 421, in _compile_jinja_template
    return _cached_compile_jinja_template(chat_template)
  File "/home/sumit/phronesis/mvp/.venv/lib/python3.10/site-packages/transformers/utils/chat_template_utils.py", line 474, in _cached_compile_jinja_template
    raise ImportError(
ImportError: apply_chat_template requires jinja2>=3.1.0 to be installed. Your version is 3.0.3.

[2026-05-01 13:09:26]   ─ α=+16.00 (a+16.00) ─
[2026-05-01 13:09:26]     [561/576] E1-confabulation: generating (cap=2048)...
[2026-05-01 13:09:26]       ERROR: apply_chat_template requires jinja2>=3.1.0 to be installed. Your version is 3.0.3.
Traceback (most recent call last):
  File "/home/sumit/phronesis/mvp/run_openr1_sweep.py", line 403, in main
    r = generate(model, tokenizer, device, p["prompt"], cap)
  File "/home/sumit/phronesis/mvp/run_openr1_sweep.py", line 182, in generate
    text = tokenizer.apply_chat_template(
  File "/home/sumit/phronesis/mvp/.venv/lib/python3.10/site-packages/transformers/tokenization_utils_base.py", line 3086, in apply_chat_template
    rendered_chat, generation_indices = render_jinja_template(
  File "/home/sumit/phronesis/mvp/.venv/lib/python3.10/site-packages/transformers/utils/chat_template_utils.py", line 514, in render_jinja_template
    compiled_template = _compile_jinja_template(chat_template)
  File "/home/sumit/phronesis/mvp/.venv/lib/python3.10/site-packages/transformers/utils/chat_template_utils.py", line 421, in _compile_jinja_template
    return _cached_compile_jinja_template(chat_template)
  File "/home/sumit/phronesis/mvp/.venv/lib/python3.10/site-packages/transformers/utils/chat_template_utils.py", line 474, in _cached_compile_jinja_template
    raise ImportError(
ImportError: apply_chat_template requires jinja2>=3.1.0 to be installed. Your version is 3.0.3.

[2026-05-01 13:09:26]     [562/576] E2-contested-science: generating (cap=2048)...
[2026-05-01 13:09:26]       ERROR: apply_chat_template requires jinja2>=3.1.0 to be installed. Your version is 3.0.3.
Traceback (most recent call last):
  File "/home/sumit/phronesis/mvp/run_openr1_sweep.py", line 403, in main
    r = generate(model, tokenizer, device, p["prompt"], cap)
  File "/home/sumit/phronesis/mvp/run_openr1_sweep.py", line 182, in generate
    text = tokenizer.apply_chat_template(
  File "/home/sumit/phronesis/mvp/.venv/lib/python3.10/site-packages/transformers/tokenization_utils_base.py", line 3086, in apply_chat_template
    rendered_chat, generation_indices = render_jinja_template(
  File "/home/sumit/phronesis/mvp/.venv/lib/python3.10/site-packages/transformers/utils/chat_template_utils.py", line 514, in render_jinja_template
    compiled_template = _compile_jinja_template(chat_template)
  File "/home/sumit/phronesis/mvp/.venv/lib/python3.10/site-packages/transformers/utils/chat_template_utils.py", line 421, in _compile_jinja_template
    return _cached_compile_jinja_template(chat_template)
  File "/home/sumit/phronesis/mvp/.venv/lib/python3.10/site-packages/transformers/utils/chat_template_utils.py", line 474, in _cached_compile_jinja_template
    raise ImportError(
ImportError: apply_chat_template requires jinja2>=3.1.0 to be installed. Your version is 3.0.3.

[2026-05-01 13:09:26]     [563/576] E3-bayesian-update: generating (cap=8192)...
[2026-05-01 13:09:26]       ERROR: apply_chat_template requires jinja2>=3.1.0 to be installed. Your version is 3.0.3.
Traceback (most recent call last):
  File "/home/sumit/phronesis/mvp/run_openr1_sweep.py", line 403, in main
    r = generate(model, tokenizer, device, p["prompt"], cap)
  File "/home/sumit/phronesis/mvp/run_openr1_sweep.py", line 182, in generate
    text = tokenizer.apply_chat_template(
  File "/home/sumit/phronesis/mvp/.venv/lib/python3.10/site-packages/transformers/tokenization_utils_base.py", line 3086, in apply_chat_template
    rendered_chat, generation_indices = render_jinja_template(
  File "/home/sumit/phronesis/mvp/.venv/lib/python3.10/site-packages/transformers/utils/chat_template_utils.py", line 514, in render_jinja_template
    compiled_template = _compile_jinja_template(chat_template)
  File "/home/sumit/phronesis/mvp/.venv/lib/python3.10/site-packages/transformers/utils/chat_template_utils.py", line 421, in _compile_jinja_template
    return _cached_compile_jinja_template(chat_template)
  File "/home/sumit/phronesis/mvp/.venv/lib/python3.10/site-packages/transformers/utils/chat_template_utils.py", line 474, in _cached_compile_jinja_template
    raise ImportError(
ImportError: apply_chat_template requires jinja2>=3.1.0 to be installed. Your version is 3.0.3.

[2026-05-01 13:09:26]     [564/576] E4-taxi-social: generating (cap=8192)...
[2026-05-01 13:09:26]       ERROR: apply_chat_template requires jinja2>=3.1.0 to be installed. Your version is 3.0.3.
Traceback (most recent call last):
  File "/home/sumit/phronesis/mvp/run_openr1_sweep.py", line 403, in main
    r = generate(model, tokenizer, device, p["prompt"], cap)
  File "/home/sumit/phronesis/mvp/run_openr1_sweep.py", line 182, in generate
    text = tokenizer.apply_chat_template(
  File "/home/sumit/phronesis/mvp/.venv/lib/python3.10/site-packages/transformers/tokenization_utils_base.py", line 3086, in apply_chat_template
    rendered_chat, generation_indices = render_jinja_template(
  File "/home/sumit/phronesis/mvp/.venv/lib/python3.10/site-packages/transformers/utils/chat_template_utils.py", line 514, in render_jinja_template
    compiled_template = _compile_jinja_template(chat_template)
  File "/home/sumit/phronesis/mvp/.venv/lib/python3.10/site-packages/transformers/utils/chat_template_utils.py", line 421, in _compile_jinja_template
    return _cached_compile_jinja_template(chat_template)
  File "/home/sumit/phronesis/mvp/.venv/lib/python3.10/site-packages/transformers/utils/chat_template_utils.py", line 474, in _cached_compile_jinja_template
    raise ImportError(
ImportError: apply_chat_template requires jinja2>=3.1.0 to be installed. Your version is 3.0.3.

[2026-05-01 13:09:26]     [565/576] E5-ecological-fallacy: generating (cap=2048)...
[2026-05-01 13:09:26]       ERROR: apply_chat_template requires jinja2>=3.1.0 to be installed. Your version is 3.0.3.
Traceback (most recent call last):
  File "/home/sumit/phronesis/mvp/run_openr1_sweep.py", line 403, in main
    r = generate(model, tokenizer, device, p["prompt"], cap)
  File "/home/sumit/phronesis/mvp/run_openr1_sweep.py", line 182, in generate
    text = tokenizer.apply_chat_template(
  File "/home/sumit/phronesis/mvp/.venv/lib/python3.10/site-packages/transformers/tokenization_utils_base.py", line 3086, in apply_chat_template
    rendered_chat, generation_indices = render_jinja_template(
  File "/home/sumit/phronesis/mvp/.venv/lib/python3.10/site-packages/transformers/utils/chat_template_utils.py", line 514, in render_jinja_template
    compiled_template = _compile_jinja_template(chat_template)
  File "/home/sumit/phronesis/mvp/.venv/lib/python3.10/site-packages/transformers/utils/chat_template_utils.py", line 421, in _compile_jinja_template
    return _cached_compile_jinja_template(chat_template)
  File "/home/sumit/phronesis/mvp/.venv/lib/python3.10/site-packages/transformers/utils/chat_template_utils.py", line 474, in _cached_compile_jinja_template
    raise ImportError(
ImportError: apply_chat_template requires jinja2>=3.1.0 to be installed. Your version is 3.0.3.

[2026-05-01 13:09:26]     [566/576] N1-simpsons-paradox: generating (cap=4096)...
[2026-05-01 13:09:26]       ERROR: apply_chat_template requires jinja2>=3.1.0 to be installed. Your version is 3.0.3.
Traceback (most recent call last):
  File "/home/sumit/phronesis/mvp/run_openr1_sweep.py", line 403, in main
    r = generate(model, tokenizer, device, p["prompt"], cap)
  File "/home/sumit/phronesis/mvp/run_openr1_sweep.py", line 182, in generate
    text = tokenizer.apply_chat_template(
  File "/home/sumit/phronesis/mvp/.venv/lib/python3.10/site-packages/transformers/tokenization_utils_base.py", line 3086, in apply_chat_template
    rendered_chat, generation_indices = render_jinja_template(
  File "/home/sumit/phronesis/mvp/.venv/lib/python3.10/site-packages/transformers/utils/chat_template_utils.py", line 514, in render_jinja_template
    compiled_template = _compile_jinja_template(chat_template)
  File "/home/sumit/phronesis/mvp/.venv/lib/python3.10/site-packages/transformers/utils/chat_template_utils.py", line 421, in _compile_jinja_template
    return _cached_compile_jinja_template(chat_template)
  File "/home/sumit/phronesis/mvp/.venv/lib/python3.10/site-packages/transformers/utils/chat_template_utils.py", line 474, in _cached_compile_jinja_template
    raise ImportError(
ImportError: apply_chat_template requires jinja2>=3.1.0 to be installed. Your version is 3.0.3.

[2026-05-01 13:09:26]     [567/576] N2-conjunction-fallacy: generating (cap=2048)...
[2026-05-01 13:09:26]       ERROR: apply_chat_template requires jinja2>=3.1.0 to be installed. Your version is 3.0.3.
Traceback (most recent call last):
  File "/home/sumit/phronesis/mvp/run_openr1_sweep.py", line 403, in main
    r = generate(model, tokenizer, device, p["prompt"], cap)
  File "/home/sumit/phronesis/mvp/run_openr1_sweep.py", line 182, in generate
    text = tokenizer.apply_chat_template(
  File "/home/sumit/phronesis/mvp/.venv/lib/python3.10/site-packages/transformers/tokenization_utils_base.py", line 3086, in apply_chat_template
    rendered_chat, generation_indices = render_jinja_template(
  File "/home/sumit/phronesis/mvp/.venv/lib/python3.10/site-packages/transformers/utils/chat_template_utils.py", line 514, in render_jinja_template
    compiled_template = _compile_jinja_template(chat_template)
  File "/home/sumit/phronesis/mvp/.venv/lib/python3.10/site-packages/transformers/utils/chat_template_utils.py", line 421, in _compile_jinja_template
    return _cached_compile_jinja_template(chat_template)
  File "/home/sumit/phronesis/mvp/.venv/lib/python3.10/site-packages/transformers/utils/chat_template_utils.py", line 474, in _cached_compile_jinja_template
    raise ImportError(
ImportError: apply_chat_template requires jinja2>=3.1.0 to be installed. Your version is 3.0.3.

[2026-05-01 13:09:26]     [568/576] N3-survivorship-bias: generating (cap=2048)...
[2026-05-01 13:09:26]       ERROR: apply_chat_template requires jinja2>=3.1.0 to be installed. Your version is 3.0.3.
Traceback (most recent call last):
  File "/home/sumit/phronesis/mvp/run_openr1_sweep.py", line 403, in main
    r = generate(model, tokenizer, device, p["prompt"], cap)
  File "/home/sumit/phronesis/mvp/run_openr1_sweep.py", line 182, in generate
    text = tokenizer.apply_chat_template(
  File "/home/sumit/phronesis/mvp/.venv/lib/python3.10/site-packages/transformers/tokenization_utils_base.py", line 3086, in apply_chat_template
    rendered_chat, generation_indices = render_jinja_template(
  File "/home/sumit/phronesis/mvp/.venv/lib/python3.10/site-packages/transformers/utils/chat_template_utils.py", line 514, in render_jinja_template
    compiled_template = _compile_jinja_template(chat_template)
  File "/home/sumit/phronesis/mvp/.venv/lib/python3.10/site-packages/transformers/utils/chat_template_utils.py", line 421, in _compile_jinja_template
    return _cached_compile_jinja_template(chat_template)
  File "/home/sumit/phronesis/mvp/.venv/lib/python3.10/site-packages/transformers/utils/chat_template_utils.py", line 474, in _cached_compile_jinja_template
    raise ImportError(
ImportError: apply_chat_template requires jinja2>=3.1.0 to be installed. Your version is 3.0.3.

[2026-05-01 13:09:26]   ─ α=+20.00 (a+20.00) ─
[2026-05-01 13:09:26]     [569/576] E1-confabulation: generating (cap=2048)...
[2026-05-01 13:09:26]       ERROR: apply_chat_template requires jinja2>=3.1.0 to be installed. Your version is 3.0.3.
Traceback (most recent call last):
  File "/home/sumit/phronesis/mvp/run_openr1_sweep.py", line 403, in main
    r = generate(model, tokenizer, device, p["prompt"], cap)
  File "/home/sumit/phronesis/mvp/run_openr1_sweep.py", line 182, in generate
    text = tokenizer.apply_chat_template(
  File "/home/sumit/phronesis/mvp/.venv/lib/python3.10/site-packages/transformers/tokenization_utils_base.py", line 3086, in apply_chat_template
    rendered_chat, generation_indices = render_jinja_template(
  File "/home/sumit/phronesis/mvp/.venv/lib/python3.10/site-packages/transformers/utils/chat_template_utils.py", line 514, in render_jinja_template
    compiled_template = _compile_jinja_template(chat_template)
  File "/home/sumit/phronesis/mvp/.venv/lib/python3.10/site-packages/transformers/utils/chat_template_utils.py", line 421, in _compile_jinja_template
    return _cached_compile_jinja_template(chat_template)
  File "/home/sumit/phronesis/mvp/.venv/lib/python3.10/site-packages/transformers/utils/chat_template_utils.py", line 474, in _cached_compile_jinja_template
    raise ImportError(
ImportError: apply_chat_template requires jinja2>=3.1.0 to be installed. Your version is 3.0.3.

[2026-05-01 13:09:26]     [570/576] E2-contested-science: generating (cap=2048)...
[2026-05-01 13:09:26]       ERROR: apply_chat_template requires jinja2>=3.1.0 to be installed. Your version is 3.0.3.
Traceback (most recent call last):
  File "/home/sumit/phronesis/mvp/run_openr1_sweep.py", line 403, in main
    r = generate(model, tokenizer, device, p["prompt"], cap)
  File "/home/sumit/phronesis/mvp/run_openr1_sweep.py", line 182, in generate
    text = tokenizer.apply_chat_template(
  File "/home/sumit/phronesis/mvp/.venv/lib/python3.10/site-packages/transformers/tokenization_utils_base.py", line 3086, in apply_chat_template
    rendered_chat, generation_indices = render_jinja_template(
  File "/home/sumit/phronesis/mvp/.venv/lib/python3.10/site-packages/transformers/utils/chat_template_utils.py", line 514, in render_jinja_template
    compiled_template = _compile_jinja_template(chat_template)
  File "/home/sumit/phronesis/mvp/.venv/lib/python3.10/site-packages/transformers/utils/chat_template_utils.py", line 421, in _compile_jinja_template
    return _cached_compile_jinja_template(chat_template)
  File "/home/sumit/phronesis/mvp/.venv/lib/python3.10/site-packages/transformers/utils/chat_template_utils.py", line 474, in _cached_compile_jinja_template
    raise ImportError(
ImportError: apply_chat_template requires jinja2>=3.1.0 to be installed. Your version is 3.0.3.

[2026-05-01 13:09:26]     [571/576] E3-bayesian-update: generating (cap=8192)...
[2026-05-01 13:09:26]       ERROR: apply_chat_template requires jinja2>=3.1.0 to be installed. Your version is 3.0.3.
Traceback (most recent call last):
  File "/home/sumit/phronesis/mvp/run_openr1_sweep.py", line 403, in main
    r = generate(model, tokenizer, device, p["prompt"], cap)
  File "/home/sumit/phronesis/mvp/run_openr1_sweep.py", line 182, in generate
    text = tokenizer.apply_chat_template(
  File "/home/sumit/phronesis/mvp/.venv/lib/python3.10/site-packages/transformers/tokenization_utils_base.py", line 3086, in apply_chat_template
    rendered_chat, generation_indices = render_jinja_template(
  File "/home/sumit/phronesis/mvp/.venv/lib/python3.10/site-packages/transformers/utils/chat_template_utils.py", line 514, in render_jinja_template
    compiled_template = _compile_jinja_template(chat_template)
  File "/home/sumit/phronesis/mvp/.venv/lib/python3.10/site-packages/transformers/utils/chat_template_utils.py", line 421, in _compile_jinja_template
    return _cached_compile_jinja_template(chat_template)
  File "/home/sumit/phronesis/mvp/.venv/lib/python3.10/site-packages/transformers/utils/chat_template_utils.py", line 474, in _cached_compile_jinja_template
    raise ImportError(
ImportError: apply_chat_template requires jinja2>=3.1.0 to be installed. Your version is 3.0.3.

[2026-05-01 13:09:26]     [572/576] E4-taxi-social: generating (cap=8192)...
[2026-05-01 13:09:26]       ERROR: apply_chat_template requires jinja2>=3.1.0 to be installed. Your version is 3.0.3.
Traceback (most recent call last):
  File "/home/sumit/phronesis/mvp/run_openr1_sweep.py", line 403, in main
    r = generate(model, tokenizer, device, p["prompt"], cap)
  File "/home/sumit/phronesis/mvp/run_openr1_sweep.py", line 182, in generate
    text = tokenizer.apply_chat_template(
  File "/home/sumit/phronesis/mvp/.venv/lib/python3.10/site-packages/transformers/tokenization_utils_base.py", line 3086, in apply_chat_template
    rendered_chat, generation_indices = render_jinja_template(
  File "/home/sumit/phronesis/mvp/.venv/lib/python3.10/site-packages/transformers/utils/chat_template_utils.py", line 514, in render_jinja_template
    compiled_template = _compile_jinja_template(chat_template)
  File "/home/sumit/phronesis/mvp/.venv/lib/python3.10/site-packages/transformers/utils/chat_template_utils.py", line 421, in _compile_jinja_template
    return _cached_compile_jinja_template(chat_template)
  File "/home/sumit/phronesis/mvp/.venv/lib/python3.10/site-packages/transformers/utils/chat_template_utils.py", line 474, in _cached_compile_jinja_template
    raise ImportError(
ImportError: apply_chat_template requires jinja2>=3.1.0 to be installed. Your version is 3.0.3.

[2026-05-01 13:09:26]     [573/576] E5-ecological-fallacy: generating (cap=2048)...
[2026-05-01 13:09:26]       ERROR: apply_chat_template requires jinja2>=3.1.0 to be installed. Your version is 3.0.3.
Traceback (most recent call last):
  File "/home/sumit/phronesis/mvp/run_openr1_sweep.py", line 403, in main
    r = generate(model, tokenizer, device, p["prompt"], cap)
  File "/home/sumit/phronesis/mvp/run_openr1_sweep.py", line 182, in generate
    text = tokenizer.apply_chat_template(
  File "/home/sumit/phronesis/mvp/.venv/lib/python3.10/site-packages/transformers/tokenization_utils_base.py", line 3086, in apply_chat_template
    rendered_chat, generation_indices = render_jinja_template(
  File "/home/sumit/phronesis/mvp/.venv/lib/python3.10/site-packages/transformers/utils/chat_template_utils.py", line 514, in render_jinja_template
    compiled_template = _compile_jinja_template(chat_template)
  File "/home/sumit/phronesis/mvp/.venv/lib/python3.10/site-packages/transformers/utils/chat_template_utils.py", line 421, in _compile_jinja_template
    return _cached_compile_jinja_template(chat_template)
  File "/home/sumit/phronesis/mvp/.venv/lib/python3.10/site-packages/transformers/utils/chat_template_utils.py", line 474, in _cached_compile_jinja_template
    raise ImportError(
ImportError: apply_chat_template requires jinja2>=3.1.0 to be installed. Your version is 3.0.3.

[2026-05-01 13:09:26]     [574/576] N1-simpsons-paradox: generating (cap=4096)...
[2026-05-01 13:09:26]       ERROR: apply_chat_template requires jinja2>=3.1.0 to be installed. Your version is 3.0.3.
Traceback (most recent call last):
  File "/home/sumit/phronesis/mvp/run_openr1_sweep.py", line 403, in main
    r = generate(model, tokenizer, device, p["prompt"], cap)
  File "/home/sumit/phronesis/mvp/run_openr1_sweep.py", line 182, in generate
    text = tokenizer.apply_chat_template(
  File "/home/sumit/phronesis/mvp/.venv/lib/python3.10/site-packages/transformers/tokenization_utils_base.py", line 3086, in apply_chat_template
    rendered_chat, generation_indices = render_jinja_template(
  File "/home/sumit/phronesis/mvp/.venv/lib/python3.10/site-packages/transformers/utils/chat_template_utils.py", line 514, in render_jinja_template
    compiled_template = _compile_jinja_template(chat_template)
  File "/home/sumit/phronesis/mvp/.venv/lib/python3.10/site-packages/transformers/utils/chat_template_utils.py", line 421, in _compile_jinja_template
    return _cached_compile_jinja_template(chat_template)
  File "/home/sumit/phronesis/mvp/.venv/lib/python3.10/site-packages/transformers/utils/chat_template_utils.py", line 474, in _cached_compile_jinja_template
    raise ImportError(
ImportError: apply_chat_template requires jinja2>=3.1.0 to be installed. Your version is 3.0.3.

[2026-05-01 13:09:26]     [575/576] N2-conjunction-fallacy: generating (cap=2048)...
[2026-05-01 13:09:26]       ERROR: apply_chat_template requires jinja2>=3.1.0 to be installed. Your version is 3.0.3.
Traceback (most recent call last):
  File "/home/sumit/phronesis/mvp/run_openr1_sweep.py", line 403, in main
    r = generate(model, tokenizer, device, p["prompt"], cap)
  File "/home/sumit/phronesis/mvp/run_openr1_sweep.py", line 182, in generate
    text = tokenizer.apply_chat_template(
  File "/home/sumit/phronesis/mvp/.venv/lib/python3.10/site-packages/transformers/tokenization_utils_base.py", line 3086, in apply_chat_template
    rendered_chat, generation_indices = render_jinja_template(
  File "/home/sumit/phronesis/mvp/.venv/lib/python3.10/site-packages/transformers/utils/chat_template_utils.py", line 514, in render_jinja_template
    compiled_template = _compile_jinja_template(chat_template)
  File "/home/sumit/phronesis/mvp/.venv/lib/python3.10/site-packages/transformers/utils/chat_template_utils.py", line 421, in _compile_jinja_template
    return _cached_compile_jinja_template(chat_template)
  File "/home/sumit/phronesis/mvp/.venv/lib/python3.10/site-packages/transformers/utils/chat_template_utils.py", line 474, in _cached_compile_jinja_template
    raise ImportError(
ImportError: apply_chat_template requires jinja2>=3.1.0 to be installed. Your version is 3.0.3.

[2026-05-01 13:09:26]     [576/576] N3-survivorship-bias: generating (cap=2048)...
[2026-05-01 13:09:26]       ERROR: apply_chat_template requires jinja2>=3.1.0 to be installed. Your version is 3.0.3.
Traceback (most recent call last):
  File "/home/sumit/phronesis/mvp/run_openr1_sweep.py", line 403, in main
    r = generate(model, tokenizer, device, p["prompt"], cap)
  File "/home/sumit/phronesis/mvp/run_openr1_sweep.py", line 182, in generate
    text = tokenizer.apply_chat_template(
  File "/home/sumit/phronesis/mvp/.venv/lib/python3.10/site-packages/transformers/tokenization_utils_base.py", line 3086, in apply_chat_template
    rendered_chat, generation_indices = render_jinja_template(
  File "/home/sumit/phronesis/mvp/.venv/lib/python3.10/site-packages/transformers/utils/chat_template_utils.py", line 514, in render_jinja_template
    compiled_template = _compile_jinja_template(chat_template)
  File "/home/sumit/phronesis/mvp/.venv/lib/python3.10/site-packages/transformers/utils/chat_template_utils.py", line 421, in _compile_jinja_template
    return _cached_compile_jinja_template(chat_template)
  File "/home/sumit/phronesis/mvp/.venv/lib/python3.10/site-packages/transformers/utils/chat_template_utils.py", line 474, in _cached_compile_jinja_template
    raise ImportError(
ImportError: apply_chat_template requires jinja2>=3.1.0 to be installed. Your version is 3.0.3.

[2026-05-01 13:09:26] ========================================================================
[2026-05-01 13:09:26] SWEEP COMPLETE — 576 steered + 8 baselines in 0m 09s
[2026-05-01 13:18:03] ========================================================================
[2026-05-01 13:18:03] Llama-3.1-8B-Instruct-Open-R1-GRPO α-sweep — START
[2026-05-01 13:18:03] Model: open-r1-qwen-7b  |  Vectors: 6  |  Alphas: 12  |  Prompts: 8
[2026-05-01 13:18:03] Total target: 584 generations (8 baselines + 576 steered)
[2026-05-01 13:18:03] Output dir: /home/sumit/phronesis/mvp/results/openr1_sweep_20260501
[2026-05-01 13:18:03] Alphas: [-8.0, -4.0, -2.0, 1.0, 2.0, 4.0, 6.0, 8.0, 10.0, 12.0, 16.0, 20.0]
[2026-05-01 13:18:03] Vectors:
[2026-05-01 13:18:03]    CC_L23          → triplets-combined/last_token/layer_23_virtue_vector.npy
[2026-05-01 13:18:03]    EG_L19          → triplets-evidence-grounding/last_token/layer_19_virtue_vector.npy
[2026-05-01 13:18:03]    RT_L19          → triplets-reasoning-transparency/last_token/layer_19_virtue_vector.npy
[2026-05-01 13:18:03]    IH_L25          → triplets-intellectual-humility/last_token/layer_25_virtue_vector.npy
[2026-05-01 13:18:03]    VC_L25          → triplets-verbosity-control/last_token/layer_25_virtue_vector.npy
[2026-05-01 13:18:03]    CCnum_L23       → triplets-cc-numeric-only-symlinks/last_token/layer_23_virtue_vector.npy
[2026-05-01 13:18:03] Prompts (8):
[2026-05-01 13:18:03]    E1-confabulation                cap=2048
[2026-05-01 13:18:03]    E2-contested-science            cap=2048
[2026-05-01 13:18:03]    E3-bayesian-update              cap=8192
[2026-05-01 13:18:03]    E4-taxi-social                  cap=8192
[2026-05-01 13:18:03]    E5-ecological-fallacy           cap=2048
[2026-05-01 13:18:03]    N1-simpsons-paradox             cap=4096
[2026-05-01 13:18:03]    N2-conjunction-fallacy          cap=2048
[2026-05-01 13:18:03]    N3-survivorship-bias            cap=2048
[2026-05-01 13:18:03] Pre-checking vector files...
[2026-05-01 13:18:03] All vector files found. ✓
[2026-05-01 13:18:03] Loading model open-r1-qwen-7b...
[2026-05-01 13:18:11] Model on cuda. Ready.
[2026-05-01 13:18:11] ─── BASELINES (no steering) ───
[2026-05-01 13:18:11]   [1/8] E1-confabulation: cached (ntok=604)
[2026-05-01 13:18:11]   [2/8] E2-contested-science: cached (ntok=484)
[2026-05-01 13:18:11]   [3/8] E3-bayesian-update: cached (ntok=8192)
[2026-05-01 13:18:11]   [4/8] E4-taxi-social: cached (ntok=8192)
[2026-05-01 13:18:11]   [5/8] E5-ecological-fallacy: cached (ntok=2048)
[2026-05-01 13:18:11]   [6/8] N1-simpsons-paradox: cached (ntok=3355)
[2026-05-01 13:18:11]   [7/8] N2-conjunction-fallacy: cached (ntok=1078)
[2026-05-01 13:18:11]   [8/8] N3-survivorship-bias: cached (ntok=570)
[2026-05-01 13:18:11] ════════════════════════════════════════════════════════════════════════
[2026-05-01 13:18:11] VECTOR CC_L23 — corpus=triplets-combined  layer=L23  norm=66.22
[2026-05-01 13:18:11]   ─ α=-8.00 (a-08.00) ─
[2026-05-01 13:18:11]     [1/576] E1-confabulation: cached
[2026-05-01 13:18:11]     [2/576] E2-contested-science: cached
[2026-05-01 13:18:11]     [3/576] E3-bayesian-update: cached
[2026-05-01 13:18:11]     [4/576] E4-taxi-social: generating (cap=8192)...
[2026-05-01 13:26:42]       done 511.3s  ntok=8192  hit_cap=True  think=0c  ans=35964c  ETA 20h 18m
[2026-05-01 13:26:42]     [5/576] E5-ecological-fallacy: generating (cap=2048)...
[2026-05-01 13:27:40]       done 57.9s  ntok=953  hit_cap=False  think=3893c  ans=1067c  ETA 18h 03m
[2026-05-01 13:27:40]     [6/576] N1-simpsons-paradox: generating (cap=4096)...
[2026-05-01 13:28:58]       done 78.0s  ntok=1281  hit_cap=False  think=4238c  ans=1379c  ETA 17h 04m
[2026-05-01 13:28:58]     [7/576] N2-conjunction-fallacy: generating (cap=2048)...
[2026-05-01 13:30:17]       done 79.0s  ntok=1296  hit_cap=False  think=0c  ans=5137c  ETA 16h 23m
[2026-05-01 13:30:17]     [8/576] N3-survivorship-bias: generating (cap=2048)...
[2026-05-01 13:30:51]       done 33.8s  ntok=557  hit_cap=False  think=0c  ans=2680c  ETA 14h 59m
[2026-05-01 13:30:51]   ─ α=-4.00 (a-04.00) ─
[2026-05-01 13:30:51]     [9/576] E1-confabulation: generating (cap=2048)...
[2026-05-01 13:31:23]       done 32.2s  ntok=531  hit_cap=False  think=0c  ans=2328c  ETA 13h 51m
[2026-05-01 13:31:23]     [10/576] E2-contested-science: generating (cap=2048)...
[2026-05-01 13:33:28]       done 124.9s  ntok=2048  hit_cap=True  think=0c  ans=8933c  ETA 14h 25m
[2026-05-01 13:33:28]     [11/576] E3-bayesian-update: generating (cap=8192)...
[2026-05-01 13:37:50]       done 261.6s  ntok=4253  hit_cap=False  think=10817c  ans=2096c  ETA 16h 49m
[2026-05-01 13:37:50]     [12/576] E4-taxi-social: generating (cap=8192)...
[2026-05-01 13:46:21]       done 511.2s  ntok=8192  hit_cap=True  think=0c  ans=36743c  ETA 22h 03m
[2026-05-01 13:46:21]     [13/576] E5-ecological-fallacy: generating (cap=2048)...
[2026-05-01 13:47:21]       done 59.8s  ntok=981  hit_cap=False  think=4430c  ans=693c  ETA 21h 02m
[2026-05-01 13:47:21]     [14/576] N1-simpsons-paradox: generating (cap=4096)...
[2026-05-01 13:50:47]       done 205.8s  ntok=3352  hit_cap=False  think=10453c  ans=1443c  ETA 21h 48m
[2026-05-01 13:50:47]     [15/576] N2-conjunction-fallacy: generating (cap=2048)...
[2026-05-01 13:52:27]       done 100.0s  ntok=1640  hit_cap=False  think=0c  ans=6991c  ETA 21h 21m
[2026-05-01 13:52:27]     [16/576] N3-survivorship-bias: generating (cap=2048)...
[2026-05-01 13:53:04]       done 37.0s  ntok=609  hit_cap=False  think=0c  ans=3037c  ETA 20h 20m
[2026-05-01 13:53:04]   ─ α=-2.00 (a-02.00) ─
[2026-05-01 13:53:04]     [17/576] E1-confabulation: generating (cap=2048)...
[2026-05-01 13:53:40]       done 36.2s  ntok=596  hit_cap=False  think=0c  ans=2674c  ETA 19h 26m
[2026-05-01 13:53:40]     [18/576] E2-contested-science: generating (cap=2048)...
[2026-05-01 13:54:04]       done 24.1s  ntok=397  hit_cap=False  think=0c  ans=1889c  ETA 18h 32m
[2026-05-01 13:54:04]     [19/576] E3-bayesian-update: generating (cap=8192)...
[2026-05-01 13:58:39]       done 274.6s  ntok=4462  hit_cap=False  think=8938c  ans=1799c  ETA 19h 46m
[2026-05-01 13:58:39]     [20/576] E4-taxi-social: generating (cap=8192)...
[2026-05-01 14:07:09]       done 510.9s  ntok=8192  hit_cap=True  think=0c  ans=34379c  ETA 22h 41m
[2026-05-01 14:07:09]     [21/576] E5-ecological-fallacy: generating (cap=2048)...
[2026-05-01 14:09:14]       done 125.1s  ntok=2048  hit_cap=True  think=9490c  ans=331c  ETA 22h 29m
[2026-05-01 14:09:14]     [22/576] N1-simpsons-paradox: generating (cap=4096)...
[2026-05-01 14:13:27]       done 252.1s  ntok=4096  hit_cap=True  think=0c  ans=16541c  ETA 23h 11m
[2026-05-01 14:13:27]     [23/576] N2-conjunction-fallacy: generating (cap=2048)...
[2026-05-01 14:15:32]       done 125.1s  ntok=2048  hit_cap=True  think=0c  ans=9513c  ETA 22h 58m
[2026-05-01 14:15:32]     [24/576] N3-survivorship-bias: generating (cap=2048)...
[2026-05-01 14:16:06]       done 34.7s  ntok=572  hit_cap=False  think=0c  ans=2801c  ETA 22h 12m
[2026-05-01 14:16:06]   ─ α=+1.00 (a+01.00) ─
[2026-05-01 14:16:06]     [25/576] E1-confabulation: generating (cap=2048)...
[2026-05-01 14:16:43]       done 36.2s  ntok=596  hit_cap=False  think=0c  ans=2674c  ETA 21h 29m
[2026-05-01 14:16:43]     [26/576] E2-contested-science: generating (cap=2048)...
[2026-05-01 14:17:05]       done 22.4s  ntok=369  hit_cap=False  think=0c  ans=1734c  ETA 20h 45m
[2026-05-01 14:17:05]     [27/576] E3-bayesian-update: generating (cap=8192)...
[2026-05-01 14:22:19]       done 314.0s  ntok=5084  hit_cap=False  think=11712c  ans=1791c  ETA 21h 43m
[2026-05-01 14:22:19]     [28/576] E4-taxi-social: generating (cap=8192)...
[2026-05-01 14:30:51]       done 511.9s  ntok=8192  hit_cap=True  think=0c  ans=31885c  ETA 23h 42m
[2026-05-01 14:30:51]     [29/576] E5-ecological-fallacy: generating (cap=2048)...
[2026-05-01 14:31:54]       done 63.5s  ntok=1040  hit_cap=False  think=4047c  ans=1495c  ETA 23h 10m
[2026-05-01 14:31:54]     [30/576] N1-simpsons-paradox: generating (cap=4096)...
[2026-05-01 14:34:55]       done 180.5s  ntok=2940  hit_cap=False  think=10063c  ans=1517c  ETA 23h 16m
[2026-05-01 14:34:55]     [31/576] N2-conjunction-fallacy: generating (cap=2048)...
[2026-05-01 14:37:00]       done 125.2s  ntok=2048  hit_cap=True  think=0c  ans=9278c  ETA 23h 05m
[2026-05-01 14:37:00]     [32/576] N3-survivorship-bias: generating (cap=2048)...
[2026-05-01 14:37:38]       done 37.8s  ntok=622  hit_cap=False  think=0c  ans=3113c  ETA 22h 30m
[2026-05-01 14:37:38]   ─ α=+2.00 (a+02.00) ─
[2026-05-01 14:37:38]     [33/576] E1-confabulation: generating (cap=2048)...
[2026-05-01 14:39:43]       done 125.0s  ntok=2048  hit_cap=True  think=0c  ans=9174c  ETA 22h 21m
[2026-05-01 14:39:43]     [34/576] E2-contested-science: generating (cap=2048)...
[2026-05-01 14:40:21]       done 37.8s  ntok=622  hit_cap=False  think=0c  ans=2986c  ETA 21h 49m
[2026-05-01 14:40:21]     [35/576] E3-bayesian-update: generating (cap=8192)...
[2026-05-01 14:46:54]       done 393.6s  ntok=6354  hit_cap=False  think=14364c  ans=1551c  ETA 22h 51m
[2026-05-01 14:46:54]     [36/576] E4-taxi-social: generating (cap=8192)...
[2026-05-01 14:55:25]       done 510.6s  ntok=8192  hit_cap=True  think=0c  ans=38361c  ETA 24h 18m
[2026-05-01 14:55:25]     [37/576] E5-ecological-fallacy: generating (cap=2048)...
[2026-05-01 14:56:38]       done 73.6s  ntok=1209  hit_cap=False  think=4702c  ans=1219c  ETA 23h 54m
[2026-05-01 14:56:38]     [38/576] N1-simpsons-paradox: generating (cap=4096)...
[2026-05-01 14:58:58]       done 140.1s  ntok=2291  hit_cap=False  think=8760c  ans=866c  ETA 23h 46m
[2026-05-01 14:58:58]     [39/576] N2-conjunction-fallacy: generating (cap=2048)...
[2026-05-01 15:00:46]       done 107.1s  ntok=1757  hit_cap=False  think=0c  ans=8664c  ETA 23h 32m
[2026-05-01 15:00:46]     [40/576] N3-survivorship-bias: generating (cap=2048)...
[2026-05-01 15:01:23]       done 37.8s  ntok=621  hit_cap=False  think=0c  ans=3109c  ETA 23h 02m
[2026-05-01 15:01:23]   ─ α=+4.00 (a+04.00) ─
[2026-05-01 15:01:23]     [41/576] E1-confabulation: generating (cap=2048)...
[2026-05-01 15:03:23]       done 120.0s  ntok=1967  hit_cap=False  think=0c  ans=8012c  ETA 22h 52m
[2026-05-01 15:03:23]     [42/576] E2-contested-science: generating (cap=2048)...
[2026-05-01 15:03:53]       done 29.1s  ntok=480  hit_cap=False  think=0c  ans=2326c  ETA 22h 23m
[2026-05-01 15:03:53]     [43/576] E3-bayesian-update: generating (cap=8192)...
[2026-05-01 15:12:23]       done 510.7s  ntok=8192  hit_cap=True  think=0c  ans=24151c  ETA 23h 35m
[2026-05-01 15:12:23]     [44/576] E4-taxi-social: generating (cap=8192)...
[2026-05-01 15:20:54]       done 511.1s  ntok=8192  hit_cap=True  think=0c  ans=35062c  ETA 24h 43m
[2026-05-01 15:20:54]     [45/576] E5-ecological-fallacy: generating (cap=2048)...
[2026-05-01 15:22:59]       done 125.1s  ntok=2048  hit_cap=True  think=0c  ans=10254c  ETA 24h 32m
[2026-05-01 15:22:59]     [46/576] N1-simpsons-paradox: generating (cap=4096)...
[2026-05-01 15:24:15]       done 75.7s  ntok=1242  hit_cap=False  think=4666c  ans=888c  ETA 24h 12m
[2026-05-01 15:24:15]     [47/576] N2-conjunction-fallacy: generating (cap=2048)...
[2026-05-01 15:25:36]       done 81.3s  ntok=1334  hit_cap=False  think=0c  ans=6775c  ETA 23h 54m
[2026-05-01 15:25:36]     [48/576] N3-survivorship-bias: generating (cap=2048)...
[2026-05-01 15:26:12]       done 36.0s  ntok=592  hit_cap=False  think=0c  ans=2919c  ETA 23h 28m
[2026-05-01 15:26:12]   ─ α=+6.00 (a+06.00) ─
[2026-05-01 15:26:12]     [49/576] E1-confabulation: generating (cap=2048)...
[2026-05-01 15:27:34]       done 81.1s  ntok=1332  hit_cap=False  think=0c  ans=5456c  ETA 23h 11m
[2026-05-01 15:27:34]     [50/576] E2-contested-science: generating (cap=2048)...
[2026-05-01 15:28:11]       done 37.8s  ntok=623  hit_cap=False  think=0c  ans=2986c  ETA 22h 47m
[2026-05-01 15:28:11]     [51/576] E3-bayesian-update: generating (cap=8192)...
[2026-05-01 15:32:20]       done 248.6s  ntok=4045  hit_cap=False  think=8915c  ans=1711c  ETA 23h 00m
[2026-05-01 15:32:20]     [52/576] E4-taxi-social: generating (cap=8192)...
[2026-05-01 15:40:51]       done 510.6s  ntok=8192  hit_cap=True  think=0c  ans=36454c  ETA 23h 57m
[2026-05-01 15:40:51]     [53/576] E5-ecological-fallacy: generating (cap=2048)...
[2026-05-01 15:41:43]       done 52.3s  ntok=860  hit_cap=False  think=3129c  ans=1237c  ETA 23h 36m
[2026-05-01 15:41:43]     [54/576] N1-simpsons-paradox: generating (cap=4096)...
[2026-05-01 15:44:51]       done 188.5s  ntok=3072  hit_cap=False  think=12332c  ans=1292c  ETA 23h 37m
[2026-05-01 15:44:51]     [55/576] N2-conjunction-fallacy: generating (cap=2048)...
[2026-05-01 15:46:57]       done 125.1s  ntok=2048  hit_cap=True  think=0c  ans=10020c  ETA 23h 29m
[2026-05-01 15:46:57]     [56/576] N3-survivorship-bias: generating (cap=2048)...
[2026-05-01 15:47:35]       done 38.5s  ntok=633  hit_cap=False  think=0c  ans=3178c  ETA 23h 07m
[2026-05-01 15:47:35]   ─ α=+8.00 (a+08.00) ─
[2026-05-01 15:47:35]     [57/576] E1-confabulation: generating (cap=2048)...
[2026-05-01 15:49:33]       done 118.3s  ntok=1938  hit_cap=False  think=0c  ans=8047c  ETA 22h 58m
[2026-05-01 15:49:33]     [58/576] E2-contested-science: generating (cap=2048)...
[2026-05-01 15:50:10]       done 36.8s  ntok=605  hit_cap=False  think=0c  ans=2817c  ETA 22h 37m
[2026-05-01 15:50:10]     [59/576] E3-bayesian-update: generating (cap=8192)...
[2026-05-01 15:55:48]       done 337.4s  ntok=5460  hit_cap=False  think=11628c  ans=1861c  ETA 23h 01m
[2026-05-01 15:55:48]     [60/576] E4-taxi-social: generating (cap=8192)...
[2026-05-01 16:04:19]       done 511.0s  ntok=8192  hit_cap=True  think=0c  ans=34301c  ETA 23h 48m
[2026-05-01 16:04:19]     [61/576] E5-ecological-fallacy: generating (cap=2048)...
[2026-05-01 16:06:24]       done 125.1s  ntok=2048  hit_cap=True  think=0c  ans=8175c  ETA 23h 40m
[2026-05-01 16:06:24]     [62/576] N1-simpsons-paradox: generating (cap=4096)...
[2026-05-01 16:07:43]       done 79.0s  ntok=1296  hit_cap=False  think=4109c  ans=1127c  ETA 23h 25m
[2026-05-01 16:07:43]     [63/576] N2-conjunction-fallacy: generating (cap=2048)...
[2026-05-01 16:09:44]       done 121.4s  ntok=1988  hit_cap=False  think=0c  ans=9335c  ETA 23h 16m
[2026-05-01 16:09:44]     [64/576] N3-survivorship-bias: generating (cap=2048)...
[2026-05-01 16:10:20]       done 36.2s  ntok=595  hit_cap=False  think=0c  ans=2938c  ETA 22h 57m
[2026-05-01 16:10:20]   ─ α=+10.00 (a+10.00) ─
[2026-05-01 16:10:20]     [65/576] E1-confabulation: generating (cap=2048)...
[2026-05-01 16:11:13]       done 52.9s  ntok=869  hit_cap=False  think=0c  ans=3831c  ETA 22h 40m
[2026-05-01 16:11:13]     [66/576] E2-contested-science: generating (cap=2048)...
[2026-05-01 16:11:46]       done 32.7s  ntok=539  hit_cap=False  think=0c  ans=2408c  ETA 22h 21m
[2026-05-01 16:11:46]     [67/576] E3-bayesian-update: generating (cap=8192)...
[2026-05-01 16:20:17]       done 510.9s  ntok=8192  hit_cap=True  think=0c  ans=24032c  ETA 23h 03m
[2026-05-01 16:20:17]     [68/576] E4-taxi-social: generating (cap=8192)...
[2026-05-01 16:28:48]       done 510.8s  ntok=8192  hit_cap=True  think=0c  ans=35866c  ETA 23h 43m
[2026-05-01 16:28:48]     [69/576] E5-ecological-fallacy: generating (cap=2048)...
[2026-05-01 16:30:53]       done 124.9s  ntok=2048  hit_cap=True  think=0c  ans=9177c  ETA 23h 35m
[2026-05-01 16:30:53]     [70/576] N1-simpsons-paradox: generating (cap=4096)...
[2026-05-01 16:32:11]       done 78.0s  ntok=1281  hit_cap=False  think=4059c  ans=1134c  ETA 23h 22m
[2026-05-01 16:32:11]     [71/576] N2-conjunction-fallacy: generating (cap=2048)...
[2026-05-01 16:34:16]       done 125.0s  ntok=2048  hit_cap=True  think=0c  ans=8960c  ETA 23h 14m
[2026-05-01 16:34:16]     [72/576] N3-survivorship-bias: generating (cap=2048)...
[2026-05-01 16:34:58]       done 42.5s  ntok=697  hit_cap=False  think=0c  ans=3462c  ETA 22h 57m
[2026-05-01 16:34:58]   ─ α=+12.00 (a+12.00) ─
[2026-05-01 16:34:58]     [73/576] E1-confabulation: generating (cap=2048)...
[2026-05-01 16:35:25]       done 27.3s  ntok=449  hit_cap=False  think=0c  ans=2109c  ETA 22h 39m
[2026-05-01 16:35:25]     [74/576] E2-contested-science: generating (cap=2048)...
[2026-05-01 16:35:41]       done 15.4s  ntok=253  hit_cap=False  think=0c  ans=1173c  ETA 22h 19m
[2026-05-01 16:35:41]     [75/576] E3-bayesian-update: generating (cap=8192)...
[2026-05-01 16:40:15]       done 274.5s  ntok=4441  hit_cap=False  think=9315c  ans=1910c  ETA 22h 29m
[2026-05-01 16:40:15]     [76/576] E4-taxi-social: generating (cap=8192)...
[2026-05-01 16:48:46]       done 510.9s  ntok=8192  hit_cap=True  think=0c  ans=37609c  ETA 23h 05m
[2026-05-01 16:48:46]     [77/576] E5-ecological-fallacy: generating (cap=2048)...
[2026-05-01 16:50:27]       done 101.2s  ntok=1661  hit_cap=False  think=6653c  ans=1728c  ETA 22h 55m
[2026-05-01 16:50:27]     [78/576] N1-simpsons-paradox: generating (cap=4096)...
[2026-05-01 16:52:45]       done 137.2s  ntok=2241  hit_cap=False  think=7638c  ans=885c  ETA 22h 49m
[2026-05-01 16:52:45]     [79/576] N2-conjunction-fallacy: generating (cap=2048)...
[2026-05-01 16:54:50]       done 125.0s  ntok=2048  hit_cap=True  think=0c  ans=9816c  ETA 22h 42m
[2026-05-01 16:54:50]     [80/576] N3-survivorship-bias: generating (cap=2048)...
[2026-05-01 16:55:28]       done 38.5s  ntok=633  hit_cap=False  think=0c  ans=3185c  ETA 22h 27m
[2026-05-01 16:55:28]   ─ α=+16.00 (a+16.00) ─
[2026-05-01 16:55:28]     [81/576] E1-confabulation: generating (cap=2048)...
[2026-05-01 16:55:54]       done 25.7s  ntok=424  hit_cap=False  think=0c  ans=1915c  ETA 22h 10m
[2026-05-01 16:55:54]     [82/576] E2-contested-science: generating (cap=2048)...
[2026-05-01 16:56:31]       done 36.7s  ntok=605  hit_cap=False  think=0c  ans=2853c  ETA 21h 55m
[2026-05-01 16:56:31]     [83/576] E3-bayesian-update: generating (cap=8192)...
[2026-05-01 17:05:01]       done 510.4s  ntok=8192  hit_cap=True  think=18510c  ans=849c  ETA 22h 27m
[2026-05-01 17:05:01]     [84/576] E4-taxi-social: generating (cap=8192)...
[2026-05-01 17:13:32]       done 510.5s  ntok=8192  hit_cap=True  think=0c  ans=35828c  ETA 22h 58m
[2026-05-01 17:13:32]     [85/576] E5-ecological-fallacy: generating (cap=2048)...
[2026-05-01 17:15:36]       done 125.0s  ntok=2048  hit_cap=True  think=0c  ans=9790c  ETA 22h 51m
[2026-05-01 17:15:36]     [86/576] N1-simpsons-paradox: generating (cap=4096)...
[2026-05-01 17:18:32]       done 175.3s  ntok=2859  hit_cap=False  think=11516c  ans=951c  ETA 22h 49m
[2026-05-01 17:18:32]     [87/576] N2-conjunction-fallacy: generating (cap=2048)...
[2026-05-01 17:20:37]       done 125.0s  ntok=2048  hit_cap=True  think=0c  ans=9049c  ETA 22h 42m
[2026-05-01 17:20:37]     [88/576] N3-survivorship-bias: generating (cap=2048)...
[2026-05-01 17:22:04]       done 87.3s  ntok=1429  hit_cap=False  think=5709c  ans=1284c  ETA 22h 32m
[2026-05-01 17:22:04]   ─ α=+20.00 (a+20.00) ─
[2026-05-01 17:22:04]     [89/576] E1-confabulation: generating (cap=2048)...
[2026-05-01 17:22:56]       done 52.0s  ntok=851  hit_cap=False  think=0c  ans=3280c  ETA 22h 19m
[2026-05-01 17:22:56]     [90/576] E2-contested-science: generating (cap=2048)...
[2026-05-01 17:23:30]       done 33.5s  ntok=553  hit_cap=False  think=0c  ans=2613c  ETA 22h 04m
[2026-05-01 17:23:30]     [91/576] E3-bayesian-update: generating (cap=8192)...
[2026-05-01 17:29:08]       done 337.9s  ntok=5474  hit_cap=False  think=12093c  ans=1990c  ETA 22h 17m
[2026-05-01 17:29:08]     [92/576] E4-taxi-social: generating (cap=8192)...
[2026-05-01 17:37:38]       done 510.4s  ntok=8192  hit_cap=True  think=0c  ans=36380c  ETA 22h 44m
[2026-05-01 17:37:38]     [93/576] E5-ecological-fallacy: generating (cap=2048)...
[2026-05-01 17:38:55]       done 76.7s  ntok=1258  hit_cap=False  think=5660c  ans=902c  ETA 22h 34m
[2026-05-01 17:38:55]     [94/576] N1-simpsons-paradox: generating (cap=4096)...
[2026-05-01 17:40:28]       done 93.7s  ntok=1538  hit_cap=False  think=5003c  ans=892c  ETA 22h 24m
[2026-05-01 17:40:28]     [95/576] N2-conjunction-fallacy: generating (cap=2048)...
[2026-05-01 17:42:33]       done 124.9s  ntok=2048  hit_cap=True  think=0c  ans=9416c  ETA 22h 18m
[2026-05-01 17:42:33]     [96/576] N3-survivorship-bias: generating (cap=2048)...
[2026-05-01 17:43:49]       done 75.4s  ntok=1239  hit_cap=False  think=4038c  ans=1886c  ETA 22h 08m
[2026-05-01 17:43:49] ════════════════════════════════════════════════════════════════════════
[2026-05-01 17:43:49] VECTOR EG_L19 — corpus=triplets-evidence-grounding  layer=L19  norm=32.08
[2026-05-01 17:43:49]   ─ α=-8.00 (a-08.00) ─
[2026-05-01 17:43:49]     [97/576] E1-confabulation: generating (cap=2048)...
[2026-05-01 17:45:54]       done 124.8s  ntok=2048  hit_cap=True  think=0c  ans=7161c  ETA 22h 01m
[2026-05-01 17:45:54]     [98/576] E2-contested-science: generating (cap=2048)...
[2026-05-01 17:46:05]       done 11.5s  ntok=190  hit_cap=False  think=0c  ans=983c  ETA 21h 46m
[2026-05-01 17:46:05]     [99/576] E3-bayesian-update: generating (cap=8192)...
[2026-05-01 17:51:27]       done 321.5s  ntok=5214  hit_cap=False  think=12107c  ans=2002c  ETA 21h 56m
[2026-05-01 17:51:27]     [100/576] E4-taxi-social: generating (cap=8192)...
[2026-05-01 17:59:57]       done 510.2s  ntok=8192  hit_cap=True  think=0c  ans=37341c  ETA 22h 21m
[2026-05-01 17:59:57]     [101/576] E5-ecological-fallacy: generating (cap=2048)...
[2026-05-01 18:02:02]       done 124.8s  ntok=2048  hit_cap=True  think=8747c  ans=830c  ETA 22h 14m
[2026-05-01 18:02:02]     [102/576] N1-simpsons-paradox: generating (cap=4096)...
[2026-05-01 18:05:49]       done 226.9s  ntok=3696  hit_cap=False  think=13626c  ans=1311c  ETA 22h 16m
[2026-05-01 18:05:49]     [103/576] N2-conjunction-fallacy: generating (cap=2048)...
[2026-05-01 18:07:53]       done 124.9s  ntok=2048  hit_cap=True  think=0c  ans=8770c  ETA 22h 10m
[2026-05-01 18:07:53]     [104/576] N3-survivorship-bias: generating (cap=2048)...
[2026-05-01 18:08:29]       done 35.3s  ntok=581  hit_cap=False  think=0c  ans=2807c  ETA 21h 57m
[2026-05-01 18:08:29]   ─ α=-4.00 (a-04.00) ─
[2026-05-01 18:08:29]     [105/576] E1-confabulation: generating (cap=2048)...
[2026-05-01 18:09:34]       done 65.5s  ntok=1077  hit_cap=False  think=0c  ans=4660c  ETA 21h 47m
[2026-05-01 18:09:34]     [106/576] E2-contested-science: generating (cap=2048)...
[2026-05-01 18:10:13]       done 39.0s  ntok=641  hit_cap=False  think=0c  ans=2991c  ETA 21h 34m
[2026-05-01 18:10:13]     [107/576] E3-bayesian-update: generating (cap=8192)...
[2026-05-01 18:14:30]       done 256.7s  ntok=4176  hit_cap=False  think=9083c  ans=1688c  ETA 21h 38m
[2026-05-01 18:14:30]     [108/576] E4-taxi-social: generating (cap=8192)...
[2026-05-01 18:23:00]       done 510.2s  ntok=8192  hit_cap=True  think=0c  ans=35605c  ETA 22h 00m
[2026-05-01 18:23:00]     [109/576] E5-ecological-fallacy: generating (cap=2048)...
[2026-05-01 18:24:12]       done 71.9s  ntok=1183  hit_cap=False  think=4748c  ans=1372c  ETA 21h 51m
[2026-05-01 18:24:12]     [110/576] N1-simpsons-paradox: generating (cap=4096)...
[2026-05-01 18:25:37]       done 85.0s  ntok=1396  hit_cap=False  think=4693c  ans=1235c  ETA 21h 42m
[2026-05-01 18:25:37]     [111/576] N2-conjunction-fallacy: generating (cap=2048)...
[2026-05-01 18:26:32]       done 54.8s  ntok=901  hit_cap=False  think=0c  ans=4536c  ETA 21h 31m
[2026-05-01 18:26:32]     [112/576] N3-survivorship-bias: generating (cap=2048)...
[2026-05-01 18:27:28]       done 56.2s  ntok=925  hit_cap=False  think=0c  ans=4607c  ETA 21h 21m
[2026-05-01 18:27:28]   ─ α=-2.00 (a-02.00) ─
[2026-05-01 18:27:28]     [113/576] E1-confabulation: generating (cap=2048)...
[2026-05-01 18:29:33]       done 124.8s  ntok=2048  hit_cap=True  think=0c  ans=7649c  ETA 21h 15m
[2026-05-01 18:29:33]     [114/576] E2-contested-science: generating (cap=2048)...
[2026-05-01 18:29:57]       done 24.1s  ntok=397  hit_cap=False  think=0c  ans=1889c  ETA 21h 03m
[2026-05-01 18:29:57]     [115/576] E3-bayesian-update: generating (cap=8192)...
[2026-05-01 18:38:27]       done 510.3s  ntok=8192  hit_cap=True  think=23160c  ans=1140c  ETA 21h 23m
[2026-05-01 18:38:27]     [116/576] E4-taxi-social: generating (cap=8192)...
[2026-05-01 18:46:58]       done 510.3s  ntok=8192  hit_cap=True  think=0c  ans=35114c  ETA 21h 43m
[2026-05-01 18:46:58]     [117/576] E5-ecological-fallacy: generating (cap=2048)...
[2026-05-01 18:48:55]       done 117.2s  ntok=1918  hit_cap=False  think=8612c  ans=686c  ETA 21h 37m
[2026-05-01 18:48:55]     [118/576] N1-simpsons-paradox: generating (cap=4096)...
[2026-05-01 18:53:08]       done 252.9s  ntok=4096  hit_cap=True  think=0c  ans=15909c  ETA 21h 40m
[2026-05-01 18:53:08]     [119/576] N2-conjunction-fallacy: generating (cap=2048)...
[2026-05-01 18:55:13]       done 125.5s  ntok=2048  hit_cap=True  think=0c  ans=10151c  ETA 21h 34m
[2026-05-01 18:55:13]     [120/576] N3-survivorship-bias: generating (cap=2048)...
[2026-05-01 18:55:48]       done 34.9s  ntok=571  hit_cap=False  think=0c  ans=2779c  ETA 21h 22m
[2026-05-01 18:55:48]   ─ α=+1.00 (a+01.00) ─
[2026-05-01 18:55:48]     [121/576] E1-confabulation: generating (cap=2048)...
[2026-05-01 18:56:25]       done 36.8s  ntok=604  hit_cap=False  think=0c  ans=2758c  ETA 21h 11m
[2026-05-01 18:56:25]     [122/576] E2-contested-science: generating (cap=2048)...
[2026-05-01 18:57:45]       done 79.7s  ntok=1305  hit_cap=False  think=0c  ans=5742c  ETA 21h 03m
[2026-05-01 18:57:45]     [123/576] E3-bayesian-update: generating (cap=8192)...
[2026-05-01 19:02:31]       done 286.1s  ntok=4632  hit_cap=False  think=9100c  ans=1669c  ETA 21h 08m
[2026-05-01 19:02:31]     [124/576] E4-taxi-social: generating (cap=8192)...
[2026-05-01 19:07:16]       done 285.8s  ntok=4630  hit_cap=False  think=17026c  ans=1855c  ETA 21h 12m
[2026-05-01 19:07:16]     [125/576] E5-ecological-fallacy: generating (cap=2048)...
[2026-05-01 19:09:15]       done 119.0s  ntok=1952  hit_cap=False  think=8297c  ans=1219c  ETA 21h 06m
[2026-05-01 19:09:15]     [126/576] N1-simpsons-paradox: generating (cap=4096)...
[2026-05-01 19:13:28]       done 252.4s  ntok=4096  hit_cap=True  think=0c  ans=18712c  ETA 21h 08m
[2026-05-01 19:13:28]     [127/576] N2-conjunction-fallacy: generating (cap=2048)...
[2026-05-01 19:15:33]       done 125.0s  ntok=2048  hit_cap=True  think=0c  ans=9069c  ETA 21h 03m
[2026-05-01 19:15:33]     [128/576] N3-survivorship-bias: generating (cap=2048)...
[2026-05-01 19:16:12]       done 39.1s  ntok=644  hit_cap=False  think=0c  ans=3217c  ETA 20h 53m
[2026-05-01 19:16:12]   ─ α=+2.00 (a+02.00) ─
[2026-05-01 19:16:12]     [129/576] E1-confabulation: generating (cap=2048)...
[2026-05-01 19:16:45]       done 32.9s  ntok=542  hit_cap=False  think=0c  ans=2380c  ETA 20h 42m
[2026-05-01 19:16:45]     [130/576] E2-contested-science: generating (cap=2048)...
[2026-05-01 19:18:50]       done 124.9s  ntok=2048  hit_cap=True  think=0c  ans=8785c  ETA 20h 37m
[2026-05-01 19:18:50]     [131/576] E3-bayesian-update: generating (cap=8192)...
[2026-05-01 19:22:44]       done 234.2s  ntok=3816  hit_cap=False  think=9060c  ans=1811c  ETA 20h 38m
[2026-05-01 19:22:44]     [132/576] E4-taxi-social: generating (cap=8192)...
[2026-05-01 19:31:15]       done 510.8s  ntok=8192  hit_cap=True  think=0c  ans=35280c  ETA 20h 54m
[2026-05-01 19:31:15]     [133/576] E5-ecological-fallacy: generating (cap=2048)...
[2026-05-01 19:32:47]       done 92.6s  ntok=1519  hit_cap=False  think=6053c  ans=1749c  ETA 20h 47m
[2026-05-01 19:32:47]     [134/576] N1-simpsons-paradox: generating (cap=4096)...
[2026-05-01 19:34:03]       done 75.5s  ntok=1241  hit_cap=False  think=4380c  ans=808c  ETA 20h 39m
[2026-05-01 19:34:03]     [135/576] N2-conjunction-fallacy: generating (cap=2048)...
[2026-05-01 19:35:16]       done 73.1s  ntok=1200  hit_cap=False  think=0c  ans=6239c  ETA 20h 31m
[2026-05-01 19:35:16]     [136/576] N3-survivorship-bias: generating (cap=2048)...
[2026-05-01 19:35:55]       done 39.0s  ntok=641  hit_cap=False  think=0c  ans=3192c  ETA 20h 22m
[2026-05-01 19:35:55]   ─ α=+4.00 (a+04.00) ─
[2026-05-01 19:35:55]     [137/576] E1-confabulation: generating (cap=2048)...
[2026-05-01 19:36:29]       done 34.5s  ntok=567  hit_cap=False  think=0c  ans=2636c  ETA 20h 12m
[2026-05-01 19:36:29]     [138/576] E2-contested-science: generating (cap=2048)...
[2026-05-01 19:37:00]       done 30.3s  ntok=498  hit_cap=False  think=0c  ans=2200c  ETA 20h 02m
[2026-05-01 19:37:00]     [139/576] E3-bayesian-update: generating (cap=8192)...
[2026-05-01 19:42:40]       done 340.7s  ntok=5509  hit_cap=False  think=12381c  ans=1697c  ETA 20h 08m
[2026-05-01 19:42:40]     [140/576] E4-taxi-social: generating (cap=8192)...
[2026-05-01 19:51:11]       done 511.1s  ntok=8192  hit_cap=True  think=0c  ans=34310c  ETA 20h 23m
[2026-05-01 19:51:11]     [141/576] E5-ecological-fallacy: generating (cap=2048)...
[2026-05-01 19:52:37]       done 85.8s  ntok=1407  hit_cap=False  think=5527c  ans=1810c  ETA 20h 16m
[2026-05-01 19:52:37]     [142/576] N1-simpsons-paradox: generating (cap=4096)...
[2026-05-01 19:55:44]       done 187.0s  ntok=3042  hit_cap=False  think=10736c  ans=2090c  ETA 20h 15m
[2026-05-01 19:55:44]     [143/576] N2-conjunction-fallacy: generating (cap=2048)...
[2026-05-01 19:56:17]       done 32.9s  ntok=541  hit_cap=False  think=0c  ans=2620c  ETA 20h 05m
[2026-05-01 19:56:17]     [144/576] N3-survivorship-bias: generating (cap=2048)...
[2026-05-01 19:56:56]       done 38.7s  ntok=636  hit_cap=False  think=0c  ans=3165c  ETA 19h 56m
[2026-05-01 19:56:56]   ─ α=+6.00 (a+06.00) ─
[2026-05-01 19:56:56]     [145/576] E1-confabulation: generating (cap=2048)...
[2026-05-01 19:59:01]       done 125.1s  ntok=2048  hit_cap=True  think=0c  ans=8256c  ETA 19h 51m
[2026-05-01 19:59:01]     [146/576] E2-contested-science: generating (cap=2048)...
[2026-05-01 19:59:29]       done 28.1s  ntok=463  hit_cap=False  think=0c  ans=2160c  ETA 19h 41m
[2026-05-01 19:59:29]     [147/576] E3-bayesian-update: generating (cap=8192)...
[2026-05-01 20:02:55]       done 206.1s  ntok=3354  hit_cap=False  think=6562c  ans=1643c  ETA 19h 41m
[2026-05-01 20:02:55]     [148/576] E4-taxi-social: generating (cap=8192)...
[2026-05-01 20:11:26]       done 511.0s  ntok=8192  hit_cap=True  think=0c  ans=36001c  ETA 19h 55m
[2026-05-01 20:11:26]     [149/576] E5-ecological-fallacy: generating (cap=2048)...
[2026-05-01 20:12:28]       done 61.5s  ntok=1012  hit_cap=False  think=4195c  ans=732c  ETA 19h 47m
[2026-05-01 20:12:28]     [150/576] N1-simpsons-paradox: generating (cap=4096)...
[2026-05-01 20:16:40]       done 252.1s  ntok=4096  hit_cap=True  think=0c  ans=14113c  ETA 19h 48m
[2026-05-01 20:16:40]     [151/576] N2-conjunction-fallacy: generating (cap=2048)...
[2026-05-01 20:18:44]       done 124.8s  ntok=2048  hit_cap=True  think=0c  ans=8531c  ETA 19h 43m
[2026-05-01 20:18:44]     [152/576] N3-survivorship-bias: generating (cap=2048)...
[2026-05-01 20:19:46]       done 61.4s  ntok=1010  hit_cap=False  think=0c  ans=4801c  ETA 19h 35m
[2026-05-01 20:19:46]   ─ α=+8.00 (a+08.00) ─
[2026-05-01 20:19:46]     [153/576] E1-confabulation: generating (cap=2048)...
[2026-05-01 20:20:35]       done 49.1s  ntok=808  hit_cap=False  think=0c  ans=3412c  ETA 19h 27m
[2026-05-01 20:20:35]     [154/576] E2-contested-science: generating (cap=2048)...
[2026-05-01 20:21:33]       done 57.6s  ntok=943  hit_cap=False  think=0c  ans=4395c  ETA 19h 20m
[2026-05-01 20:21:33]     [155/576] E3-bayesian-update: generating (cap=8192)...
[2026-05-01 20:25:45]       done 252.9s  ntok=4109  hit_cap=False  think=8303c  ans=1600c  ETA 19h 21m
[2026-05-01 20:25:45]     [156/576] E4-taxi-social: generating (cap=8192)...
[2026-05-01 20:34:15]       done 509.7s  ntok=8192  hit_cap=True  think=0c  ans=37702c  ETA 19h 34m
[2026-05-01 20:34:15]     [157/576] E5-ecological-fallacy: generating (cap=2048)...
[2026-05-01 20:36:20]       done 124.7s  ntok=2048  hit_cap=True  think=0c  ans=10300c  ETA 19h 29m
[2026-05-01 20:36:20]     [158/576] N1-simpsons-paradox: generating (cap=4096)...
[2026-05-01 20:40:31]       done 251.1s  ntok=4096  hit_cap=True  think=0c  ans=19091c  ETA 19h 30m
[2026-05-01 20:40:31]     [159/576] N2-conjunction-fallacy: generating (cap=2048)...
[2026-05-01 20:41:08]       done 37.2s  ntok=615  hit_cap=False  think=0c  ans=2871c  ETA 19h 21m
[2026-05-01 20:41:08]     [160/576] N3-survivorship-bias: generating (cap=2048)...
[2026-05-01 20:42:48]       done 99.5s  ntok=1639  hit_cap=False  think=0c  ans=7758c  ETA 19h 15m
[2026-05-01 20:42:48]   ─ α=+10.00 (a+10.00) ─
[2026-05-01 20:42:48]     [161/576] E1-confabulation: generating (cap=2048)...
[2026-05-01 20:43:45]       done 56.8s  ntok=939  hit_cap=False  think=0c  ans=4035c  ETA 19h 08m
[2026-05-01 20:43:45]     [162/576] E2-contested-science: generating (cap=2048)...
[2026-05-01 20:44:12]       done 27.6s  ntok=457  hit_cap=False  think=0c  ans=2131c  ETA 18h 59m
[2026-05-01 20:44:12]     [163/576] E3-bayesian-update: generating (cap=8192)...
[2026-05-01 20:52:45]       done 512.3s  ntok=8192  hit_cap=True  think=0c  ans=18898c  ETA 19h 11m
[2026-05-01 20:52:45]     [164/576] E4-taxi-social: generating (cap=8192)...
[2026-05-01 21:01:16]       done 511.2s  ntok=8192  hit_cap=True  think=0c  ans=35497c  ETA 19h 23m
[2026-05-01 21:01:16]     [165/576] E5-ecological-fallacy: generating (cap=2048)...
[2026-05-01 21:03:20]       done 124.7s  ntok=2048  hit_cap=True  think=0c  ans=10127c  ETA 19h 18m
[2026-05-01 21:03:20]     [166/576] N1-simpsons-paradox: generating (cap=4096)...
[2026-05-01 21:05:48]       done 147.6s  ntok=2418  hit_cap=False  think=8734c  ans=1528c  ETA 19h 14m
[2026-05-01 21:05:48]     [167/576] N2-conjunction-fallacy: generating (cap=2048)...
[2026-05-01 21:06:25]       done 37.0s  ntok=610  hit_cap=False  think=0c  ans=2807c  ETA 19h 06m
[2026-05-01 21:06:25]     [168/576] N3-survivorship-bias: generating (cap=2048)...
[2026-05-01 21:07:36]       done 71.0s  ntok=1170  hit_cap=False  think=0c  ans=5747c  ETA 19h 00m
[2026-05-01 21:07:36]   ─ α=+12.00 (a+12.00) ─
[2026-05-01 21:07:36]     [169/576] E1-confabulation: generating (cap=2048)...
[2026-05-01 21:08:10]       done 33.6s  ntok=555  hit_cap=False  think=0c  ans=2501c  ETA 18h 51m
[2026-05-01 21:08:10]     [170/576] E2-contested-science: generating (cap=2048)...
[2026-05-01 21:08:54]       done 44.1s  ntok=728  hit_cap=False  think=0c  ans=3351c  ETA 18h 44m
[2026-05-01 21:08:54]     [171/576] E3-bayesian-update: generating (cap=8192)...
[2026-05-01 21:13:51]       done 297.0s  ntok=4834  hit_cap=False  think=10733c  ans=1663c  ETA 18h 46m
[2026-05-01 21:13:51]     [172/576] E4-taxi-social: generating (cap=8192)...
[2026-05-01 21:22:19]       done 508.6s  ntok=8192  hit_cap=True  think=0c  ans=34774c  ETA 18h 57m
[2026-05-01 21:22:19]     [173/576] E5-ecological-fallacy: generating (cap=2048)...
[2026-05-01 21:23:32]       done 72.4s  ntok=1195  hit_cap=False  think=4416c  ans=1315c  ETA 18h 50m
[2026-05-01 21:23:32]     [174/576] N1-simpsons-paradox: generating (cap=4096)...
[2026-05-01 21:24:46]       done 74.3s  ntok=1225  hit_cap=False  think=3736c  ans=1037c  ETA 18h 44m
[2026-05-01 21:24:46]     [175/576] N2-conjunction-fallacy: generating (cap=2048)...
[2026-05-01 21:25:32]       done 45.9s  ntok=759  hit_cap=False  think=0c  ans=3821c  ETA 18h 36m
[2026-05-01 21:25:32]     [176/576] N3-survivorship-bias: generating (cap=2048)...
[2026-05-01 21:26:45]       done 72.5s  ntok=1196  hit_cap=False  think=0c  ans=5681c  ETA 18h 30m
[2026-05-01 21:26:45]   ─ α=+16.00 (a+16.00) ─
[2026-05-01 21:26:45]     [177/576] E1-confabulation: generating (cap=2048)...
[2026-05-01 21:28:49]       done 124.4s  ntok=2048  hit_cap=True  think=0c  ans=7566c  ETA 18h 25m
[2026-05-01 21:28:49]     [178/576] E2-contested-science: generating (cap=2048)...
[2026-05-01 21:29:29]       done 40.3s  ntok=666  hit_cap=False  think=0c  ans=3029c  ETA 18h 18m
[2026-05-01 21:29:29]     [179/576] E3-bayesian-update: generating (cap=8192)...
[2026-05-01 21:33:34]       done 245.1s  ntok=3996  hit_cap=False  think=7963c  ans=1631c  ETA 18h 18m
[2026-05-01 21:33:34]     [180/576] E4-taxi-social: generating (cap=8192)...
[2026-05-01 21:42:05]       done 510.7s  ntok=8192  hit_cap=True  think=0c  ans=36943c  ETA 18h 28m
[2026-05-01 21:42:05]     [181/576] E5-ecological-fallacy: generating (cap=2048)...
[2026-05-01 21:43:05]       done 60.2s  ntok=988  hit_cap=False  think=3482c  ans=1443c  ETA 18h 21m
[2026-05-01 21:43:05]     [182/576] N1-simpsons-paradox: generating (cap=4096)...
[2026-05-01 21:43:51]       done 45.8s  ntok=752  hit_cap=False  think=2623c  ans=616c  ETA 18h 14m
[2026-05-01 21:43:51]     [183/576] N2-conjunction-fallacy: generating (cap=2048)...
[2026-05-01 21:44:33]       done 42.1s  ntok=691  hit_cap=False  think=0c  ans=3418c  ETA 18h 07m
[2026-05-01 21:44:33]     [184/576] N3-survivorship-bias: generating (cap=2048)...
[2026-05-01 21:45:50]       done 77.1s  ntok=1263  hit_cap=False  think=0c  ans=5859c  ETA 18h 01m
[2026-05-01 21:45:50]   ─ α=+20.00 (a+20.00) ─
[2026-05-01 21:45:50]     [185/576] E1-confabulation: generating (cap=2048)...
[2026-05-01 21:46:52]       done 61.8s  ntok=1014  hit_cap=False  think=0c  ans=3728c  ETA 17h 55m
[2026-05-01 21:46:52]     [186/576] E2-contested-science: generating (cap=2048)...
[2026-05-01 21:47:39]       done 47.4s  ntok=778  hit_cap=False  think=0c  ans=3597c  ETA 17h 48m
[2026-05-01 21:47:39]     [187/576] E3-bayesian-update: generating (cap=8192)...
[2026-05-01 21:50:29]       done 169.5s  ntok=2764  hit_cap=False  think=5603c  ans=1699c  ETA 17h 45m
[2026-05-01 21:50:29]     [188/576] E4-taxi-social: generating (cap=8192)...
[2026-05-01 21:59:05]       done 516.1s  ntok=8192  hit_cap=True  think=0c  ans=34999c  ETA 17h 55m
[2026-05-01 21:59:05]     [189/576] E5-ecological-fallacy: generating (cap=2048)...
[2026-05-01 22:01:12]       done 126.6s  ntok=2048  hit_cap=True  think=0c  ans=9501c  ETA 17h 50m
[2026-05-01 22:01:12]     [190/576] N1-simpsons-paradox: generating (cap=4096)...
[2026-05-01 22:04:11]       done 179.2s  ntok=2889  hit_cap=False  think=12980c  ans=717c  ETA 17h 48m
[2026-05-01 22:04:11]     [191/576] N2-conjunction-fallacy: generating (cap=2048)...
[2026-05-01 22:05:00]       done 48.8s  ntok=792  hit_cap=False  think=0c  ans=3831c  ETA 17h 41m
[2026-05-01 22:05:00]     [192/576] N3-survivorship-bias: generating (cap=2048)...
[2026-05-01 22:06:07]       done 67.4s  ntok=1094  hit_cap=False  think=0c  ans=5112c  ETA 17h 35m
[2026-05-01 22:06:07] ════════════════════════════════════════════════════════════════════════
[2026-05-01 22:06:07] VECTOR RT_L19 — corpus=triplets-reasoning-transparency  layer=L19  norm=30.10
[2026-05-01 22:06:07]   ─ α=-8.00 (a-08.00) ─
[2026-05-01 22:06:07]     [193/576] E1-confabulation: generating (cap=2048)...
[2026-05-01 22:06:52]       done 45.0s  ntok=732  hit_cap=False  think=0c  ans=3283c  ETA 17h 29m
[2026-05-01 22:06:52]     [194/576] E2-contested-science: generating (cap=2048)...
[2026-05-01 22:07:52]       done 59.5s  ntok=968  hit_cap=False  think=0c  ans=4295c  ETA 17h 22m
[2026-05-01 22:07:52]     [195/576] E3-bayesian-update: generating (cap=8192)...
[2026-05-01 22:16:28]       done 516.6s  ntok=8192  hit_cap=True  think=0c  ans=20776c  ETA 17h 31m
[2026-05-01 22:16:28]     [196/576] E4-taxi-social: generating (cap=8192)...
[2026-05-01 22:25:05]       done 516.6s  ntok=8192  hit_cap=True  think=0c  ans=35285c  ETA 17h 40m
[2026-05-01 22:25:05]     [197/576] E5-ecological-fallacy: generating (cap=2048)...
[2026-05-01 22:26:08]       done 63.8s  ntok=1038  hit_cap=False  think=4663c  ans=726c  ETA 17h 34m
[2026-05-01 22:26:08]     [198/576] N1-simpsons-paradox: generating (cap=4096)...
[2026-05-01 22:28:29]       done 140.7s  ntok=2272  hit_cap=False  think=8834c  ans=997c  ETA 17h 30m
[2026-05-01 22:28:29]     [199/576] N2-conjunction-fallacy: generating (cap=2048)...
[2026-05-01 22:29:36]       done 67.3s  ntok=1092  hit_cap=False  think=0c  ans=5650c  ETA 17h 24m
[2026-05-01 22:29:36]     [200/576] N3-survivorship-bias: generating (cap=2048)...
[2026-05-01 22:30:17]       done 40.9s  ntok=665  hit_cap=False  think=0c  ans=3221c  ETA 17h 17m
[2026-05-01 22:30:17]   ─ α=-4.00 (a-04.00) ─
[2026-05-01 22:30:17]     [201/576] E1-confabulation: generating (cap=2048)...
[2026-05-01 22:32:24]       done 126.5s  ntok=2048  hit_cap=True  think=0c  ans=7797c  ETA 17h 13m
[2026-05-01 22:32:24]     [202/576] E2-contested-science: generating (cap=2048)...
[2026-05-01 22:33:22]       done 57.9s  ntok=941  hit_cap=False  think=0c  ans=4120c  ETA 17h 07m
[2026-05-01 22:33:22]     [203/576] E3-bayesian-update: generating (cap=8192)...
[2026-05-01 22:38:46]       done 324.2s  ntok=5189  hit_cap=False  think=11657c  ans=1571c  ETA 17h 10m
[2026-05-01 22:38:46]     [204/576] E4-taxi-social: generating (cap=8192)...
[2026-05-01 22:47:23]       done 517.1s  ntok=8192  hit_cap=True  think=0c  ans=36697c  ETA 17h 17m
[2026-05-01 22:47:23]     [205/576] E5-ecological-fallacy: generating (cap=2048)...
[2026-05-01 22:48:30]       done 67.4s  ntok=1095  hit_cap=False  think=4814c  ans=772c  ETA 17h 12m
[2026-05-01 22:48:30]     [206/576] N1-simpsons-paradox: generating (cap=4096)...
[2026-05-01 22:50:13]       done 102.7s  ntok=1662  hit_cap=False  think=6136c  ans=1056c  ETA 17h 07m
[2026-05-01 22:50:13]     [207/576] N2-conjunction-fallacy: generating (cap=2048)...
[2026-05-01 22:51:39]       done 86.1s  ntok=1396  hit_cap=False  think=0c  ans=7065c  ETA 17h 02m
[2026-05-01 22:51:39]     [208/576] N3-survivorship-bias: generating (cap=2048)...
[2026-05-01 22:52:20]       done 40.7s  ntok=662  hit_cap=False  think=0c  ans=3202c  ETA 16h 55m
[2026-05-01 22:52:20]   ─ α=-2.00 (a-02.00) ─
[2026-05-01 22:52:20]     [209/576] E1-confabulation: generating (cap=2048)...
[2026-05-01 22:52:56]       done 36.5s  ntok=594  hit_cap=False  think=0c  ans=2671c  ETA 16h 49m
[2026-05-01 22:52:56]     [210/576] E2-contested-science: generating (cap=2048)...
[2026-05-01 22:53:22]       done 25.4s  ntok=414  hit_cap=False  think=0c  ans=1957c  ETA 16h 42m
[2026-05-01 22:53:22]     [211/576] E3-bayesian-update: generating (cap=8192)...
[2026-05-01 22:57:54]       done 272.4s  ntok=4378  hit_cap=False  think=11424c  ans=1778c  ETA 16h 42m
[2026-05-01 22:57:54]     [212/576] E4-taxi-social: generating (cap=8192)...
[2026-05-01 23:06:31]       done 516.7s  ntok=8192  hit_cap=True  think=0c  ans=36606c  ETA 16h 50m
[2026-05-01 23:06:31]     [213/576] E5-ecological-fallacy: generating (cap=2048)...
[2026-05-01 23:07:24]       done 52.9s  ntok=860  hit_cap=False  think=3574c  ans=809c  ETA 16h 44m
[2026-05-01 23:07:24]     [214/576] N1-simpsons-paradox: generating (cap=4096)...
[2026-05-01 23:10:37]       done 193.6s  ntok=3121  hit_cap=False  think=10600c  ans=929c  ETA 16h 42m
[2026-05-01 23:10:37]     [215/576] N2-conjunction-fallacy: generating (cap=2048)...
[2026-05-01 23:12:44]       done 126.5s  ntok=2048  hit_cap=True  think=0c  ans=8649c  ETA 16h 38m
[2026-05-01 23:12:44]     [216/576] N3-survivorship-bias: generating (cap=2048)...
[2026-05-01 23:13:22]       done 37.8s  ntok=615  hit_cap=False  think=0c  ans=3012c  ETA 16h 31m
[2026-05-01 23:13:22]   ─ α=+1.00 (a+01.00) ─
[2026-05-01 23:13:22]     [217/576] E1-confabulation: generating (cap=2048)...
[2026-05-01 23:14:53]       done 91.5s  ntok=1486  hit_cap=False  think=0c  ans=6505c  ETA 16h 27m
[2026-05-01 23:14:53]     [218/576] E2-contested-science: generating (cap=2048)...
[2026-05-01 23:15:20]       done 26.5s  ntok=431  hit_cap=False  think=0c  ans=2063c  ETA 16h 20m
[2026-05-01 23:15:20]     [219/576] E3-bayesian-update: generating (cap=8192)...
[2026-05-01 23:19:36]       done 256.0s  ntok=4117  hit_cap=False  think=8365c  ans=1994c  ETA 16h 20m
[2026-05-01 23:19:36]     [220/576] E4-taxi-social: generating (cap=8192)...
[2026-05-01 23:28:12]       done 516.4s  ntok=8192  hit_cap=True  think=0c  ans=36626c  ETA 16h 27m
[2026-05-01 23:28:12]     [221/576] E5-ecological-fallacy: generating (cap=2048)...
[2026-05-01 23:29:24]       done 72.3s  ntok=1174  hit_cap=False  think=4774c  ans=1339c  ETA 16h 21m
[2026-05-01 23:29:24]     [222/576] N1-simpsons-paradox: generating (cap=4096)...
[2026-05-01 23:32:50]       done 206.0s  ntok=3321  hit_cap=False  think=12788c  ans=1578c  ETA 16h 20m
[2026-05-01 23:32:50]     [223/576] N2-conjunction-fallacy: generating (cap=2048)...
[2026-05-01 23:34:38]       done 107.9s  ntok=1750  hit_cap=False  think=0c  ans=8603c  ETA 16h 15m
[2026-05-01 23:34:38]     [224/576] N3-survivorship-bias: generating (cap=2048)...
[2026-05-01 23:35:40]       done 61.6s  ntok=1000  hit_cap=False  think=0c  ans=4800c  ETA 16h 10m
[2026-05-01 23:35:40]   ─ α=+2.00 (a+02.00) ─
[2026-05-01 23:35:40]     [225/576] E1-confabulation: generating (cap=2048)...
[2026-05-01 23:37:45]       done 125.7s  ntok=2048  hit_cap=True  think=0c  ans=8402c  ETA 16h 06m
[2026-05-01 23:37:45]     [226/576] E2-contested-science: generating (cap=2048)...
[2026-05-01 23:38:04]       done 18.8s  ntok=311  hit_cap=False  think=0c  ans=1510c  ETA 16h 00m
[2026-05-01 23:38:04]     [227/576] E3-bayesian-update: generating (cap=8192)...
[2026-05-01 23:46:33]       done 509.0s  ntok=8192  hit_cap=True  think=0c  ans=28213c  ETA 16h 06m
[2026-05-01 23:46:33]     [228/576] E4-taxi-social: generating (cap=8192)...
[2026-05-01 23:55:07]       done 513.5s  ntok=8192  hit_cap=True  think=0c  ans=37629c  ETA 16h 12m
[2026-05-01 23:55:07]     [229/576] E5-ecological-fallacy: generating (cap=2048)...
[2026-05-01 23:57:13]       done 125.8s  ntok=2048  hit_cap=True  think=0c  ans=10509c  ETA 16h 08m
[2026-05-01 23:57:13]     [230/576] N1-simpsons-paradox: generating (cap=4096)...
[2026-05-01 23:58:42]       done 89.2s  ntok=1455  hit_cap=False  think=5288c  ans=994c  ETA 16h 03m
[2026-05-01 23:58:42]     [231/576] N2-conjunction-fallacy: generating (cap=2048)...
[2026-05-01 23:59:16]       done 34.2s  ntok=559  hit_cap=False  think=0c  ans=2617c  ETA 15h 57m
[2026-05-01 23:59:16]     [232/576] N3-survivorship-bias: generating (cap=2048)...
[2026-05-01 23:59:51]       done 35.1s  ntok=574  hit_cap=False  think=0c  ans=2736c  ETA 15h 51m
[2026-05-01 23:59:51]   ─ α=+4.00 (a+04.00) ─
[2026-05-01 23:59:51]     [233/576] E1-confabulation: generating (cap=2048)...
[2026-05-02 00:00:25]       done 33.9s  ntok=555  hit_cap=False  think=0c  ans=2594c  ETA 15h 45m
[2026-05-02 00:00:25]     [234/576] E2-contested-science: generating (cap=2048)...
[2026-05-02 00:00:56]       done 30.5s  ntok=499  hit_cap=False  think=0c  ans=2239c  ETA 15h 39m
[2026-05-02 00:00:56]     [235/576] E3-bayesian-update: generating (cap=8192)...
[2026-05-02 00:05:30]       done 274.6s  ntok=4426  hit_cap=False  think=9539c  ans=2180c  ETA 15h 39m
[2026-05-02 00:05:30]     [236/576] E4-taxi-social: generating (cap=8192)...
[2026-05-02 00:14:05]       done 514.6s  ntok=8192  hit_cap=True  think=0c  ans=38595c  ETA 15h 44m
[2026-05-02 00:14:05]     [237/576] E5-ecological-fallacy: generating (cap=2048)...
[2026-05-02 00:16:11]       done 126.0s  ntok=2048  hit_cap=True  think=0c  ans=9761c  ETA 15h 41m
[2026-05-02 00:16:11]     [238/576] N1-simpsons-paradox: generating (cap=4096)...
[2026-05-02 00:17:23]       done 71.7s  ntok=1168  hit_cap=False  think=2847c  ans=1508c  ETA 15h 36m
[2026-05-02 00:17:23]     [239/576] N2-conjunction-fallacy: generating (cap=2048)...
[2026-05-02 00:18:03]       done 40.1s  ntok=654  hit_cap=False  think=0c  ans=2998c  ETA 15h 30m
[2026-05-02 00:18:03]     [240/576] N3-survivorship-bias: generating (cap=2048)...
[2026-05-02 00:18:56]       done 53.5s  ntok=874  hit_cap=False  think=0c  ans=4155c  ETA 15h 25m
[2026-05-02 00:18:56]   ─ α=+6.00 (a+06.00) ─
[2026-05-02 00:18:56]     [241/576] E1-confabulation: generating (cap=2048)...
[2026-05-02 00:19:25]       done 28.7s  ntok=470  hit_cap=False  think=0c  ans=2039c  ETA 15h 19m
[2026-05-02 00:19:25]     [242/576] E2-contested-science: generating (cap=2048)...
[2026-05-02 00:19:50]       done 24.9s  ntok=407  hit_cap=False  think=0c  ans=1935c  ETA 15h 13m
[2026-05-02 00:19:50]     [243/576] E3-bayesian-update: generating (cap=8192)...
[2026-05-02 00:26:14]       done 383.6s  ntok=6145  hit_cap=False  think=13956c  ans=1817c  ETA 15h 15m
[2026-05-02 00:26:14]     [244/576] E4-taxi-social: generating (cap=8192)...
[2026-05-02 00:34:46]       done 512.0s  ntok=8192  hit_cap=True  think=0c  ans=35240c  ETA 15h 20m
[2026-05-02 00:34:46]     [245/576] E5-ecological-fallacy: generating (cap=2048)...
[2026-05-02 00:36:50]       done 124.8s  ntok=2048  hit_cap=True  think=0c  ans=8808c  ETA 15h 16m
[2026-05-02 00:36:50]     [246/576] N1-simpsons-paradox: generating (cap=4096)...
[2026-05-02 00:40:14]       done 203.8s  ntok=3324  hit_cap=False  think=13693c  ans=1120c  ETA 15h 14m
[2026-05-02 00:40:14]     [247/576] N2-conjunction-fallacy: generating (cap=2048)...
[2026-05-02 00:40:48]       done 33.6s  ntok=554  hit_cap=False  think=0c  ans=2697c  ETA 15h 09m
[2026-05-02 00:40:48]     [248/576] N3-survivorship-bias: generating (cap=2048)...
[2026-05-02 00:41:19]       done 31.6s  ntok=520  hit_cap=False  think=0c  ans=2514c  ETA 15h 03m
[2026-05-02 00:41:19]   ─ α=+8.00 (a+08.00) ─
[2026-05-02 00:41:19]     [249/576] E1-confabulation: generating (cap=2048)...
[2026-05-02 00:42:05]       done 45.4s  ntok=747  hit_cap=False  think=0c  ans=3391c  ETA 14h 58m
[2026-05-02 00:42:05]     [250/576] E2-contested-science: generating (cap=2048)...
[2026-05-02 00:42:29]       done 24.7s  ntok=406  hit_cap=False  think=0c  ans=1934c  ETA 14h 52m
[2026-05-02 00:42:29]     [251/576] E3-bayesian-update: generating (cap=8192)...
[2026-05-02 00:49:29]       done 420.0s  ntok=6777  hit_cap=False  think=14865c  ans=1870c  ETA 14h 55m
[2026-05-02 00:49:29]     [252/576] E4-taxi-social: generating (cap=8192)...
[2026-05-02 00:58:00]       done 510.8s  ntok=8192  hit_cap=True  think=0c  ans=35371c  ETA 14h 59m
[2026-05-02 00:58:00]     [253/576] E5-ecological-fallacy: generating (cap=2048)...
[2026-05-02 01:00:05]       done 125.1s  ntok=2048  hit_cap=True  think=0c  ans=9984c  ETA 14h 56m
[2026-05-02 01:00:05]     [254/576] N1-simpsons-paradox: generating (cap=4096)...
[2026-05-02 01:02:49]       done 163.7s  ntok=2674  hit_cap=False  think=10277c  ans=1000c  ETA 14h 53m
[2026-05-02 01:02:49]     [255/576] N2-conjunction-fallacy: generating (cap=2048)...
[2026-05-02 01:03:35]       done 46.2s  ntok=760  hit_cap=False  think=0c  ans=3616c  ETA 14h 47m
[2026-05-02 01:03:35]     [256/576] N3-survivorship-bias: generating (cap=2048)...
[2026-05-02 01:04:32]       done 57.3s  ntok=940  hit_cap=False  think=0c  ans=4631c  ETA 14h 42m
[2026-05-02 01:04:32]   ─ α=+10.00 (a+10.00) ─
[2026-05-02 01:04:32]     [257/576] E1-confabulation: generating (cap=2048)...
[2026-05-02 01:05:42]       done 69.3s  ntok=1136  hit_cap=False  think=0c  ans=4336c  ETA 14h 38m
[2026-05-02 01:05:42]     [258/576] E2-contested-science: generating (cap=2048)...
[2026-05-02 01:06:09]       done 27.1s  ntok=445  hit_cap=False  think=0c  ans=2044c  ETA 14h 32m
[2026-05-02 01:06:09]     [259/576] E3-bayesian-update: generating (cap=8192)...
[2026-05-02 01:10:36]       done 267.0s  ntok=4340  hit_cap=False  think=8745c  ans=1780c  ETA 14h 31m
[2026-05-02 01:10:36]     [260/576] E4-taxi-social: generating (cap=8192)...
[2026-05-02 01:19:07]       done 511.0s  ntok=8192  hit_cap=True  think=0c  ans=33966c  ETA 14h 36m
[2026-05-02 01:19:07]     [261/576] E5-ecological-fallacy: generating (cap=2048)...
[2026-05-02 01:21:12]       done 125.3s  ntok=2048  hit_cap=True  think=0c  ans=9394c  ETA 14h 32m
[2026-05-02 01:21:12]     [262/576] N1-simpsons-paradox: generating (cap=4096)...
[2026-05-02 01:25:24]       done 252.3s  ntok=4096  hit_cap=True  think=0c  ans=15229c  ETA 14h 31m
[2026-05-02 01:25:24]     [263/576] N2-conjunction-fallacy: generating (cap=2048)...
[2026-05-02 01:26:20]       done 55.7s  ntok=915  hit_cap=False  think=0c  ans=4527c  ETA 14h 26m
[2026-05-02 01:26:20]     [264/576] N3-survivorship-bias: generating (cap=2048)...
[2026-05-02 01:27:23]       done 63.4s  ntok=1041  hit_cap=False  think=0c  ans=5186c  ETA 14h 21m
[2026-05-02 01:27:23]   ─ α=+12.00 (a+12.00) ─
[2026-05-02 01:27:23]     [265/576] E1-confabulation: generating (cap=2048)...
[2026-05-02 01:27:54]       done 30.6s  ntok=503  hit_cap=False  think=0c  ans=2267c  ETA 14h 16m
[2026-05-02 01:27:54]     [266/576] E2-contested-science: generating (cap=2048)...
[2026-05-02 01:28:24]       done 29.8s  ntok=491  hit_cap=False  think=0c  ans=2300c  ETA 14h 11m
[2026-05-02 01:28:24]     [267/576] E3-bayesian-update: generating (cap=8192)...
[2026-05-02 01:34:25]       done 361.6s  ntok=5838  hit_cap=False  think=13032c  ans=1781c  ETA 14h 12m
[2026-05-02 01:34:25]     [268/576] E4-taxi-social: generating (cap=8192)...
[2026-05-02 01:42:57]       done 511.4s  ntok=8192  hit_cap=True  think=0c  ans=38723c  ETA 14h 15m
[2026-05-02 01:42:57]     [269/576] E5-ecological-fallacy: generating (cap=2048)...
[2026-05-02 01:45:02]       done 125.1s  ntok=2048  hit_cap=True  think=0c  ans=10085c  ETA 14h 12m
[2026-05-02 01:45:02]     [270/576] N1-simpsons-paradox: generating (cap=4096)...
[2026-05-02 01:48:01]       done 178.8s  ntok=2914  hit_cap=False  think=9641c  ans=1013c  ETA 14h 09m
[2026-05-02 01:48:01]     [271/576] N2-conjunction-fallacy: generating (cap=2048)...
[2026-05-02 01:48:38]       done 37.5s  ntok=617  hit_cap=False  think=0c  ans=2889c  ETA 14h 04m
[2026-05-02 01:48:38]     [272/576] N3-survivorship-bias: generating (cap=2048)...
[2026-05-02 01:49:34]       done 55.6s  ntok=913  hit_cap=False  think=0c  ans=4358c  ETA 13h 59m
[2026-05-02 01:49:34]   ─ α=+16.00 (a+16.00) ─
[2026-05-02 01:49:34]     [273/576] E1-confabulation: generating (cap=2048)...
[2026-05-02 01:50:13]       done 38.9s  ntok=640  hit_cap=False  think=0c  ans=2868c  ETA 13h 54m
[2026-05-02 01:50:13]     [274/576] E2-contested-science: generating (cap=2048)...
[2026-05-02 01:50:37]       done 23.7s  ntok=390  hit_cap=False  think=0c  ans=1708c  ETA 13h 49m
[2026-05-02 01:50:37]     [275/576] E3-bayesian-update: generating (cap=8192)...
[2026-05-02 01:58:13]       done 456.7s  ntok=7339  hit_cap=False  think=15783c  ans=1490c  ETA 13h 51m
[2026-05-02 01:58:13]     [276/576] E4-taxi-social: generating (cap=8192)...
[2026-05-02 02:06:45]       done 511.4s  ntok=8192  hit_cap=True  think=0c  ans=35431c  ETA 13h 55m
[2026-05-02 02:06:45]     [277/576] E5-ecological-fallacy: generating (cap=2048)...
[2026-05-02 02:08:50]       done 125.2s  ntok=2048  hit_cap=True  think=0c  ans=9657c  ETA 13h 51m
[2026-05-02 02:08:50]     [278/576] N1-simpsons-paradox: generating (cap=4096)...
[2026-05-02 02:10:31]       done 100.7s  ntok=1643  hit_cap=False  think=5640c  ans=1370c  ETA 13h 47m
[2026-05-02 02:10:31]     [279/576] N2-conjunction-fallacy: generating (cap=2048)...
[2026-05-02 02:11:02]       done 31.1s  ntok=510  hit_cap=False  think=0c  ans=2442c  ETA 13h 42m
[2026-05-02 02:11:02]     [280/576] N3-survivorship-bias: generating (cap=2048)...
[2026-05-02 02:11:38]       done 36.2s  ntok=594  hit_cap=False  think=0c  ans=2856c  ETA 13h 37m
[2026-05-02 02:11:38]   ─ α=+20.00 (a+20.00) ─
[2026-05-02 02:11:38]     [281/576] E1-confabulation: generating (cap=2048)...
[2026-05-02 02:12:02]       done 24.6s  ntok=405  hit_cap=False  think=0c  ans=1680c  ETA 13h 32m
[2026-05-02 02:12:02]     [282/576] E2-contested-science: generating (cap=2048)...
[2026-05-02 02:12:28]       done 25.9s  ntok=426  hit_cap=False  think=0c  ans=2058c  ETA 13h 27m
[2026-05-02 02:12:28]     [283/576] E3-bayesian-update: generating (cap=8192)...
[2026-05-02 02:21:00]       done 511.3s  ntok=8192  hit_cap=True  think=0c  ans=22189c  ETA 13h 30m
[2026-05-02 02:21:00]     [284/576] E4-taxi-social: generating (cap=8192)...
[2026-05-02 02:29:32]       done 512.1s  ntok=8192  hit_cap=True  think=0c  ans=36835c  ETA 13h 33m
[2026-05-02 02:29:32]     [285/576] E5-ecological-fallacy: generating (cap=2048)...
[2026-05-02 02:30:50]       done 77.7s  ntok=1275  hit_cap=False  think=5748c  ans=702c  ETA 13h 29m
[2026-05-02 02:30:50]     [286/576] N1-simpsons-paradox: generating (cap=4096)...
[2026-05-02 02:35:02]       done 252.5s  ntok=4096  hit_cap=True  think=0c  ans=16190c  ETA 13h 27m
[2026-05-02 02:35:02]     [287/576] N2-conjunction-fallacy: generating (cap=2048)...
[2026-05-02 02:35:36]       done 33.6s  ntok=552  hit_cap=False  think=0c  ans=2685c  ETA 13h 22m
[2026-05-02 02:35:36]     [288/576] N3-survivorship-bias: generating (cap=2048)...
[2026-05-02 02:36:37]       done 61.4s  ntok=1008  hit_cap=False  think=0c  ans=5174c  ETA 13h 18m
[2026-05-02 02:36:37] ════════════════════════════════════════════════════════════════════════
[2026-05-02 02:36:37] VECTOR IH_L25 — corpus=triplets-intellectual-humility  layer=L25  norm=217.26
[2026-05-02 02:36:37]   ─ α=-8.00 (a-08.00) ─
[2026-05-02 02:36:37]     [289/576] E1-confabulation: generating (cap=2048)...
[2026-05-02 02:38:42]       done 125.2s  ntok=2048  hit_cap=True  think=0c  ans=7974c  ETA 13h 14m
[2026-05-02 02:38:42]     [290/576] E2-contested-science: generating (cap=2048)...
[2026-05-02 02:39:12]       done 29.5s  ntok=484  hit_cap=False  think=0c  ans=2224c  ETA 13h 09m
[2026-05-02 02:39:12]     [291/576] E3-bayesian-update: generating (cap=8192)...
[2026-05-02 02:47:44]       done 512.3s  ntok=8192  hit_cap=True  think=0c  ans=26655c  ETA 13h 12m
[2026-05-02 02:47:44]     [292/576] E4-taxi-social: generating (cap=8192)...
[2026-05-02 02:56:16]       done 511.5s  ntok=8192  hit_cap=True  think=0c  ans=37885c  ETA 13h 15m
[2026-05-02 02:56:16]     [293/576] E5-ecological-fallacy: generating (cap=2048)...
[2026-05-02 02:57:05]       done 49.9s  ntok=820  hit_cap=False  think=3648c  ans=691c  ETA 13h 10m
[2026-05-02 02:57:05]     [294/576] N1-simpsons-paradox: generating (cap=4096)...
[2026-05-02 02:59:11]       done 125.8s  ntok=2056  hit_cap=False  think=6404c  ans=1252c  ETA 13h 07m
[2026-05-02 02:59:11]     [295/576] N2-conjunction-fallacy: generating (cap=2048)...
[2026-05-02 03:01:17]       done 125.3s  ntok=2048  hit_cap=True  think=0c  ans=9588c  ETA 13h 04m
[2026-05-02 03:01:17]     [296/576] N3-survivorship-bias: generating (cap=2048)...
[2026-05-02 03:01:49]       done 32.0s  ntok=526  hit_cap=False  think=0c  ans=2552c  ETA 12h 59m
[2026-05-02 03:01:49]   ─ α=-4.00 (a-04.00) ─
[2026-05-02 03:01:49]     [297/576] E1-confabulation: generating (cap=2048)...
[2026-05-02 03:02:25]       done 36.7s  ntok=604  hit_cap=False  think=0c  ans=2758c  ETA 12h 54m
[2026-05-02 03:02:25]     [298/576] E2-contested-science: generating (cap=2048)...
[2026-05-02 03:02:55]       done 29.4s  ntok=484  hit_cap=False  think=0c  ans=2224c  ETA 12h 49m
[2026-05-02 03:02:55]     [299/576] E3-bayesian-update: generating (cap=8192)...
[2026-05-02 03:08:51]       done 356.4s  ntok=5756  hit_cap=False  think=12170c  ans=1912c  ETA 12h 49m
[2026-05-02 03:08:51]     [300/576] E4-taxi-social: generating (cap=8192)...
[2026-05-02 03:17:22]       done 511.3s  ntok=8192  hit_cap=True  think=0c  ans=33269c  ETA 12h 52m
[2026-05-02 03:17:22]     [301/576] E5-ecological-fallacy: generating (cap=2048)...
[2026-05-02 03:18:20]       done 58.0s  ntok=954  hit_cap=False  think=3873c  ans=608c  ETA 12h 47m
[2026-05-02 03:18:20]     [302/576] N1-simpsons-paradox: generating (cap=4096)...
[2026-05-02 03:20:10]       done 109.9s  ntok=1799  hit_cap=False  think=6032c  ans=1401c  ETA 12h 43m
[2026-05-02 03:20:10]     [303/576] N2-conjunction-fallacy: generating (cap=2048)...
[2026-05-02 03:21:02]       done 51.2s  ntok=841  hit_cap=False  think=0c  ans=4439c  ETA 12h 39m
[2026-05-02 03:21:02]     [304/576] N3-survivorship-bias: generating (cap=2048)...
[2026-05-02 03:22:24]       done 82.1s  ntok=1347  hit_cap=False  think=0c  ans=6561c  ETA 12h 35m
[2026-05-02 03:22:24]   ─ α=-2.00 (a-02.00) ─
[2026-05-02 03:22:24]     [305/576] E1-confabulation: generating (cap=2048)...
[2026-05-02 03:23:00]       done 36.2s  ntok=596  hit_cap=False  think=0c  ans=2674c  ETA 12h 30m
[2026-05-02 03:23:00]     [306/576] E2-contested-science: generating (cap=2048)...
[2026-05-02 03:23:28]       done 28.3s  ntok=465  hit_cap=False  think=0c  ans=2152c  ETA 12h 25m
[2026-05-02 03:23:28]     [307/576] E3-bayesian-update: generating (cap=8192)...
[2026-05-02 03:27:56]       done 268.2s  ntok=4352  hit_cap=False  think=10003c  ans=1998c  ETA 12h 24m
[2026-05-02 03:27:56]     [308/576] E4-taxi-social: generating (cap=8192)...
[2026-05-02 03:36:28]       done 511.5s  ntok=8192  hit_cap=True  think=0c  ans=36535c  ETA 12h 26m
[2026-05-02 03:36:28]     [309/576] E5-ecological-fallacy: generating (cap=2048)...
[2026-05-02 03:38:33]       done 125.2s  ntok=2048  hit_cap=True  think=0c  ans=9219c  ETA 12h 23m
[2026-05-02 03:38:33]     [310/576] N1-simpsons-paradox: generating (cap=4096)...
[2026-05-02 03:41:12]       done 159.0s  ntok=2594  hit_cap=False  think=9163c  ans=1038c  ETA 12h 20m
[2026-05-02 03:41:12]     [311/576] N2-conjunction-fallacy: generating (cap=2048)...
[2026-05-02 03:42:16]       done 63.8s  ntok=1046  hit_cap=False  think=0c  ans=5298c  ETA 12h 16m
[2026-05-02 03:42:16]     [312/576] N3-survivorship-bias: generating (cap=2048)...
[2026-05-02 03:43:14]       done 57.6s  ntok=946  hit_cap=False  think=0c  ans=4641c  ETA 12h 11m
[2026-05-02 03:43:14]   ─ α=+1.00 (a+01.00) ─
[2026-05-02 03:43:14]     [313/576] E1-confabulation: generating (cap=2048)...
[2026-05-02 03:43:50]       done 36.7s  ntok=604  hit_cap=False  think=0c  ans=2758c  ETA 12h 07m
[2026-05-02 03:43:50]     [314/576] E2-contested-science: generating (cap=2048)...
[2026-05-02 03:44:20]       done 29.5s  ntok=484  hit_cap=False  think=0c  ans=2224c  ETA 12h 02m
[2026-05-02 03:44:20]     [315/576] E3-bayesian-update: generating (cap=8192)...
[2026-05-02 03:50:27]       done 367.1s  ntok=5922  hit_cap=False  think=11762c  ans=1715c  ETA 12h 02m
[2026-05-02 03:50:27]     [316/576] E4-taxi-social: generating (cap=8192)...
[2026-05-02 03:58:59]       done 511.9s  ntok=8192  hit_cap=True  think=0c  ans=36192c  ETA 12h 04m
[2026-05-02 03:58:59]     [317/576] E5-ecological-fallacy: generating (cap=2048)...
[2026-05-02 03:59:47]       done 48.0s  ntok=787  hit_cap=False  think=3428c  ans=672c  ETA 12h 00m
[2026-05-02 03:59:47]     [318/576] N1-simpsons-paradox: generating (cap=4096)...
[2026-05-02 04:00:46]       done 58.9s  ntok=964  hit_cap=False  think=3349c  ans=1002c  ETA 11h 56m
[2026-05-02 04:00:46]     [319/576] N2-conjunction-fallacy: generating (cap=2048)...
[2026-05-02 04:02:51]       done 125.5s  ntok=2048  hit_cap=True  think=0c  ans=7914c  ETA 11h 52m
[2026-05-02 04:02:51]     [320/576] N3-survivorship-bias: generating (cap=2048)...
[2026-05-02 04:03:26]       done 34.8s  ntok=570  hit_cap=False  think=0c  ans=2777c  ETA 11h 48m
[2026-05-02 04:03:26]   ─ α=+2.00 (a+02.00) ─
[2026-05-02 04:03:26]     [321/576] E1-confabulation: generating (cap=2048)...
[2026-05-02 04:04:02]       done 36.4s  ntok=596  hit_cap=False  think=0c  ans=2685c  ETA 11h 43m
[2026-05-02 04:04:02]     [322/576] E2-contested-science: generating (cap=2048)...
[2026-05-02 04:04:29]       done 26.4s  ntok=433  hit_cap=False  think=0c  ans=2071c  ETA 11h 39m
[2026-05-02 04:04:29]     [323/576] E3-bayesian-update: generating (cap=8192)...
[2026-05-02 04:13:01]       done 511.9s  ntok=8192  hit_cap=True  think=0c  ans=25274c  ETA 11h 40m
[2026-05-02 04:13:01]     [324/576] E4-taxi-social: generating (cap=8192)...
[2026-05-02 04:21:33]       done 512.2s  ntok=8192  hit_cap=True  think=0c  ans=33952c  ETA 11h 42m
[2026-05-02 04:21:33]     [325/576] E5-ecological-fallacy: generating (cap=2048)...
[2026-05-02 04:23:38]       done 125.3s  ntok=2048  hit_cap=True  think=0c  ans=9633c  ETA 11h 39m
[2026-05-02 04:23:38]     [326/576] N1-simpsons-paradox: generating (cap=4096)...
[2026-05-02 04:27:51]       done 252.8s  ntok=4096  hit_cap=True  think=0c  ans=18707c  ETA 11h 37m
[2026-05-02 04:27:51]     [327/576] N2-conjunction-fallacy: generating (cap=2048)...
[2026-05-02 04:28:36]       done 44.7s  ntok=734  hit_cap=False  think=0c  ans=3307c  ETA 11h 33m
[2026-05-02 04:28:36]     [328/576] N3-survivorship-bias: generating (cap=2048)...
[2026-05-02 04:29:10]       done 34.7s  ntok=570  hit_cap=False  think=0c  ans=2777c  ETA 11h 28m
[2026-05-02 04:29:10]   ─ α=+4.00 (a+04.00) ─
[2026-05-02 04:29:10]     [329/576] E1-confabulation: generating (cap=2048)...
[2026-05-02 04:30:05]       done 54.3s  ntok=891  hit_cap=False  think=0c  ans=3887c  ETA 11h 24m
[2026-05-02 04:30:05]     [330/576] E2-contested-science: generating (cap=2048)...
[2026-05-02 04:30:16]       done 11.0s  ntok=181  hit_cap=False  think=0c  ans=923c  ETA 11h 19m
[2026-05-02 04:30:16]     [331/576] E3-bayesian-update: generating (cap=8192)...
[2026-05-02 04:35:49]       done 332.8s  ntok=5379  hit_cap=False  think=12234c  ans=1816c  ETA 11h 19m
[2026-05-02 04:35:49]     [332/576] E4-taxi-social: generating (cap=8192)...
[2026-05-02 04:44:20]       done 511.6s  ntok=8192  hit_cap=True  think=0c  ans=35424c  ETA 11h 20m
[2026-05-02 04:44:20]     [333/576] E5-ecological-fallacy: generating (cap=2048)...
[2026-05-02 04:45:19]       done 59.0s  ntok=969  hit_cap=False  think=4131c  ans=1015c  ETA 11h 16m
[2026-05-02 04:45:19]     [334/576] N1-simpsons-paradox: generating (cap=4096)...
[2026-05-02 04:49:32]       done 252.5s  ntok=4096  hit_cap=True  think=0c  ans=15042c  ETA 11h 14m
[2026-05-02 04:49:32]     [335/576] N2-conjunction-fallacy: generating (cap=2048)...
[2026-05-02 04:50:22]       done 50.3s  ntok=825  hit_cap=False  think=0c  ans=3957c  ETA 11h 10m
[2026-05-02 04:50:22]     [336/576] N3-survivorship-bias: generating (cap=2048)...
[2026-05-02 04:50:57]       done 34.7s  ntok=570  hit_cap=False  think=0c  ans=2777c  ETA 11h 06m
[2026-05-02 04:50:57]   ─ α=+6.00 (a+06.00) ─
[2026-05-02 04:50:57]     [337/576] E1-confabulation: generating (cap=2048)...
[2026-05-02 04:51:33]       done 36.8s  ntok=604  hit_cap=False  think=0c  ans=2758c  ETA 11h 01m
[2026-05-02 04:51:33]     [338/576] E2-contested-science: generating (cap=2048)...
[2026-05-02 04:51:45]       done 11.0s  ntok=181  hit_cap=False  think=0c  ans=923c  ETA 10h 57m
[2026-05-02 04:51:45]     [339/576] E3-bayesian-update: generating (cap=8192)...
[2026-05-02 05:00:16]       done 511.9s  ntok=8192  hit_cap=True  think=0c  ans=25428c  ETA 10h 58m
[2026-05-02 05:00:16]     [340/576] E4-taxi-social: generating (cap=8192)...
[2026-05-02 05:08:48]       done 511.9s  ntok=8192  hit_cap=True  think=0c  ans=34119c  ETA 10h 59m
[2026-05-02 05:08:48]     [341/576] E5-ecological-fallacy: generating (cap=2048)...
[2026-05-02 05:09:55]       done 66.6s  ntok=1093  hit_cap=False  think=4758c  ans=884c  ETA 10h 55m
[2026-05-02 05:09:55]     [342/576] N1-simpsons-paradox: generating (cap=4096)...
[2026-05-02 05:11:31]       done 96.3s  ntok=1576  hit_cap=False  think=5176c  ans=1254c  ETA 10h 52m
[2026-05-02 05:11:31]     [343/576] N2-conjunction-fallacy: generating (cap=2048)...
[2026-05-02 05:13:37]       done 125.3s  ntok=2048  hit_cap=True  think=0c  ans=7668c  ETA 10h 49m
[2026-05-02 05:13:37]     [344/576] N3-survivorship-bias: generating (cap=2048)...
[2026-05-02 05:14:12]       done 35.2s  ntok=578  hit_cap=False  think=0c  ans=2838c  ETA 10h 44m
[2026-05-02 05:14:12]   ─ α=+8.00 (a+08.00) ─
[2026-05-02 05:14:12]     [345/576] E1-confabulation: generating (cap=2048)...
[2026-05-02 05:16:17]       done 125.2s  ntok=2048  hit_cap=True  think=0c  ans=8027c  ETA 10h 41m
[2026-05-02 05:16:17]     [346/576] E2-contested-science: generating (cap=2048)...
[2026-05-02 05:16:36]       done 19.1s  ntok=315  hit_cap=False  think=0c  ans=1523c  ETA 10h 37m
[2026-05-02 05:16:36]     [347/576] E3-bayesian-update: generating (cap=8192)...
[2026-05-02 05:25:08]       done 512.2s  ntok=8192  hit_cap=True  think=0c  ans=27758c  ETA 10h 38m
[2026-05-02 05:25:08]     [348/576] E4-taxi-social: generating (cap=8192)...
[2026-05-02 05:33:40]       done 512.0s  ntok=8192  hit_cap=True  think=0c  ans=37140c  ETA 10h 39m
[2026-05-02 05:33:40]     [349/576] E5-ecological-fallacy: generating (cap=2048)...
[2026-05-02 05:34:43]       done 62.7s  ntok=1029  hit_cap=False  think=4024c  ans=1270c  ETA 10h 35m
[2026-05-02 05:34:43]     [350/576] N1-simpsons-paradox: generating (cap=4096)...
[2026-05-02 05:36:36]       done 112.8s  ntok=1844  hit_cap=False  think=6475c  ans=1243c  ETA 10h 31m
[2026-05-02 05:36:36]     [351/576] N2-conjunction-fallacy: generating (cap=2048)...
[2026-05-02 05:37:58]       done 81.8s  ntok=1341  hit_cap=False  think=0c  ans=6270c  ETA 10h 28m
[2026-05-02 05:37:58]     [352/576] N3-survivorship-bias: generating (cap=2048)...
[2026-05-02 05:38:33]       done 35.2s  ntok=578  hit_cap=False  think=0c  ans=2842c  ETA 10h 23m
[2026-05-02 05:38:33]   ─ α=+10.00 (a+10.00) ─
[2026-05-02 05:38:33]     [353/576] E1-confabulation: generating (cap=2048)...
[2026-05-02 05:39:27]       done 54.2s  ntok=891  hit_cap=False  think=0c  ans=3887c  ETA 10h 19m
[2026-05-02 05:39:27]     [354/576] E2-contested-science: generating (cap=2048)...
[2026-05-02 05:39:46]       done 19.2s  ntok=315  hit_cap=False  think=0c  ans=1523c  ETA 10h 15m
[2026-05-02 05:39:46]     [355/576] E3-bayesian-update: generating (cap=8192)...
[2026-05-02 05:43:20]       done 214.0s  ntok=3481  hit_cap=False  think=7888c  ans=1672c  ETA 10h 13m
[2026-05-02 05:43:20]     [356/576] E4-taxi-social: generating (cap=8192)...
[2026-05-02 05:51:53]       done 512.3s  ntok=8192  hit_cap=True  think=0c  ans=35340c  ETA 10h 14m
[2026-05-02 05:51:53]     [357/576] E5-ecological-fallacy: generating (cap=2048)...
[2026-05-02 05:52:41]       done 48.9s  ntok=803  hit_cap=False  think=3470c  ans=610c  ETA 10h 10m
[2026-05-02 05:52:41]     [358/576] N1-simpsons-paradox: generating (cap=4096)...
[2026-05-02 05:53:36]       done 55.0s  ntok=902  hit_cap=False  think=2773c  ans=923c  ETA 10h 06m
[2026-05-02 05:53:36]     [359/576] N2-conjunction-fallacy: generating (cap=2048)...
[2026-05-02 05:54:04]       done 28.0s  ntok=459  hit_cap=False  think=0c  ans=2118c  ETA 10h 01m
[2026-05-02 05:54:04]     [360/576] N3-survivorship-bias: generating (cap=2048)...
[2026-05-02 05:54:41]       done 36.4s  ntok=598  hit_cap=False  think=0c  ans=2879c  ETA 9h 57m
[2026-05-02 05:54:41]   ─ α=+12.00 (a+12.00) ─
[2026-05-02 05:54:41]     [361/576] E1-confabulation: generating (cap=2048)...
[2026-05-02 05:55:20]       done 38.9s  ntok=639  hit_cap=False  think=0c  ans=2931c  ETA 9h 53m
[2026-05-02 05:55:20]     [362/576] E2-contested-science: generating (cap=2048)...
[2026-05-02 05:55:38]       done 18.2s  ntok=299  hit_cap=False  think=0c  ans=1454c  ETA 9h 49m
[2026-05-02 05:55:38]     [363/576] E3-bayesian-update: generating (cap=8192)...
[2026-05-02 06:02:22]       done 403.9s  ntok=6499  hit_cap=False  think=16649c  ans=1868c  ETA 9h 49m
[2026-05-02 06:02:22]     [364/576] E4-taxi-social: generating (cap=8192)...
[2026-05-02 06:10:54]       done 512.6s  ntok=8192  hit_cap=True  think=0c  ans=34588c  ETA 9h 49m
[2026-05-02 06:10:54]     [365/576] E5-ecological-fallacy: generating (cap=2048)...
[2026-05-02 06:13:00]       done 125.3s  ntok=2048  hit_cap=True  think=0c  ans=9831c  ETA 9h 46m
[2026-05-02 06:13:00]     [366/576] N1-simpsons-paradox: generating (cap=4096)...
[2026-05-02 06:15:42]       done 162.3s  ntok=2644  hit_cap=False  think=6782c  ans=1553c  ETA 9h 43m
[2026-05-02 06:15:42]     [367/576] N2-conjunction-fallacy: generating (cap=2048)...
[2026-05-02 06:16:45]       done 62.8s  ntok=1030  hit_cap=False  think=0c  ans=4658c  ETA 9h 40m
[2026-05-02 06:16:45]     [368/576] N3-survivorship-bias: generating (cap=2048)...
[2026-05-02 06:17:25]       done 40.4s  ntok=663  hit_cap=False  think=0c  ans=3265c  ETA 9h 36m
[2026-05-02 06:17:25]   ─ α=+16.00 (a+16.00) ─
[2026-05-02 06:17:25]     [369/576] E1-confabulation: generating (cap=2048)...
[2026-05-02 06:18:37]       done 71.6s  ntok=1175  hit_cap=False  think=0c  ans=4956c  ETA 9h 32m
[2026-05-02 06:18:37]     [370/576] E2-contested-science: generating (cap=2048)...
[2026-05-02 06:18:48]       done 11.6s  ntok=191  hit_cap=False  think=0c  ans=976c  ETA 9h 28m
[2026-05-02 06:18:48]     [371/576] E3-bayesian-update: generating (cap=8192)...
[2026-05-02 06:23:46]       done 298.1s  ntok=4826  hit_cap=False  think=10192c  ans=1873c  ETA 9h 26m
[2026-05-02 06:23:46]     [372/576] E4-taxi-social: generating (cap=8192)...
[2026-05-02 06:32:18]       done 511.9s  ntok=8192  hit_cap=True  think=0c  ans=35620c  ETA 9h 27m
[2026-05-02 06:32:18]     [373/576] E5-ecological-fallacy: generating (cap=2048)...
[2026-05-02 06:34:24]       done 125.5s  ntok=2048  hit_cap=True  think=0c  ans=9984c  ETA 9h 23m
[2026-05-02 06:34:24]     [374/576] N1-simpsons-paradox: generating (cap=4096)...
[2026-05-02 06:38:37]       done 252.9s  ntok=4096  hit_cap=True  think=0c  ans=18550c  ETA 9h 21m
[2026-05-02 06:38:37]     [375/576] N2-conjunction-fallacy: generating (cap=2048)...
[2026-05-02 06:39:25]       done 48.0s  ntok=787  hit_cap=False  think=0c  ans=3410c  ETA 9h 18m
[2026-05-02 06:39:25]     [376/576] N3-survivorship-bias: generating (cap=2048)...
[2026-05-02 06:40:03]       done 38.4s  ntok=631  hit_cap=False  think=0c  ans=3129c  ETA 9h 14m
[2026-05-02 06:40:03]   ─ α=+20.00 (a+20.00) ─
[2026-05-02 06:40:03]     [377/576] E1-confabulation: generating (cap=2048)...
[2026-05-02 06:40:33]       done 29.7s  ntok=488  hit_cap=False  think=0c  ans=2148c  ETA 9h 10m
[2026-05-02 06:40:33]     [378/576] E2-contested-science: generating (cap=2048)...
[2026-05-02 06:40:44]       done 11.6s  ntok=191  hit_cap=False  think=0c  ans=976c  ETA 9h 06m
[2026-05-02 06:40:44]     [379/576] E3-bayesian-update: generating (cap=8192)...
[2026-05-02 06:47:12]       done 387.2s  ntok=6235  hit_cap=False  think=13333c  ans=1746c  ETA 9h 05m
[2026-05-02 06:47:12]     [380/576] E4-taxi-social: generating (cap=8192)...
[2026-05-02 06:55:44]       done 511.9s  ntok=8192  hit_cap=True  think=0c  ans=34599c  ETA 9h 05m
[2026-05-02 06:55:44]     [381/576] E5-ecological-fallacy: generating (cap=2048)...
[2026-05-02 06:56:45]       done 61.0s  ntok=1001  hit_cap=False  think=4195c  ans=641c  ETA 9h 01m
[2026-05-02 06:56:45]     [382/576] N1-simpsons-paradox: generating (cap=4096)...
[2026-05-02 07:00:57]       done 252.5s  ntok=4096  hit_cap=True  think=0c  ans=16458c  ETA 8h 59m
[2026-05-02 07:00:57]     [383/576] N2-conjunction-fallacy: generating (cap=2048)...
[2026-05-02 07:01:42]       done 45.4s  ntok=745  hit_cap=False  think=0c  ans=3325c  ETA 8h 55m
[2026-05-02 07:01:42]     [384/576] N3-survivorship-bias: generating (cap=2048)...
[2026-05-02 07:02:22]       done 39.2s  ntok=644  hit_cap=False  think=0c  ans=3134c  ETA 8h 52m
[2026-05-02 07:02:22] ════════════════════════════════════════════════════════════════════════
[2026-05-02 07:02:22] VECTOR VC_L25 — corpus=triplets-verbosity-control  layer=L25  norm=97.11
[2026-05-02 07:02:22]   ─ α=-8.00 (a-08.00) ─
[2026-05-02 07:02:22]     [385/576] E1-confabulation: generating (cap=2048)...
[2026-05-02 07:02:54]       done 32.7s  ntok=538  hit_cap=False  think=0c  ans=2353c  ETA 8h 48m
[2026-05-02 07:02:54]     [386/576] E2-contested-science: generating (cap=2048)...
[2026-05-02 07:03:14]       done 19.8s  ntok=325  hit_cap=False  think=0c  ans=1576c  ETA 8h 44m
[2026-05-02 07:03:14]     [387/576] E3-bayesian-update: generating (cap=8192)...
[2026-05-02 07:08:14]       done 300.2s  ntok=4861  hit_cap=False  think=11125c  ans=1855c  ETA 8h 42m
[2026-05-02 07:08:14]     [388/576] E4-taxi-social: generating (cap=8192)...
[2026-05-02 07:16:46]       done 511.7s  ntok=8192  hit_cap=True  think=0c  ans=36434c  ETA 8h 42m
[2026-05-02 07:16:46]     [389/576] E5-ecological-fallacy: generating (cap=2048)...
[2026-05-02 07:18:51]       done 125.2s  ntok=2048  hit_cap=True  think=9227c  ans=924c  ETA 8h 39m
[2026-05-02 07:18:51]     [390/576] N1-simpsons-paradox: generating (cap=4096)...
[2026-05-02 07:21:23]       done 152.1s  ntok=2482  hit_cap=False  think=10361c  ans=765c  ETA 8h 36m
[2026-05-02 07:21:23]     [391/576] N2-conjunction-fallacy: generating (cap=2048)...
[2026-05-02 07:22:12]       done 48.4s  ntok=795  hit_cap=False  think=0c  ans=3626c  ETA 8h 32m
[2026-05-02 07:22:12]     [392/576] N3-survivorship-bias: generating (cap=2048)...
[2026-05-02 07:22:48]       done 36.4s  ntok=598  hit_cap=False  think=0c  ans=2879c  ETA 8h 29m
[2026-05-02 07:22:48]   ─ α=-4.00 (a-04.00) ─
[2026-05-02 07:22:48]     [393/576] E1-confabulation: generating (cap=2048)...
[2026-05-02 07:24:53]       done 125.3s  ntok=2048  hit_cap=True  think=0c  ans=8305c  ETA 8h 26m
[2026-05-02 07:24:53]     [394/576] E2-contested-science: generating (cap=2048)...
[2026-05-02 07:25:23]       done 29.5s  ntok=484  hit_cap=False  think=0c  ans=2224c  ETA 8h 22m
[2026-05-02 07:25:23]     [395/576] E3-bayesian-update: generating (cap=8192)...
[2026-05-02 07:32:03]       done 400.1s  ntok=6438  hit_cap=False  think=15551c  ans=1791c  ETA 8h 21m
[2026-05-02 07:32:03]     [396/576] E4-taxi-social: generating (cap=8192)...
[2026-05-02 07:40:35]       done 511.6s  ntok=8192  hit_cap=True  think=0c  ans=37632c  ETA 8h 21m
[2026-05-02 07:40:35]     [397/576] E5-ecological-fallacy: generating (cap=2048)...
[2026-05-02 07:42:40]       done 125.2s  ntok=2048  hit_cap=True  think=0c  ans=9698c  ETA 8h 17m
[2026-05-02 07:42:40]     [398/576] N1-simpsons-paradox: generating (cap=4096)...
[2026-05-02 07:44:14]       done 94.1s  ntok=1542  hit_cap=False  think=4725c  ans=1365c  ETA 8h 14m
[2026-05-02 07:44:14]     [399/576] N2-conjunction-fallacy: generating (cap=2048)...
[2026-05-02 07:44:58]       done 44.4s  ntok=728  hit_cap=False  think=0c  ans=3303c  ETA 8h 10m
[2026-05-02 07:44:58]     [400/576] N3-survivorship-bias: generating (cap=2048)...
[2026-05-02 07:45:33]       done 34.7s  ntok=570  hit_cap=False  think=0c  ans=2777c  ETA 8h 07m
[2026-05-02 07:45:33]   ─ α=-2.00 (a-02.00) ─
[2026-05-02 07:45:33]     [401/576] E1-confabulation: generating (cap=2048)...
[2026-05-02 07:46:05]       done 32.3s  ntok=531  hit_cap=False  think=0c  ans=2328c  ETA 8h 03m
[2026-05-02 07:46:05]     [402/576] E2-contested-science: generating (cap=2048)...
[2026-05-02 07:46:35]       done 29.4s  ntok=484  hit_cap=False  think=0c  ans=2224c  ETA 7h 59m
[2026-05-02 07:46:35]     [403/576] E3-bayesian-update: generating (cap=8192)...
[2026-05-02 07:55:06]       done 511.6s  ntok=8192  hit_cap=True  think=0c  ans=22069c  ETA 7h 59m
[2026-05-02 07:55:06]     [404/576] E4-taxi-social: generating (cap=8192)...
[2026-05-02 08:03:38]       done 511.7s  ntok=8192  hit_cap=True  think=0c  ans=32860c  ETA 7h 59m
[2026-05-02 08:03:38]     [405/576] E5-ecological-fallacy: generating (cap=2048)...
[2026-05-02 08:05:22]       done 103.9s  ntok=1702  hit_cap=False  think=7658c  ans=442c  ETA 7h 55m
[2026-05-02 08:05:22]     [406/576] N1-simpsons-paradox: generating (cap=4096)...
[2026-05-02 08:06:34]       done 71.5s  ntok=1172  hit_cap=False  think=0c  ans=4785c  ETA 7h 52m
[2026-05-02 08:06:34]     [407/576] N2-conjunction-fallacy: generating (cap=2048)...
[2026-05-02 08:08:39]       done 125.3s  ntok=2048  hit_cap=True  think=0c  ans=9647c  ETA 7h 49m
[2026-05-02 08:08:39]     [408/576] N3-survivorship-bias: generating (cap=2048)...
[2026-05-02 08:09:17]       done 37.9s  ntok=623  hit_cap=False  think=0c  ans=3114c  ETA 7h 45m
[2026-05-02 08:09:17]   ─ α=+1.00 (a+01.00) ─
[2026-05-02 08:09:17]     [409/576] E1-confabulation: generating (cap=2048)...
[2026-05-02 08:09:53]       done 36.2s  ntok=596  hit_cap=False  think=0c  ans=2674c  ETA 7h 42m
[2026-05-02 08:09:53]     [410/576] E2-contested-science: generating (cap=2048)...
[2026-05-02 08:10:22]       done 29.4s  ntok=484  hit_cap=False  think=0c  ans=2224c  ETA 7h 38m
[2026-05-02 08:10:22]     [411/576] E3-bayesian-update: generating (cap=8192)...
[2026-05-02 08:14:28]       done 245.2s  ntok=3983  hit_cap=False  think=9524c  ans=2041c  ETA 7h 36m
[2026-05-02 08:14:28]     [412/576] E4-taxi-social: generating (cap=8192)...
[2026-05-02 08:22:59]       done 511.7s  ntok=8192  hit_cap=True  think=0c  ans=37177c  ETA 7h 35m
[2026-05-02 08:22:59]     [413/576] E5-ecological-fallacy: generating (cap=2048)...
[2026-05-02 08:25:05]       done 125.2s  ntok=2048  hit_cap=True  think=0c  ans=10084c  ETA 7h 32m
[2026-05-02 08:25:05]     [414/576] N1-simpsons-paradox: generating (cap=4096)...
[2026-05-02 08:29:17]       done 252.5s  ntok=4096  hit_cap=True  think=14457c  ans=163c  ETA 7h 30m
[2026-05-02 08:29:17]     [415/576] N2-conjunction-fallacy: generating (cap=2048)...
[2026-05-02 08:30:02]       done 44.9s  ntok=738  hit_cap=False  think=0c  ans=3378c  ETA 7h 26m
[2026-05-02 08:30:02]     [416/576] N3-survivorship-bias: generating (cap=2048)...
[2026-05-02 08:30:38]       done 36.0s  ntok=592  hit_cap=False  think=0c  ans=2919c  ETA 7h 23m
[2026-05-02 08:30:38]   ─ α=+2.00 (a+02.00) ─
[2026-05-02 08:30:38]     [417/576] E1-confabulation: generating (cap=2048)...
[2026-05-02 08:31:15]       done 36.8s  ntok=604  hit_cap=False  think=0c  ans=2758c  ETA 7h 19m
[2026-05-02 08:31:15]     [418/576] E2-contested-science: generating (cap=2048)...
[2026-05-02 08:31:43]       done 28.3s  ntok=465  hit_cap=False  think=0c  ans=2152c  ETA 7h 16m
[2026-05-02 08:31:43]     [419/576] E3-bayesian-update: generating (cap=8192)...
[2026-05-02 08:36:17]       done 273.9s  ntok=4441  hit_cap=False  think=10997c  ans=2158c  ETA 7h 13m
[2026-05-02 08:36:17]     [420/576] E4-taxi-social: generating (cap=8192)...
[2026-05-02 08:44:49]       done 511.6s  ntok=8192  hit_cap=True  think=0c  ans=39216c  ETA 7h 13m
[2026-05-02 08:44:49]     [421/576] E5-ecological-fallacy: generating (cap=2048)...
[2026-05-02 08:45:35]       done 46.9s  ntok=771  hit_cap=False  think=3034c  ans=828c  ETA 7h 09m
[2026-05-02 08:45:35]     [422/576] N1-simpsons-paradox: generating (cap=4096)...
[2026-05-02 08:48:32]       done 176.6s  ntok=2873  hit_cap=False  think=8436c  ans=1604c  ETA 7h 07m
[2026-05-02 08:48:32]     [423/576] N2-conjunction-fallacy: generating (cap=2048)...
[2026-05-02 08:49:18]       done 45.6s  ntok=748  hit_cap=False  think=0c  ans=3453c  ETA 7h 03m
[2026-05-02 08:49:18]     [424/576] N3-survivorship-bias: generating (cap=2048)...
[2026-05-02 08:49:56]       done 37.9s  ntok=623  hit_cap=False  think=0c  ans=3114c  ETA 7h 00m
[2026-05-02 08:49:56]   ─ α=+4.00 (a+04.00) ─
[2026-05-02 08:49:56]     [425/576] E1-confabulation: generating (cap=2048)...
[2026-05-02 08:50:32]       done 36.3s  ntok=596  hit_cap=False  think=0c  ans=2674c  ETA 6h 56m
[2026-05-02 08:50:32]     [426/576] E2-contested-science: generating (cap=2048)...
[2026-05-02 08:50:52]       done 19.9s  ntok=326  hit_cap=False  think=0c  ans=1597c  ETA 6h 52m
[2026-05-02 08:50:52]     [427/576] E3-bayesian-update: generating (cap=8192)...
[2026-05-02 08:57:20]       done 388.4s  ntok=6256  hit_cap=False  think=14170c  ans=1643c  ETA 6h 51m
[2026-05-02 08:57:20]     [428/576] E4-taxi-social: generating (cap=8192)...
[2026-05-02 09:05:52]       done 511.6s  ntok=8192  hit_cap=True  think=0c  ans=34269c  ETA 6h 50m
[2026-05-02 09:05:52]     [429/576] E5-ecological-fallacy: generating (cap=2048)...
[2026-05-02 09:06:34]       done 42.0s  ntok=691  hit_cap=False  think=2362c  ans=1101c  ETA 6h 47m
[2026-05-02 09:06:34]     [430/576] N1-simpsons-paradox: generating (cap=4096)...
[2026-05-02 09:09:31]       done 177.2s  ntok=2889  hit_cap=False  think=11030c  ans=1509c  ETA 6h 44m
[2026-05-02 09:09:31]     [431/576] N2-conjunction-fallacy: generating (cap=2048)...
[2026-05-02 09:11:16]       done 104.6s  ntok=1712  hit_cap=False  think=0c  ans=8232c  ETA 6h 41m
[2026-05-02 09:11:16]     [432/576] N3-survivorship-bias: generating (cap=2048)...
[2026-05-02 09:11:50]       done 34.6s  ntok=569  hit_cap=False  think=0c  ans=2776c  ETA 6h 37m
[2026-05-02 09:11:50]   ─ α=+6.00 (a+06.00) ─
[2026-05-02 09:11:50]     [433/576] E1-confabulation: generating (cap=2048)...
[2026-05-02 09:12:18]       done 27.7s  ntok=455  hit_cap=False  think=0c  ans=2051c  ETA 6h 34m
[2026-05-02 09:12:18]     [434/576] E2-contested-science: generating (cap=2048)...
[2026-05-02 09:12:47]       done 29.4s  ntok=484  hit_cap=False  think=0c  ans=2224c  ETA 6h 30m
[2026-05-02 09:12:47]     [435/576] E3-bayesian-update: generating (cap=8192)...
[2026-05-02 09:16:10]       done 203.2s  ntok=3304  hit_cap=False  think=8424c  ans=1730c  ETA 6h 28m
[2026-05-02 09:16:10]     [436/576] E4-taxi-social: generating (cap=8192)...
[2026-05-02 09:24:42]       done 511.8s  ntok=8192  hit_cap=True  think=0c  ans=36837c  ETA 6h 27m
[2026-05-02 09:24:42]     [437/576] E5-ecological-fallacy: generating (cap=2048)...
[2026-05-02 09:25:26]       done 43.3s  ntok=712  hit_cap=False  think=2362c  ans=1222c  ETA 6h 23m
[2026-05-02 09:25:26]     [438/576] N1-simpsons-paradox: generating (cap=4096)...
[2026-05-02 09:27:43]       done 137.0s  ntok=2238  hit_cap=False  think=7067c  ans=1516c  ETA 6h 21m
[2026-05-02 09:27:43]     [439/576] N2-conjunction-fallacy: generating (cap=2048)...
[2026-05-02 09:28:19]       done 36.5s  ntok=600  hit_cap=False  think=0c  ans=2843c  ETA 6h 17m
[2026-05-02 09:28:19]     [440/576] N3-survivorship-bias: generating (cap=2048)...
[2026-05-02 09:28:54]       done 35.2s  ntok=578  hit_cap=False  think=0c  ans=2842c  ETA 6h 14m
[2026-05-02 09:28:54]   ─ α=+8.00 (a+08.00) ─
[2026-05-02 09:28:54]     [441/576] E1-confabulation: generating (cap=2048)...
[2026-05-02 09:30:59]       done 125.1s  ntok=2048  hit_cap=True  think=0c  ans=8303c  ETA 6h 11m
[2026-05-02 09:30:59]     [442/576] E2-contested-science: generating (cap=2048)...
[2026-05-02 09:31:29]       done 29.4s  ntok=484  hit_cap=False  think=0c  ans=2224c  ETA 6h 07m
[2026-05-02 09:31:29]     [443/576] E3-bayesian-update: generating (cap=8192)...
[2026-05-02 09:37:48]       done 379.3s  ntok=6115  hit_cap=False  think=15140c  ans=1785c  ETA 6h 06m
[2026-05-02 09:37:48]     [444/576] E4-taxi-social: generating (cap=8192)...
[2026-05-02 09:46:20]       done 511.9s  ntok=8192  hit_cap=True  think=0c  ans=37063c  ETA 6h 05m
[2026-05-02 09:46:20]     [445/576] E5-ecological-fallacy: generating (cap=2048)...
[2026-05-02 09:48:25]       done 125.3s  ntok=2048  hit_cap=True  think=0c  ans=9560c  ETA 6h 02m
[2026-05-02 09:48:25]     [446/576] N1-simpsons-paradox: generating (cap=4096)...
[2026-05-02 09:50:38]       done 132.4s  ntok=2164  hit_cap=False  think=8721c  ans=981c  ETA 5h 59m
[2026-05-02 09:50:38]     [447/576] N2-conjunction-fallacy: generating (cap=2048)...
[2026-05-02 09:51:14]       done 36.5s  ntok=600  hit_cap=False  think=0c  ans=2843c  ETA 5h 55m
[2026-05-02 09:51:14]     [448/576] N3-survivorship-bias: generating (cap=2048)...
[2026-05-02 09:51:50]       done 36.0s  ntok=592  hit_cap=False  think=0c  ans=2965c  ETA 5h 52m
[2026-05-02 09:51:50]   ─ α=+10.00 (a+10.00) ─
[2026-05-02 09:51:50]     [449/576] E1-confabulation: generating (cap=2048)...
[2026-05-02 09:53:55]       done 125.1s  ntok=2048  hit_cap=True  think=0c  ans=8372c  ETA 5h 49m
[2026-05-02 09:53:55]     [450/576] E2-contested-science: generating (cap=2048)...
[2026-05-02 09:56:01]       done 125.2s  ntok=2048  hit_cap=True  think=0c  ans=8897c  ETA 5h 46m
[2026-05-02 09:56:01]     [451/576] E3-bayesian-update: generating (cap=8192)...
[2026-05-02 10:00:40]       done 279.2s  ntok=4528  hit_cap=False  think=10470c  ans=1694c  ETA 5h 44m
[2026-05-02 10:00:40]     [452/576] E4-taxi-social: generating (cap=8192)...
[2026-05-02 10:09:11]       done 511.5s  ntok=8192  hit_cap=True  think=0c  ans=35557c  ETA 5h 43m
[2026-05-02 10:09:11]     [453/576] E5-ecological-fallacy: generating (cap=2048)...
[2026-05-02 10:11:05]       done 113.3s  ntok=1856  hit_cap=False  think=7575c  ans=1811c  ETA 5h 40m
[2026-05-02 10:11:05]     [454/576] N1-simpsons-paradox: generating (cap=4096)...
[2026-05-02 10:12:31]       done 86.1s  ntok=1410  hit_cap=False  think=5225c  ans=936c  ETA 5h 37m
[2026-05-02 10:12:31]     [455/576] N2-conjunction-fallacy: generating (cap=2048)...
[2026-05-02 10:13:08]       done 37.1s  ntok=610  hit_cap=False  think=0c  ans=2858c  ETA 5h 33m
[2026-05-02 10:13:08]     [456/576] N3-survivorship-bias: generating (cap=2048)...
[2026-05-02 10:13:44]       done 36.0s  ntok=592  hit_cap=False  think=0c  ans=2965c  ETA 5h 30m
[2026-05-02 10:13:44]   ─ α=+12.00 (a+12.00) ─
[2026-05-02 10:13:44]     [457/576] E1-confabulation: generating (cap=2048)...
[2026-05-02 10:14:20]       done 36.2s  ntok=596  hit_cap=False  think=0c  ans=2674c  ETA 5h 27m
[2026-05-02 10:14:20]     [458/576] E2-contested-science: generating (cap=2048)...
[2026-05-02 10:14:58]       done 37.9s  ntok=623  hit_cap=False  think=0c  ans=2986c  ETA 5h 23m
[2026-05-02 10:14:58]     [459/576] E3-bayesian-update: generating (cap=8192)...
[2026-05-02 10:21:18]       done 380.4s  ntok=6136  hit_cap=False  think=15502c  ans=2020c  ETA 5h 21m
[2026-05-02 10:21:18]     [460/576] E4-taxi-social: generating (cap=8192)...
[2026-05-02 10:24:05]       done 166.3s  ntok=2714  hit_cap=False  think=9149c  ans=1281c  ETA 5h 19m
[2026-05-02 10:24:05]     [461/576] E5-ecological-fallacy: generating (cap=2048)...
[2026-05-02 10:25:08]       done 63.7s  ntok=1045  hit_cap=False  think=3974c  ans=1504c  ETA 5h 16m
[2026-05-02 10:25:08]     [462/576] N1-simpsons-paradox: generating (cap=4096)...
[2026-05-02 10:27:25]       done 137.0s  ntok=2239  hit_cap=False  think=8846c  ans=1101c  ETA 5h 13m
[2026-05-02 10:27:25]     [463/576] N2-conjunction-fallacy: generating (cap=2048)...
[2026-05-02 10:29:00]       done 94.4s  ntok=1547  hit_cap=False  think=0c  ans=7890c  ETA 5h 10m
[2026-05-02 10:29:00]     [464/576] N3-survivorship-bias: generating (cap=2048)...
[2026-05-02 10:29:34]       done 34.6s  ntok=569  hit_cap=False  think=0c  ans=2776c  ETA 5h 06m
[2026-05-02 10:29:34]   ─ α=+16.00 (a+16.00) ─
[2026-05-02 10:29:34]     [465/576] E1-confabulation: generating (cap=2048)...
[2026-05-02 10:30:03]       done 28.3s  ntok=466  hit_cap=False  think=0c  ans=2029c  ETA 5h 03m
[2026-05-02 10:30:03]     [466/576] E2-contested-science: generating (cap=2048)...
[2026-05-02 10:31:09]       done 66.6s  ntok=1094  hit_cap=False  think=0c  ans=5012c  ETA 5h 00m
[2026-05-02 10:31:09]     [467/576] E3-bayesian-update: generating (cap=8192)...
[2026-05-02 10:39:41]       done 511.9s  ntok=8192  hit_cap=True  think=0c  ans=16664c  ETA 4h 59m
[2026-05-02 10:39:41]     [468/576] E4-taxi-social: generating (cap=8192)...
[2026-05-02 10:48:14]       done 512.3s  ntok=8192  hit_cap=True  think=0c  ans=35361c  ETA 4h 57m
[2026-05-02 10:48:14]     [469/576] E5-ecological-fallacy: generating (cap=2048)...
[2026-05-02 10:50:19]       done 125.3s  ntok=2048  hit_cap=True  think=0c  ans=9364c  ETA 4h 54m
[2026-05-02 10:50:19]     [470/576] N1-simpsons-paradox: generating (cap=4096)...
[2026-05-02 10:54:32]       done 252.7s  ntok=4096  hit_cap=True  think=0c  ans=19722c  ETA 4h 52m
[2026-05-02 10:54:32]     [471/576] N2-conjunction-fallacy: generating (cap=2048)...
[2026-05-02 10:55:39]       done 67.5s  ntok=1106  hit_cap=False  think=0c  ans=5792c  ETA 4h 49m
[2026-05-02 10:55:39]     [472/576] N3-survivorship-bias: generating (cap=2048)...
[2026-05-02 10:56:42]       done 62.9s  ntok=1030  hit_cap=False  think=0c  ans=5003c  ETA 4h 46m
[2026-05-02 10:56:42]   ─ α=+20.00 (a+20.00) ─
[2026-05-02 10:56:42]     [473/576] E1-confabulation: generating (cap=2048)...
[2026-05-02 10:57:14]       done 32.1s  ntok=527  hit_cap=False  think=0c  ans=2188c  ETA 4h 42m
[2026-05-02 10:57:14]     [474/576] E2-contested-science: generating (cap=2048)...
[2026-05-02 10:57:35]       done 21.5s  ntok=353  hit_cap=False  think=0c  ans=1635c  ETA 4h 39m
[2026-05-02 10:57:35]     [475/576] E3-bayesian-update: generating (cap=8192)...
[2026-05-02 11:06:08]       done 512.4s  ntok=8192  hit_cap=True  think=0c  ans=19154c  ETA 4h 38m
[2026-05-02 11:06:08]     [476/576] E4-taxi-social: generating (cap=8192)...
[2026-05-02 11:14:40]       done 512.2s  ntok=8192  hit_cap=True  think=0c  ans=35278c  ETA 4h 36m
[2026-05-02 11:14:40]     [477/576] E5-ecological-fallacy: generating (cap=2048)...
[2026-05-02 11:15:37]       done 57.4s  ntok=941  hit_cap=False  think=3209c  ans=1642c  ETA 4h 33m
[2026-05-02 11:15:37]     [478/576] N1-simpsons-paradox: generating (cap=4096)...
[2026-05-02 11:18:19]       done 162.0s  ntok=2639  hit_cap=False  think=11021c  ans=901c  ETA 4h 30m
[2026-05-02 11:18:19]     [479/576] N2-conjunction-fallacy: generating (cap=2048)...
[2026-05-02 11:20:25]       done 125.3s  ntok=2048  hit_cap=True  think=0c  ans=8165c  ETA 4h 27m
[2026-05-02 11:20:25]     [480/576] N3-survivorship-bias: generating (cap=2048)...
[2026-05-02 11:20:57]       done 32.7s  ntok=537  hit_cap=False  think=0c  ans=2604c  ETA 4h 24m
[2026-05-02 11:20:57] ════════════════════════════════════════════════════════════════════════
[2026-05-02 11:20:57] VECTOR CCnum_L23 — corpus=triplets-cc-numeric-only-symlinks  layer=L23  norm=104.01
[2026-05-02 11:20:57]   ─ α=-8.00 (a-08.00) ─
[2026-05-02 11:20:57]     [481/576] E1-confabulation: generating (cap=2048)...
[2026-05-02 11:21:36]       done 38.4s  ntok=630  hit_cap=False  think=0c  ans=2801c  ETA 4h 21m
[2026-05-02 11:21:36]     [482/576] E2-contested-science: generating (cap=2048)...
[2026-05-02 11:23:27]       done 111.4s  ntok=1822  hit_cap=False  think=0c  ans=7378c  ETA 4h 18m
[2026-05-02 11:23:27]     [483/576] E3-bayesian-update: generating (cap=8192)...
[2026-05-02 11:31:59]       done 512.0s  ntok=8192  hit_cap=True  think=0c  ans=19791c  ETA 4h 16m
[2026-05-02 11:31:59]     [484/576] E4-taxi-social: generating (cap=8192)...
[2026-05-02 11:40:31]       done 511.7s  ntok=8192  hit_cap=True  think=0c  ans=35263c  ETA 4h 15m
[2026-05-02 11:40:31]     [485/576] E5-ecological-fallacy: generating (cap=2048)...
[2026-05-02 11:42:36]       done 125.2s  ntok=2048  hit_cap=True  think=8582c  ans=1204c  ETA 4h 12m
[2026-05-02 11:42:36]     [486/576] N1-simpsons-paradox: generating (cap=4096)...
[2026-05-02 11:44:10]       done 94.1s  ntok=1542  hit_cap=False  think=4725c  ans=1365c  ETA 4h 09m
[2026-05-02 11:44:10]     [487/576] N2-conjunction-fallacy: generating (cap=2048)...
[2026-05-02 11:44:55]       done 44.7s  ntok=734  hit_cap=False  think=0c  ans=3309c  ETA 4h 06m
[2026-05-02 11:44:55]     [488/576] N3-survivorship-bias: generating (cap=2048)...
[2026-05-02 11:45:29]       done 33.9s  ntok=557  hit_cap=False  think=0c  ans=2680c  ETA 4h 02m
[2026-05-02 11:45:29]   ─ α=-4.00 (a-04.00) ─
[2026-05-02 11:45:29]     [489/576] E1-confabulation: generating (cap=2048)...
[2026-05-02 11:46:01]       done 32.3s  ntok=532  hit_cap=False  think=0c  ans=2337c  ETA 3h 59m
[2026-05-02 11:46:01]     [490/576] E2-contested-science: generating (cap=2048)...
[2026-05-02 11:46:27]       done 26.3s  ntok=433  hit_cap=False  think=0c  ans=2073c  ETA 3h 56m
[2026-05-02 11:46:27]     [491/576] E3-bayesian-update: generating (cap=8192)...
[2026-05-02 11:51:23]       done 296.0s  ntok=4797  hit_cap=False  think=13041c  ans=1610c  ETA 3h 54m
[2026-05-02 11:51:23]     [492/576] E4-taxi-social: generating (cap=8192)...
[2026-05-02 11:59:55]       done 511.6s  ntok=8192  hit_cap=True  think=0c  ans=35517c  ETA 3h 52m
[2026-05-02 11:59:55]     [493/576] E5-ecological-fallacy: generating (cap=2048)...
[2026-05-02 12:02:00]       done 125.3s  ntok=2048  hit_cap=True  think=8674c  ans=695c  ETA 3h 49m
[2026-05-02 12:02:00]     [494/576] N1-simpsons-paradox: generating (cap=4096)...
[2026-05-02 12:03:57]       done 116.8s  ntok=1909  hit_cap=False  think=6673c  ans=880c  ETA 3h 46m
[2026-05-02 12:03:57]     [495/576] N2-conjunction-fallacy: generating (cap=2048)...
[2026-05-02 12:06:03]       done 125.7s  ntok=2048  hit_cap=True  think=0c  ans=7357c  ETA 3h 43m
[2026-05-02 12:06:03]     [496/576] N3-survivorship-bias: generating (cap=2048)...
[2026-05-02 12:06:40]       done 37.2s  ntok=609  hit_cap=False  think=0c  ans=3037c  ETA 3h 40m
[2026-05-02 12:06:40]   ─ α=-2.00 (a-02.00) ─
[2026-05-02 12:06:40]     [497/576] E1-confabulation: generating (cap=2048)...
[2026-05-02 12:08:45]       done 125.6s  ntok=2048  hit_cap=True  think=0c  ans=8345c  ETA 3h 37m
[2026-05-02 12:08:45]     [498/576] E2-contested-science: generating (cap=2048)...
[2026-05-02 12:09:15]       done 29.4s  ntok=484  hit_cap=False  think=0c  ans=2224c  ETA 3h 34m
[2026-05-02 12:09:15]     [499/576] E3-bayesian-update: generating (cap=8192)...
[2026-05-02 12:16:23]       done 427.6s  ntok=6867  hit_cap=False  think=16078c  ans=2134c  ETA 3h 32m
[2026-05-02 12:16:23]     [500/576] E4-taxi-social: generating (cap=8192)...
[2026-05-02 12:24:54]       done 511.6s  ntok=8192  hit_cap=True  think=0c  ans=35471c  ETA 3h 30m
[2026-05-02 12:24:54]     [501/576] E5-ecological-fallacy: generating (cap=2048)...
[2026-05-02 12:26:03]       done 69.0s  ntok=1131  hit_cap=False  think=4446c  ans=1475c  ETA 3h 27m
[2026-05-02 12:26:03]     [502/576] N1-simpsons-paradox: generating (cap=4096)...
[2026-05-02 12:29:05]       done 181.4s  ntok=2956  hit_cap=False  think=11750c  ans=1206c  ETA 3h 25m
[2026-05-02 12:29:05]     [503/576] N2-conjunction-fallacy: generating (cap=2048)...
[2026-05-02 12:30:23]       done 78.8s  ntok=1292  hit_cap=False  think=0c  ans=5335c  ETA 3h 22m
[2026-05-02 12:30:23]     [504/576] N3-survivorship-bias: generating (cap=2048)...
[2026-05-02 12:30:58]       done 34.6s  ntok=568  hit_cap=False  think=0c  ans=2651c  ETA 3h 18m
[2026-05-02 12:30:58]   ─ α=+1.00 (a+01.00) ─
[2026-05-02 12:30:58]     [505/576] E1-confabulation: generating (cap=2048)...
[2026-05-02 12:31:35]       done 36.8s  ntok=603  hit_cap=False  think=0c  ans=2757c  ETA 3h 15m
[2026-05-02 12:31:35]     [506/576] E2-contested-science: generating (cap=2048)...
[2026-05-02 12:32:03]       done 28.3s  ntok=465  hit_cap=False  think=0c  ans=2152c  ETA 3h 12m
[2026-05-02 12:32:03]     [507/576] E3-bayesian-update: generating (cap=8192)...
[2026-05-02 12:40:34]       done 511.4s  ntok=8192  hit_cap=True  think=0c  ans=22666c  ETA 3h 10m
[2026-05-02 12:40:34]     [508/576] E4-taxi-social: generating (cap=8192)...
[2026-05-02 12:49:06]       done 511.9s  ntok=8192  hit_cap=True  think=0c  ans=34167c  ETA 3h 08m
[2026-05-02 12:49:06]     [509/576] E5-ecological-fallacy: generating (cap=2048)...
[2026-05-02 12:51:12]       done 125.5s  ntok=2048  hit_cap=True  think=0c  ans=10286c  ETA 3h 05m
[2026-05-02 12:51:12]     [510/576] N1-simpsons-paradox: generating (cap=4096)...
[2026-05-02 12:55:25]       done 252.9s  ntok=4096  hit_cap=True  think=0c  ans=18679c  ETA 3h 03m
[2026-05-02 12:55:25]     [511/576] N2-conjunction-fallacy: generating (cap=2048)...
[2026-05-02 12:57:05]       done 100.1s  ntok=1637  hit_cap=False  think=0c  ans=8131c  ETA 3h 00m
[2026-05-02 12:57:05]     [512/576] N3-survivorship-bias: generating (cap=2048)...
[2026-05-02 12:57:43]       done 37.9s  ntok=623  hit_cap=False  think=0c  ans=3114c  ETA 2h 57m
[2026-05-02 12:57:43]   ─ α=+2.00 (a+02.00) ─
[2026-05-02 12:57:43]     [513/576] E1-confabulation: generating (cap=2048)...
[2026-05-02 12:58:18]       done 35.7s  ntok=587  hit_cap=False  think=0c  ans=2627c  ETA 2h 54m
[2026-05-02 12:58:18]     [514/576] E2-contested-science: generating (cap=2048)...
[2026-05-02 12:58:48]       done 29.4s  ntok=484  hit_cap=False  think=0c  ans=2224c  ETA 2h 51m
[2026-05-02 12:58:48]     [515/576] E3-bayesian-update: generating (cap=8192)...
[2026-05-02 13:07:19]       done 511.6s  ntok=8192  hit_cap=True  think=0c  ans=24356c  ETA 2h 49m
[2026-05-02 13:07:19]     [516/576] E4-taxi-social: generating (cap=8192)...
[2026-05-02 13:15:51]       done 511.6s  ntok=8192  hit_cap=True  think=0c  ans=31817c  ETA 2h 47m
[2026-05-02 13:15:51]     [517/576] E5-ecological-fallacy: generating (cap=2048)...
[2026-05-02 13:17:56]       done 125.3s  ntok=2048  hit_cap=True  think=0c  ans=9902c  ETA 2h 44m
[2026-05-02 13:17:56]     [518/576] N1-simpsons-paradox: generating (cap=4096)...
[2026-05-02 13:20:11]       done 134.6s  ntok=2197  hit_cap=False  think=8489c  ans=801c  ETA 2h 41m
[2026-05-02 13:20:11]     [519/576] N2-conjunction-fallacy: generating (cap=2048)...
[2026-05-02 13:21:16]       done 65.3s  ntok=1072  hit_cap=False  think=0c  ans=5706c  ETA 2h 38m
[2026-05-02 13:21:16]     [520/576] N3-survivorship-bias: generating (cap=2048)...
[2026-05-02 13:21:54]       done 37.9s  ntok=623  hit_cap=False  think=0c  ans=3114c  ETA 2h 35m
[2026-05-02 13:21:54]   ─ α=+4.00 (a+04.00) ─
[2026-05-02 13:21:54]     [521/576] E1-confabulation: generating (cap=2048)...
[2026-05-02 13:22:30]       done 35.7s  ntok=587  hit_cap=False  think=0c  ans=2627c  ETA 2h 32m
[2026-05-02 13:22:30]     [522/576] E2-contested-science: generating (cap=2048)...
[2026-05-02 13:22:41]       done 11.0s  ntok=181  hit_cap=False  think=0c  ans=923c  ETA 2h 29m
[2026-05-02 13:22:41]     [523/576] E3-bayesian-update: generating (cap=8192)...
[2026-05-02 13:26:11]       done 209.9s  ntok=3415  hit_cap=False  think=7013c  ans=1759c  ETA 2h 26m
[2026-05-02 13:26:11]     [524/576] E4-taxi-social: generating (cap=8192)...
[2026-05-02 13:34:43]       done 512.2s  ntok=8192  hit_cap=True  think=0c  ans=34142c  ETA 2h 24m
[2026-05-02 13:34:43]     [525/576] E5-ecological-fallacy: generating (cap=2048)...
[2026-05-02 13:35:56]       done 72.5s  ntok=1189  hit_cap=False  think=4938c  ans=733c  ETA 2h 21m
[2026-05-02 13:35:56]     [526/576] N1-simpsons-paradox: generating (cap=4096)...
[2026-05-02 13:38:57]       done 181.8s  ntok=2959  hit_cap=False  think=11332c  ans=1134c  ETA 2h 18m
[2026-05-02 13:38:57]     [527/576] N2-conjunction-fallacy: generating (cap=2048)...
[2026-05-02 13:40:01]       done 63.7s  ntok=1044  hit_cap=False  think=0c  ans=5376c  ETA 2h 15m
[2026-05-02 13:40:01]     [528/576] N3-survivorship-bias: generating (cap=2048)...
[2026-05-02 13:40:29]       done 28.1s  ntok=462  hit_cap=False  think=0c  ans=2190c  ETA 2h 12m
[2026-05-02 13:40:29]   ─ α=+6.00 (a+06.00) ─
[2026-05-02 13:40:29]     [529/576] E1-confabulation: generating (cap=2048)...
[2026-05-02 13:41:06]       done 37.4s  ntok=614  hit_cap=False  think=0c  ans=2728c  ETA 2h 09m
[2026-05-02 13:41:06]     [530/576] E2-contested-science: generating (cap=2048)...
[2026-05-02 13:41:36]       done 29.3s  ntok=481  hit_cap=False  think=0c  ans=2224c  ETA 2h 07m
[2026-05-02 13:41:36]     [531/576] E3-bayesian-update: generating (cap=8192)...
[2026-05-02 13:46:55]       done 319.5s  ntok=5165  hit_cap=False  think=12022c  ans=1835c  ETA 2h 04m
[2026-05-02 13:46:55]     [532/576] E4-taxi-social: generating (cap=8192)...
[2026-05-02 13:55:27]       done 511.6s  ntok=8192  hit_cap=True  think=0c  ans=36161c  ETA 2h 02m
[2026-05-02 13:55:27]     [533/576] E5-ecological-fallacy: generating (cap=2048)...
[2026-05-02 13:56:48]       done 80.6s  ntok=1323  hit_cap=False  think=5226c  ans=1630c  ETA 1h 59m
[2026-05-02 13:56:48]     [534/576] N1-simpsons-paradox: generating (cap=4096)...
[2026-05-02 14:01:00]       done 252.4s  ntok=4096  hit_cap=True  think=0c  ans=17410c  ETA 1h 56m
[2026-05-02 14:01:00]     [535/576] N2-conjunction-fallacy: generating (cap=2048)...
[2026-05-02 14:02:04]       done 63.6s  ntok=1044  hit_cap=False  think=0c  ans=5376c  ETA 1h 53m
[2026-05-02 14:02:04]     [536/576] N3-survivorship-bias: generating (cap=2048)...
[2026-05-02 14:02:42]       done 38.7s  ntok=636  hit_cap=False  think=0c  ans=3161c  ETA 1h 50m
[2026-05-02 14:02:42]   ─ α=+8.00 (a+08.00) ─
[2026-05-02 14:02:42]     [537/576] E1-confabulation: generating (cap=2048)...
[2026-05-02 14:03:20]       done 37.3s  ntok=614  hit_cap=False  think=0c  ans=2728c  ETA 1h 47m
[2026-05-02 14:03:20]     [538/576] E2-contested-science: generating (cap=2048)...
[2026-05-02 14:03:31]       done 11.0s  ntok=181  hit_cap=False  think=0c  ans=923c  ETA 1h 44m
[2026-05-02 14:03:31]     [539/576] E3-bayesian-update: generating (cap=8192)...
[2026-05-02 14:11:00]       done 449.8s  ntok=7220  hit_cap=False  think=16024c  ans=1925c  ETA 1h 42m
[2026-05-02 14:11:00]     [540/576] E4-taxi-social: generating (cap=8192)...
[2026-05-02 14:19:32]       done 512.0s  ntok=8192  hit_cap=True  think=0c  ans=36468c  ETA 1h 40m
[2026-05-02 14:19:32]     [541/576] E5-ecological-fallacy: generating (cap=2048)...
[2026-05-02 14:21:26]       done 114.0s  ntok=1866  hit_cap=False  think=7548c  ans=1419c  ETA 1h 37m
[2026-05-02 14:21:26]     [542/576] N1-simpsons-paradox: generating (cap=4096)...
[2026-05-02 14:22:26]       done 59.2s  ntok=971  hit_cap=False  think=3639c  ans=715c  ETA 1h 34m
[2026-05-02 14:22:26]     [543/576] N2-conjunction-fallacy: generating (cap=2048)...
[2026-05-02 14:23:45]       done 79.5s  ntok=1302  hit_cap=False  think=0c  ans=6473c  ETA 1h 31m
[2026-05-02 14:23:45]     [544/576] N3-survivorship-bias: generating (cap=2048)...
[2026-05-02 14:24:26]       done 41.3s  ntok=679  hit_cap=False  think=0c  ans=3366c  ETA 1h 28m
[2026-05-02 14:24:26]   ─ α=+10.00 (a+10.00) ─
[2026-05-02 14:24:26]     [545/576] E1-confabulation: generating (cap=2048)...
[2026-05-02 14:25:04]       done 37.3s  ntok=614  hit_cap=False  think=0c  ans=2728c  ETA 1h 25m
[2026-05-02 14:25:04]     [546/576] E2-contested-science: generating (cap=2048)...
[2026-05-02 14:25:33]       done 29.2s  ntok=481  hit_cap=False  think=0c  ans=2224c  ETA 1h 22m
[2026-05-02 14:25:33]     [547/576] E3-bayesian-update: generating (cap=8192)...
[2026-05-02 14:30:38]       done 304.7s  ntok=4932  hit_cap=False  think=11144c  ans=1998c  ETA 1h 20m
[2026-05-02 14:30:38]     [548/576] E4-taxi-social: generating (cap=8192)...
[2026-05-02 14:39:10]       done 512.2s  ntok=8192  hit_cap=True  think=0c  ans=37657c  ETA 1h 17m
[2026-05-02 14:39:10]     [549/576] E5-ecological-fallacy: generating (cap=2048)...
[2026-05-02 14:40:26]       done 76.0s  ntok=1245  hit_cap=False  think=4980c  ans=1322c  ETA 1h 14m
[2026-05-02 14:40:26]     [550/576] N1-simpsons-paradox: generating (cap=4096)...
[2026-05-02 14:42:51]       done 144.8s  ntok=2360  hit_cap=False  think=9118c  ans=1065c  ETA 1h 12m
[2026-05-02 14:42:51]     [551/576] N2-conjunction-fallacy: generating (cap=2048)...
[2026-05-02 14:44:56]       done 125.3s  ntok=2048  hit_cap=True  think=0c  ans=10054c  ETA 1h 09m
[2026-05-02 14:44:56]     [552/576] N3-survivorship-bias: generating (cap=2048)...
[2026-05-02 14:45:37]       done 41.4s  ntok=679  hit_cap=False  think=0c  ans=3366c  ETA 1h 06m
[2026-05-02 14:45:37]   ─ α=+12.00 (a+12.00) ─
[2026-05-02 14:45:37]     [553/576] E1-confabulation: generating (cap=2048)...
[2026-05-02 14:46:15]       done 37.4s  ntok=614  hit_cap=False  think=0c  ans=2728c  ETA 1h 03m
[2026-05-02 14:46:15]     [554/576] E2-contested-science: generating (cap=2048)...
[2026-05-02 14:46:48]       done 33.5s  ntok=550  hit_cap=False  think=0c  ans=2581c  ETA 1h 00m
[2026-05-02 14:46:48]     [555/576] E3-bayesian-update: generating (cap=8192)...
[2026-05-02 14:55:20]       done 511.8s  ntok=8192  hit_cap=True  think=18852c  ans=949c  ETA 58m 09s
[2026-05-02 14:55:20]     [556/576] E4-taxi-social: generating (cap=8192)...
[2026-05-02 14:57:20]       done 119.4s  ntok=1953  hit_cap=False  think=5938c  ans=1465c  ETA 55m 21s
[2026-05-02 14:57:20]     [557/576] E5-ecological-fallacy: generating (cap=2048)...
[2026-05-02 14:59:25]       done 125.4s  ntok=2048  hit_cap=True  think=0c  ans=9698c  ETA 52m 34s
[2026-05-02 14:59:25]     [558/576] N1-simpsons-paradox: generating (cap=4096)...
[2026-05-02 15:00:37]       done 72.3s  ntok=1184  hit_cap=False  think=3417c  ans=1319c  ETA 49m 45s
[2026-05-02 15:00:37]     [559/576] N2-conjunction-fallacy: generating (cap=2048)...
[2026-05-02 15:02:43]       done 125.4s  ntok=2048  hit_cap=True  think=0c  ans=9951c  ETA 46m 58s
[2026-05-02 15:02:43]     [560/576] N3-survivorship-bias: generating (cap=2048)...
[2026-05-02 15:03:20]       done 37.3s  ntok=612  hit_cap=False  think=0c  ans=2907c  ETA 44m 08s
[2026-05-02 15:03:20]   ─ α=+16.00 (a+16.00) ─
[2026-05-02 15:03:20]     [561/576] E1-confabulation: generating (cap=2048)...
[2026-05-02 15:03:56]       done 35.8s  ntok=587  hit_cap=False  think=0c  ans=2627c  ETA 41m 19s
[2026-05-02 15:03:56]     [562/576] E2-contested-science: generating (cap=2048)...
[2026-05-02 15:04:07]       done 11.0s  ntok=181  hit_cap=False  think=0c  ans=923c  ETA 38m 30s
[2026-05-02 15:04:07]     [563/576] E3-bayesian-update: generating (cap=8192)...
[2026-05-02 15:07:06]       done 178.9s  ntok=2917  hit_cap=False  think=5337c  ans=1847c  ETA 35m 45s
[2026-05-02 15:07:06]     [564/576] E4-taxi-social: generating (cap=8192)...
[2026-05-02 15:15:37]       done 511.6s  ntok=8192  hit_cap=True  think=0c  ans=37529c  ETA 33m 08s
[2026-05-02 15:15:37]     [565/576] E5-ecological-fallacy: generating (cap=2048)...
[2026-05-02 15:16:52]       done 74.7s  ntok=1226  hit_cap=False  think=5010c  ans=1273c  ETA 30m 20s
[2026-05-02 15:16:52]     [566/576] N1-simpsons-paradox: generating (cap=4096)...
[2026-05-02 15:21:05]       done 252.7s  ntok=4096  hit_cap=True  think=0c  ans=16738c  ETA 27m 36s
[2026-05-02 15:21:05]     [567/576] N2-conjunction-fallacy: generating (cap=2048)...
[2026-05-02 15:23:10]       done 125.3s  ntok=2048  hit_cap=True  think=0c  ans=9686c  ETA 24m 50s
[2026-05-02 15:23:10]     [568/576] N3-survivorship-bias: generating (cap=2048)...
[2026-05-02 15:23:47]       done 37.4s  ntok=614  hit_cap=False  think=0c  ans=2943c  ETA 22m 03s
[2026-05-02 15:23:47]   ─ α=+20.00 (a+20.00) ─
[2026-05-02 15:23:47]     [569/576] E1-confabulation: generating (cap=2048)...
[2026-05-02 15:25:52]       done 125.2s  ntok=2048  hit_cap=True  think=0c  ans=8014c  ETA 19m 17s
[2026-05-02 15:25:52]     [570/576] E2-contested-science: generating (cap=2048)...
[2026-05-02 15:26:27]       done 34.1s  ntok=560  hit_cap=False  think=0c  ans=2657c  ETA 16m 30s
[2026-05-02 15:26:27]     [571/576] E3-bayesian-update: generating (cap=8192)...
[2026-05-02 15:30:18]       done 231.0s  ntok=3752  hit_cap=False  think=7398c  ans=1687c  ETA 13m 45s
[2026-05-02 15:30:18]     [572/576] E4-taxi-social: generating (cap=8192)...
[2026-05-02 15:38:49]       done 511.8s  ntok=8192  hit_cap=True  think=0c  ans=36521c  ETA 11m 03s
[2026-05-02 15:38:49]     [573/576] E5-ecological-fallacy: generating (cap=2048)...
[2026-05-02 15:40:15]       done 85.3s  ntok=1397  hit_cap=False  think=6349c  ans=934c  ETA 8m 16s
[2026-05-02 15:40:15]     [574/576] N1-simpsons-paradox: generating (cap=4096)...
[2026-05-02 15:42:07]       done 112.7s  ntok=1843  hit_cap=False  think=6592c  ans=1335c  ETA 5m 31s
[2026-05-02 15:42:07]     [575/576] N2-conjunction-fallacy: generating (cap=2048)...
[2026-05-02 15:44:13]       done 125.3s  ntok=2048  hit_cap=True  think=0c  ans=9734c  ETA 2m 45s
[2026-05-02 15:44:13]     [576/576] N3-survivorship-bias: generating (cap=2048)...
[2026-05-02 15:44:50]       done 37.0s  ntok=609  hit_cap=False  think=0c  ans=2905c  ETA 0m 00s
[2026-05-02 15:44:50] ========================================================================
[2026-05-02 15:44:50] SWEEP COMPLETE — 576 steered + 8 baselines in 26h 26m
