[2026-05-01 00:10:38] ========================================================================
[2026-05-01 00:10:38] Llama-3.1-8B-Instruct-Open-R1-GRPO α-sweep — START
[2026-05-01 00:10:38] Model: llama-3.1-8b-r1-grpo  |  Vectors: 6  |  Alphas: 12  |  Prompts: 8
[2026-05-01 00:10:38] Total target: 584 generations (8 baselines + 576 steered)
[2026-05-01 00:10:38] Output dir: /home/sumit/phronesis/mvp/results/llama_sweep_20260501
[2026-05-01 00:10:38] Alphas: [-8.0, -4.0, -2.0, 1.0, 2.0, 4.0, 6.0, 8.0, 10.0, 12.0, 16.0, 20.0]
[2026-05-01 00:10:38] Vectors:
[2026-05-01 00:10:38]    CC_L26          → triplets-combined/last_token/layer_26_virtue_vector.npy
[2026-05-01 00:10:38]    EG_L22          → triplets-evidence-grounding/last_token/layer_22_virtue_vector.npy
[2026-05-01 00:10:38]    RT_L22          → triplets-reasoning-transparency/last_token/layer_22_virtue_vector.npy
[2026-05-01 00:10:38]    IH_L31          → triplets-intellectual-humility/last_token/layer_31_virtue_vector.npy
[2026-05-01 00:10:38]    VC_L29          → triplets-verbosity-control/last_token/layer_29_virtue_vector.npy
[2026-05-01 00:10:38]    CCnum_L31       → triplets-cc-numeric-only-symlinks/last_token/layer_31_virtue_vector.npy
[2026-05-01 00:10:38] Prompts (8):
[2026-05-01 00:10:38]    E1-confabulation                cap=2048
[2026-05-01 00:10:38]    E2-contested-science            cap=2048
[2026-05-01 00:10:38]    E3-bayesian-update              cap=8192
[2026-05-01 00:10:38]    E4-taxi-social                  cap=8192
[2026-05-01 00:10:38]    E5-ecological-fallacy           cap=2048
[2026-05-01 00:10:38]    N1-simpsons-paradox             cap=4096
[2026-05-01 00:10:38]    N2-conjunction-fallacy          cap=2048
[2026-05-01 00:10:38]    N3-survivorship-bias            cap=2048
[2026-05-01 00:10:38] Pre-checking vector files...
[2026-05-01 00:10:38] All vector files found. ✓
[2026-05-01 00:10:38] Loading model llama-3.1-8b-r1-grpo...
[2026-05-01 00:10:50] Model on cuda. Ready.
[2026-05-01 00:10:50] ─── BASELINES (no steering) ───
[2026-05-01 00:10:50]   [1/8] E1-confabulation: generating (cap=2048)...
[2026-05-01 00:10:52]     done 1.9s  ntok=21  hit_cap=False  think=0c  ans=89c
[2026-05-01 00:10:52]   [2/8] E2-contested-science: generating (cap=2048)...
[2026-05-01 00:11:30]     done 38.2s  ntok=598  hit_cap=False  think=0c  ans=2713c
[2026-05-01 00:11:30]   [3/8] E3-bayesian-update: generating (cap=8192)...
[2026-05-01 00:11:52]     done 22.4s  ntok=350  hit_cap=False  think=0c  ans=1368c
[2026-05-01 00:11:52]   [4/8] E4-taxi-social: generating (cap=8192)...
[2026-05-01 00:12:39]     done 47.1s  ntok=733  hit_cap=False  think=0c  ans=2207c
[2026-05-01 00:12:39]   [5/8] E5-ecological-fallacy: generating (cap=2048)...
[2026-05-01 00:13:12]     done 32.7s  ntok=509  hit_cap=False  think=0c  ans=2758c
[2026-05-01 00:13:12]   [6/8] N1-simpsons-paradox: generating (cap=4096)...
[2026-05-01 00:13:40]     done 27.8s  ntok=432  hit_cap=False  think=0c  ans=2120c
[2026-05-01 00:13:40]   [7/8] N2-conjunction-fallacy: generating (cap=2048)...
[2026-05-01 00:14:01]     done 21.3s  ntok=332  hit_cap=False  think=0c  ans=1695c
[2026-05-01 00:14:01]   [8/8] N3-survivorship-bias: generating (cap=2048)...
[2026-05-01 00:14:37]     done 35.8s  ntok=557  hit_cap=False  think=0c  ans=2942c
[2026-05-01 00:14:37] ════════════════════════════════════════════════════════════════════════
[2026-05-01 00:14:37] VECTOR CC_L26 — corpus=triplets-combined  layer=L26  norm=5.55
[2026-05-01 00:14:37]   ─ α=-8.00 (a-08.00) ─
[2026-05-01 00:14:37]     [1/576] E1-confabulation: generating (cap=2048)...
[2026-05-01 00:14:54]       done 16.7s  ntok=258  hit_cap=False  think=0c  ans=1191c  ETA 2h 40m
[2026-05-01 00:14:54]     [2/576] E2-contested-science: generating (cap=2048)...
[2026-05-01 00:15:20]       done 26.4s  ntok=406  hit_cap=False  think=0c  ans=1848c  ETA 3h 26m
[2026-05-01 00:15:20]     [3/576] E3-bayesian-update: generating (cap=8192)...
[2026-05-01 00:15:45]       done 25.3s  ntok=389  hit_cap=False  think=0c  ans=1529c  ETA 3h 37m
[2026-05-01 00:15:45]     [4/576] E4-taxi-social: generating (cap=8192)...
[2026-05-01 00:16:29]       done 43.7s  ntok=672  hit_cap=False  think=0c  ans=2295c  ETA 4h 27m
[2026-05-01 00:16:29]     [5/576] E5-ecological-fallacy: generating (cap=2048)...
[2026-05-01 00:17:03]       done 33.9s  ntok=521  hit_cap=False  think=0c  ans=2835c  ETA 4h 37m
[2026-05-01 00:17:03]     [6/576] N1-simpsons-paradox: generating (cap=4096)...
[2026-05-01 00:17:39]       done 36.1s  ntok=555  hit_cap=False  think=0c  ans=2835c  ETA 4h 48m
[2026-05-01 00:17:39]     [7/576] N2-conjunction-fallacy: generating (cap=2048)...
[2026-05-01 00:18:05]       done 26.2s  ntok=403  hit_cap=False  think=0c  ans=2053c  ETA 4h 42m
[2026-05-01 00:18:05]     [8/576] N3-survivorship-bias: generating (cap=2048)...
[2026-05-01 00:18:49]       done 44.0s  ntok=676  hit_cap=False  think=0c  ans=3632c  ETA 4h 58m
[2026-05-01 00:18:49]   ─ α=-4.00 (a-04.00) ─
[2026-05-01 00:18:49]     [9/576] E1-confabulation: generating (cap=2048)...
[2026-05-01 00:19:01]       done 11.5s  ntok=178  hit_cap=False  think=0c  ans=890c  ETA 4h 37m
[2026-05-01 00:19:01]     [10/576] E2-contested-science: generating (cap=2048)...
[2026-05-01 00:19:38]       done 37.2s  ntok=572  hit_cap=False  think=0c  ans=2757c  ETA 4h 44m
[2026-05-01 00:19:38]     [11/576] E3-bayesian-update: generating (cap=8192)...
[2026-05-01 00:20:08]       done 29.8s  ntok=458  hit_cap=False  think=0c  ans=1794c  ETA 4h 43m
[2026-05-01 00:20:08]     [12/576] E4-taxi-social: generating (cap=8192)...
[2026-05-01 00:20:52]       done 44.1s  ntok=678  hit_cap=False  think=0c  ans=2191c  ETA 4h 53m
[2026-05-01 00:20:52]     [13/576] E5-ecological-fallacy: generating (cap=2048)...
[2026-05-01 00:21:31]       done 39.1s  ntok=602  hit_cap=False  think=0c  ans=3225c  ETA 4h 58m
[2026-05-01 00:21:31]     [14/576] N1-simpsons-paradox: generating (cap=4096)...
[2026-05-01 00:22:03]       done 32.0s  ntok=492  hit_cap=False  think=0c  ans=2513c  ETA 4h 58m
[2026-05-01 00:22:03]     [15/576] N2-conjunction-fallacy: generating (cap=2048)...
[2026-05-01 00:22:25]       done 22.1s  ntok=340  hit_cap=False  think=0c  ans=1796c  ETA 4h 51m
[2026-05-01 00:22:25]     [16/576] N3-survivorship-bias: generating (cap=2048)...
[2026-05-01 00:23:02]       done 37.1s  ntok=570  hit_cap=False  think=0c  ans=3031c  ETA 4h 54m
[2026-05-01 00:23:02]   ─ α=-2.00 (a-02.00) ─
[2026-05-01 00:23:02]     [17/576] E1-confabulation: generating (cap=2048)...
[2026-05-01 00:23:14]       done 11.5s  ntok=177  hit_cap=False  think=0c  ans=883c  ETA 4h 43m
[2026-05-01 00:23:14]     [18/576] E2-contested-science: generating (cap=2048)...
[2026-05-01 00:24:00]       done 45.9s  ntok=706  hit_cap=False  think=0c  ans=3065c  ETA 4h 50m
[2026-05-01 00:24:00]     [19/576] E3-bayesian-update: generating (cap=8192)...
[2026-05-01 00:24:33]       done 33.1s  ntok=510  hit_cap=False  think=0c  ans=1921c  ETA 4h 51m
[2026-05-01 00:24:33]     [20/576] E4-taxi-social: generating (cap=8192)...
[2026-05-01 00:25:24]       done 51.1s  ntok=785  hit_cap=False  think=0c  ans=2450c  ETA 4h 59m
[2026-05-01 00:25:24]     [21/576] E5-ecological-fallacy: generating (cap=2048)...
[2026-05-01 00:26:01]       done 37.1s  ntok=571  hit_cap=False  think=0c  ans=3179c  ETA 5h 01m
[2026-05-01 00:26:01]     [22/576] N1-simpsons-paradox: generating (cap=4096)...
[2026-05-01 00:26:37]       done 36.3s  ntok=557  hit_cap=False  think=0c  ans=2879c  ETA 5h 02m
[2026-05-01 00:26:37]     [23/576] N2-conjunction-fallacy: generating (cap=2048)...
[2026-05-01 00:27:01]       done 23.3s  ntok=359  hit_cap=False  think=0c  ans=1852c  ETA 4h 58m
[2026-05-01 00:27:01]     [24/576] N3-survivorship-bias: generating (cap=2048)...
[2026-05-01 00:27:38]       done 37.1s  ntok=571  hit_cap=False  think=0c  ans=3031c  ETA 4h 59m
[2026-05-01 00:27:38]   ─ α=+1.00 (a+01.00) ─
[2026-05-01 00:27:38]     [25/576] E1-confabulation: generating (cap=2048)...
[2026-05-01 00:27:39]       done 1.4s  ntok=21  hit_cap=False  think=0c  ans=80c  ETA 4h 47m
[2026-05-01 00:27:39]     [26/576] E2-contested-science: generating (cap=2048)...
[2026-05-01 00:28:23]       done 44.1s  ntok=678  hit_cap=False  think=0c  ans=2998c  ETA 4h 51m
[2026-05-01 00:28:23]     [27/576] E3-bayesian-update: generating (cap=8192)...
[2026-05-01 00:28:46]       done 22.3s  ntok=344  hit_cap=False  think=0c  ans=1338c  ETA 4h 47m
[2026-05-01 00:28:46]     [28/576] E4-taxi-social: generating (cap=8192)...
[2026-05-01 00:29:32]       done 46.1s  ntok=709  hit_cap=False  think=0c  ans=2099c  ETA 4h 51m
[2026-05-01 00:29:32]     [29/576] E5-ecological-fallacy: generating (cap=2048)...
[2026-05-01 00:30:05]       done 33.5s  ntok=515  hit_cap=False  think=0c  ans=2775c  ETA 4h 51m
[2026-05-01 00:30:05]     [30/576] N1-simpsons-paradox: generating (cap=4096)...
[2026-05-01 00:30:32]       done 27.1s  ntok=416  hit_cap=False  think=0c  ans=2023c  ETA 4h 49m
[2026-05-01 00:30:32]     [31/576] N2-conjunction-fallacy: generating (cap=2048)...
[2026-05-01 00:30:54]       done 22.1s  ntok=340  hit_cap=False  think=0c  ans=1731c  ETA 4h 46m
[2026-05-01 00:30:54]     [32/576] N3-survivorship-bias: generating (cap=2048)...
[2026-05-01 00:31:31]       done 37.0s  ntok=568  hit_cap=False  think=0c  ans=3021c  ETA 4h 47m
[2026-05-01 00:31:31]   ─ α=+2.00 (a+02.00) ─
[2026-05-01 00:31:31]     [33/576] E1-confabulation: generating (cap=2048)...
[2026-05-01 00:31:33]       done 1.4s  ntok=21  hit_cap=False  think=0c  ans=80c  ETA 4h 38m
[2026-05-01 00:31:33]     [34/576] E2-contested-science: generating (cap=2048)...
[2026-05-01 00:32:14]       done 40.7s  ntok=627  hit_cap=False  think=0c  ans=2721c  ETA 4h 40m
[2026-05-01 00:32:14]     [35/576] E3-bayesian-update: generating (cap=8192)...
[2026-05-01 00:32:35]       done 21.8s  ntok=336  hit_cap=False  think=0c  ans=1298c  ETA 4h 37m
[2026-05-01 00:32:35]     [36/576] E4-taxi-social: generating (cap=8192)...
[2026-05-01 00:33:19]       done 43.8s  ntok=672  hit_cap=False  think=0c  ans=1924c  ETA 4h 40m
[2026-05-01 00:33:19]     [37/576] E5-ecological-fallacy: generating (cap=2048)...
[2026-05-01 00:33:57]       done 37.7s  ntok=580  hit_cap=False  think=0c  ans=3236c  ETA 4h 41m
[2026-05-01 00:33:57]     [38/576] N1-simpsons-paradox: generating (cap=4096)...
[2026-05-01 00:34:28]       done 31.5s  ntok=484  hit_cap=False  think=0c  ans=2375c  ETA 4h 41m
[2026-05-01 00:34:28]     [39/576] N2-conjunction-fallacy: generating (cap=2048)...
[2026-05-01 00:34:51]       done 22.4s  ntok=344  hit_cap=False  think=0c  ans=1734c  ETA 4h 38m
[2026-05-01 00:34:51]     [40/576] N3-survivorship-bias: generating (cap=2048)...
[2026-05-01 00:35:28]       done 36.9s  ntok=567  hit_cap=False  think=0c  ans=3039c  ETA 4h 39m
[2026-05-01 00:35:28]   ─ α=+4.00 (a+04.00) ─
[2026-05-01 00:35:28]     [41/576] E1-confabulation: generating (cap=2048)...
[2026-05-01 00:35:29]       done 1.4s  ntok=21  hit_cap=False  think=0c  ans=80c  ETA 4h 32m
[2026-05-01 00:35:29]     [42/576] E2-contested-science: generating (cap=2048)...
[2026-05-01 00:36:10]       done 40.7s  ntok=626  hit_cap=False  think=0c  ans=2732c  ETA 4h 33m
[2026-05-01 00:36:10]     [43/576] E3-bayesian-update: generating (cap=8192)...
[2026-05-01 00:36:37]       done 27.0s  ntok=416  hit_cap=False  think=0c  ans=1633c  ETA 4h 32m
[2026-05-01 00:36:37]     [44/576] E4-taxi-social: generating (cap=8192)...
[2026-05-01 00:37:26]       done 49.7s  ntok=764  hit_cap=False  think=0c  ans=2357c  ETA 4h 35m
[2026-05-01 00:37:26]     [45/576] E5-ecological-fallacy: generating (cap=2048)...
[2026-05-01 00:37:55]       done 28.6s  ntok=441  hit_cap=False  think=0c  ans=2296c  ETA 4h 34m
[2026-05-01 00:37:55]     [46/576] N1-simpsons-paradox: generating (cap=4096)...
[2026-05-01 00:38:21]       done 26.1s  ntok=401  hit_cap=False  think=0c  ans=1985c  ETA 4h 33m
[2026-05-01 00:38:21]     [47/576] N2-conjunction-fallacy: generating (cap=2048)...
[2026-05-01 00:38:46]       done 24.5s  ntok=377  hit_cap=False  think=0c  ans=1945c  ETA 4h 31m
[2026-05-01 00:38:46]     [48/576] N3-survivorship-bias: generating (cap=2048)...
[2026-05-01 00:39:22]       done 35.9s  ntok=551  hit_cap=False  think=0c  ans=2908c  ETA 4h 32m
[2026-05-01 00:39:22]   ─ α=+6.00 (a+06.00) ─
[2026-05-01 00:39:22]     [49/576] E1-confabulation: generating (cap=2048)...
[2026-05-01 00:39:23]       done 1.4s  ntok=21  hit_cap=False  think=0c  ans=80c  ETA 4h 26m
[2026-05-01 00:39:23]     [50/576] E2-contested-science: generating (cap=2048)...
[2026-05-01 00:40:05]       done 42.5s  ntok=653  hit_cap=False  think=0c  ans=2919c  ETA 4h 27m
[2026-05-01 00:40:05]     [51/576] E3-bayesian-update: generating (cap=8192)...
[2026-05-01 00:40:33]       done 27.1s  ntok=417  hit_cap=False  think=0c  ans=1627c  ETA 4h 26m
[2026-05-01 00:40:33]     [52/576] E4-taxi-social: generating (cap=8192)...
[2026-05-01 00:41:14]       done 41.1s  ntok=631  hit_cap=False  think=0c  ans=2000c  ETA 4h 28m
[2026-05-01 00:41:14]     [53/576] E5-ecological-fallacy: generating (cap=2048)...
[2026-05-01 00:41:46]       done 32.4s  ntok=498  hit_cap=False  think=0c  ans=2683c  ETA 4h 27m
[2026-05-01 00:41:46]     [54/576] N1-simpsons-paradox: generating (cap=4096)...
[2026-05-01 00:42:18]       done 32.2s  ntok=494  hit_cap=False  think=0c  ans=2389c  ETA 4h 27m
[2026-05-01 00:42:18]     [55/576] N2-conjunction-fallacy: generating (cap=2048)...
[2026-05-01 00:42:39]       done 21.3s  ntok=328  hit_cap=False  think=0c  ans=1625c  ETA 4h 25m
[2026-05-01 00:42:39]     [56/576] N3-survivorship-bias: generating (cap=2048)...
[2026-05-01 00:43:14]       done 34.9s  ntok=535  hit_cap=False  think=0c  ans=2764c  ETA 4h 25m
[2026-05-01 00:43:14]   ─ α=+8.00 (a+08.00) ─
[2026-05-01 00:43:14]     [57/576] E1-confabulation: generating (cap=2048)...
[2026-05-01 00:43:16]       done 1.4s  ntok=21  hit_cap=False  think=0c  ans=80c  ETA 4h 20m
[2026-05-01 00:43:16]     [58/576] E2-contested-science: generating (cap=2048)...
[2026-05-01 00:43:58]       done 42.3s  ntok=651  hit_cap=False  think=0c  ans=2865c  ETA 4h 22m
[2026-05-01 00:43:58]     [59/576] E3-bayesian-update: generating (cap=8192)...
[2026-05-01 00:44:21]       done 23.5s  ntok=361  hit_cap=False  think=0c  ans=1384c  ETA 4h 20m
[2026-05-01 00:44:21]     [60/576] E4-taxi-social: generating (cap=8192)...
[2026-05-01 00:45:00]       done 38.5s  ntok=591  hit_cap=False  think=0c  ans=1653c  ETA 4h 21m
[2026-05-01 00:45:00]     [61/576] E5-ecological-fallacy: generating (cap=2048)...
[2026-05-01 00:45:33]       done 33.4s  ntok=514  hit_cap=False  think=0c  ans=2896c  ETA 4h 21m
[2026-05-01 00:45:33]     [62/576] N1-simpsons-paradox: generating (cap=4096)...
[2026-05-01 00:46:05]       done 31.3s  ntok=481  hit_cap=False  think=0c  ans=2321c  ETA 4h 20m
[2026-05-01 00:46:05]     [63/576] N2-conjunction-fallacy: generating (cap=2048)...
[2026-05-01 00:46:26]       done 21.2s  ntok=326  hit_cap=False  think=0c  ans=1653c  ETA 4h 19m
[2026-05-01 00:46:26]     [64/576] N3-survivorship-bias: generating (cap=2048)...
[2026-05-01 00:47:03]       done 37.5s  ntok=577  hit_cap=False  think=0c  ans=2940c  ETA 4h 19m
[2026-05-01 00:47:03]   ─ α=+10.00 (a+10.00) ─
[2026-05-01 00:47:03]     [65/576] E1-confabulation: generating (cap=2048)...
[2026-05-01 00:47:05]       done 1.4s  ntok=21  hit_cap=False  think=0c  ans=89c  ETA 4h 15m
[2026-05-01 00:47:05]     [66/576] E2-contested-science: generating (cap=2048)...
[2026-05-01 00:47:51]       done 45.9s  ntok=706  hit_cap=False  think=0c  ans=3099c  ETA 4h 16m
[2026-05-01 00:47:51]     [67/576] E3-bayesian-update: generating (cap=8192)...
[2026-05-01 00:48:14]       done 23.5s  ntok=361  hit_cap=False  think=0c  ans=1374c  ETA 4h 15m
[2026-05-01 00:48:14]     [68/576] E4-taxi-social: generating (cap=8192)...
[2026-05-01 00:48:51]       done 36.7s  ntok=565  hit_cap=False  think=0c  ans=1658c  ETA 4h 15m
[2026-05-01 00:48:51]     [69/576] E5-ecological-fallacy: generating (cap=2048)...
[2026-05-01 00:49:25]       done 34.3s  ntok=528  hit_cap=False  think=0c  ans=2882c  ETA 4h 15m
[2026-05-01 00:49:25]     [70/576] N1-simpsons-paradox: generating (cap=4096)...
[2026-05-01 00:50:08]       done 42.5s  ntok=653  hit_cap=False  think=0c  ans=2997c  ETA 4h 16m
[2026-05-01 00:50:08]     [71/576] N2-conjunction-fallacy: generating (cap=2048)...
[2026-05-01 00:50:33]       done 24.8s  ntok=381  hit_cap=False  think=0c  ans=1914c  ETA 4h 15m
[2026-05-01 00:50:33]     [72/576] N3-survivorship-bias: generating (cap=2048)...
[2026-05-01 00:51:10]       done 37.5s  ntok=577  hit_cap=False  think=0c  ans=2868c  ETA 4h 15m
[2026-05-01 00:51:10]   ─ α=+12.00 (a+12.00) ─
[2026-05-01 00:51:10]     [73/576] E1-confabulation: generating (cap=2048)...
[2026-05-01 00:51:12]       done 1.4s  ntok=21  hit_cap=False  think=0c  ans=80c  ETA 4h 12m
[2026-05-01 00:51:12]     [74/576] E2-contested-science: generating (cap=2048)...
[2026-05-01 00:51:55]       done 43.2s  ntok=664  hit_cap=False  think=0c  ans=2911c  ETA 4h 12m
[2026-05-01 00:51:55]     [75/576] E3-bayesian-update: generating (cap=8192)...
[2026-05-01 00:52:17]       done 22.8s  ntok=351  hit_cap=False  think=0c  ans=1320c  ETA 4h 11m
[2026-05-01 00:52:17]     [76/576] E4-taxi-social: generating (cap=8192)...
[2026-05-01 00:53:13]       done 55.7s  ntok=854  hit_cap=False  think=0c  ans=2741c  ETA 4h 13m
[2026-05-01 00:53:13]     [77/576] E5-ecological-fallacy: generating (cap=2048)...
[2026-05-01 00:53:48]       done 35.1s  ntok=540  hit_cap=False  think=0c  ans=2972c  ETA 4h 13m
[2026-05-01 00:53:48]     [78/576] N1-simpsons-paradox: generating (cap=4096)...
[2026-05-01 00:54:22]       done 33.7s  ntok=517  hit_cap=False  think=0c  ans=2372c  ETA 4h 13m
[2026-05-01 00:54:22]     [79/576] N2-conjunction-fallacy: generating (cap=2048)...
[2026-05-01 00:54:46]       done 23.8s  ntok=366  hit_cap=False  think=0c  ans=1905c  ETA 4h 12m
[2026-05-01 00:54:46]     [80/576] N3-survivorship-bias: generating (cap=2048)...
[2026-05-01 00:55:24]       done 38.6s  ntok=593  hit_cap=False  think=0c  ans=2996c  ETA 4h 12m
[2026-05-01 00:55:24]   ─ α=+16.00 (a+16.00) ─
[2026-05-01 00:55:24]     [81/576] E1-confabulation: generating (cap=2048)...
[2026-05-01 00:55:26]       done 1.4s  ntok=21  hit_cap=False  think=0c  ans=89c  ETA 4h 09m
[2026-05-01 00:55:26]     [82/576] E2-contested-science: generating (cap=2048)...
[2026-05-01 00:56:09]       done 43.4s  ntok=667  hit_cap=False  think=0c  ans=2819c  ETA 4h 10m
[2026-05-01 00:56:09]     [83/576] E3-bayesian-update: generating (cap=8192)...
[2026-05-01 00:56:33]       done 24.2s  ntok=373  hit_cap=False  think=0c  ans=1416c  ETA 4h 09m
[2026-05-01 00:56:33]     [84/576] E4-taxi-social: generating (cap=8192)...
[2026-05-01 00:58:01]       done 87.2s  ntok=1331  hit_cap=False  think=0c  ans=3680c  ETA 4h 14m
[2026-05-01 00:58:01]     [85/576] E5-ecological-fallacy: generating (cap=2048)...
[2026-05-01 00:58:33]       done 32.2s  ntok=494  hit_cap=False  think=0c  ans=2638c  ETA 4h 13m
[2026-05-01 00:58:33]     [86/576] N1-simpsons-paradox: generating (cap=4096)...
[2026-05-01 00:59:10]       done 37.7s  ntok=578  hit_cap=False  think=0c  ans=2669c  ETA 4h 13m
[2026-05-01 00:59:10]     [87/576] N2-conjunction-fallacy: generating (cap=2048)...
[2026-05-01 00:59:32]       done 21.6s  ntok=332  hit_cap=False  think=0c  ans=1654c  ETA 4h 12m
[2026-05-01 00:59:32]     [88/576] N3-survivorship-bias: generating (cap=2048)...
[2026-05-01 01:00:10]       done 37.8s  ntok=580  hit_cap=False  think=0c  ans=2986c  ETA 4h 12m
[2026-05-01 01:00:10]   ─ α=+20.00 (a+20.00) ─
[2026-05-01 01:00:10]     [89/576] E1-confabulation: generating (cap=2048)...
[2026-05-01 01:00:15]       done 5.6s  ntok=86  hit_cap=False  think=0c  ans=313c  ETA 4h 09m
[2026-05-01 01:00:15]     [90/576] E2-contested-science: generating (cap=2048)...
[2026-05-01 01:01:06]       done 51.1s  ntok=784  hit_cap=False  think=0c  ans=3035c  ETA 4h 11m
[2026-05-01 01:01:06]     [91/576] E3-bayesian-update: generating (cap=8192)...
[2026-05-01 01:01:20]       done 13.9s  ntok=215  hit_cap=False  think=0c  ans=852c  ETA 4h 09m
[2026-05-01 01:01:20]     [92/576] E4-taxi-social: generating (cap=8192)...
[2026-05-01 01:02:26]       done 65.9s  ntok=1010  hit_cap=False  think=0c  ans=3156c  ETA 4h 11m
[2026-05-01 01:02:26]     [93/576] E5-ecological-fallacy: generating (cap=2048)...
[2026-05-01 01:02:58]       done 31.6s  ntok=487  hit_cap=False  think=0c  ans=2703c  ETA 4h 11m
[2026-05-01 01:02:58]     [94/576] N1-simpsons-paradox: generating (cap=4096)...
[2026-05-01 01:03:34]       done 36.0s  ntok=553  hit_cap=False  think=0c  ans=2542c  ETA 4h 10m
[2026-05-01 01:03:34]     [95/576] N2-conjunction-fallacy: generating (cap=2048)...
[2026-05-01 01:04:02]       done 27.8s  ntok=428  hit_cap=False  think=0c  ans=1961c  ETA 4h 10m
[2026-05-01 01:04:02]     [96/576] N3-survivorship-bias: generating (cap=2048)...
[2026-05-01 01:04:48]       done 46.0s  ntok=706  hit_cap=False  think=0c  ans=3793c  ETA 4h 10m
[2026-05-01 01:04:48] ════════════════════════════════════════════════════════════════════════
[2026-05-01 01:04:48] VECTOR EG_L22 — corpus=triplets-evidence-grounding  layer=L22  norm=3.41
[2026-05-01 01:04:48]   ─ α=-8.00 (a-08.00) ─
[2026-05-01 01:04:48]     [97/576] E1-confabulation: generating (cap=2048)...
[2026-05-01 01:05:00]       done 11.9s  ntok=183  hit_cap=False  think=0c  ans=915c  ETA 4h 08m
[2026-05-01 01:05:00]     [98/576] E2-contested-science: generating (cap=2048)...
[2026-05-01 01:05:37]       done 37.1s  ntok=571  hit_cap=False  think=0c  ans=2704c  ETA 4h 08m
[2026-05-01 01:05:37]     [99/576] E3-bayesian-update: generating (cap=8192)...
[2026-05-01 01:06:04]       done 27.2s  ntok=419  hit_cap=False  think=0c  ans=1714c  ETA 4h 07m
[2026-05-01 01:06:04]     [100/576] E4-taxi-social: generating (cap=8192)...
[2026-05-01 01:06:50]       done 45.7s  ntok=702  hit_cap=False  think=0c  ans=2470c  ETA 4h 08m
[2026-05-01 01:06:50]     [101/576] E5-ecological-fallacy: generating (cap=2048)...
[2026-05-01 01:07:20]       done 30.3s  ntok=467  hit_cap=False  think=0c  ans=2617c  ETA 4h 07m
[2026-05-01 01:07:20]     [102/576] N1-simpsons-paradox: generating (cap=4096)...
[2026-05-01 01:07:59]       done 39.3s  ntok=604  hit_cap=False  think=0c  ans=3171c  ETA 4h 08m
[2026-05-01 01:07:59]     [103/576] N2-conjunction-fallacy: generating (cap=2048)...
[2026-05-01 01:08:30]       done 30.8s  ntok=473  hit_cap=False  think=0c  ans=2470c  ETA 4h 07m
[2026-05-01 01:08:30]     [104/576] N3-survivorship-bias: generating (cap=2048)...
[2026-05-01 01:09:09]       done 39.4s  ntok=605  hit_cap=False  think=0c  ans=3244c  ETA 4h 07m
[2026-05-01 01:09:09]   ─ α=-4.00 (a-04.00) ─
[2026-05-01 01:09:09]     [105/576] E1-confabulation: generating (cap=2048)...
[2026-05-01 01:09:19]       done 9.5s  ntok=147  hit_cap=False  think=0c  ans=709c  ETA 4h 05m
[2026-05-01 01:09:19]     [106/576] E2-contested-science: generating (cap=2048)...
[2026-05-01 01:09:57]       done 38.3s  ntok=589  hit_cap=False  think=0c  ans=2899c  ETA 4h 05m
[2026-05-01 01:09:57]     [107/576] E3-bayesian-update: generating (cap=8192)...
[2026-05-01 01:10:24]       done 27.0s  ntok=417  hit_cap=False  think=0c  ans=1732c  ETA 4h 04m
[2026-05-01 01:10:24]     [108/576] E4-taxi-social: generating (cap=8192)...
[2026-05-01 01:11:15]       done 50.9s  ntok=781  hit_cap=False  think=0c  ans=2460c  ETA 4h 05m
[2026-05-01 01:11:15]     [109/576] E5-ecological-fallacy: generating (cap=2048)...
[2026-05-01 01:11:50]       done 34.9s  ntok=537  hit_cap=False  think=0c  ans=2952c  ETA 4h 05m
[2026-05-01 01:11:50]     [110/576] N1-simpsons-paradox: generating (cap=4096)...
[2026-05-01 01:12:27]       done 37.0s  ntok=569  hit_cap=False  think=0c  ans=2975c  ETA 4h 05m
[2026-05-01 01:12:27]     [111/576] N2-conjunction-fallacy: generating (cap=2048)...
[2026-05-01 01:12:53]       done 25.5s  ntok=392  hit_cap=False  think=0c  ans=2036c  ETA 4h 04m
[2026-05-01 01:12:53]     [112/576] N3-survivorship-bias: generating (cap=2048)...
[2026-05-01 01:13:29]       done 36.9s  ntok=566  hit_cap=False  think=0c  ans=2963c  ETA 4h 03m
[2026-05-01 01:13:29]   ─ α=-2.00 (a-02.00) ─
[2026-05-01 01:13:29]     [113/576] E1-confabulation: generating (cap=2048)...
[2026-05-01 01:13:41]       done 11.8s  ntok=183  hit_cap=False  think=0c  ans=914c  ETA 4h 02m
[2026-05-01 01:13:41]     [114/576] E2-contested-science: generating (cap=2048)...
[2026-05-01 01:14:22]       done 40.3s  ntok=619  hit_cap=False  think=0c  ans=2850c  ETA 4h 02m
[2026-05-01 01:14:22]     [115/576] E3-bayesian-update: generating (cap=8192)...
[2026-05-01 01:14:56]       done 34.2s  ntok=526  hit_cap=False  think=0c  ans=2106c  ETA 4h 01m
[2026-05-01 01:14:56]     [116/576] E4-taxi-social: generating (cap=8192)...
[2026-05-01 01:15:43]       done 47.2s  ntok=726  hit_cap=False  think=0c  ans=2303c  ETA 4h 02m
[2026-05-01 01:15:43]     [117/576] E5-ecological-fallacy: generating (cap=2048)...
[2026-05-01 01:16:20]       done 36.8s  ntok=566  hit_cap=False  think=0c  ans=3095c  ETA 4h 02m
[2026-05-01 01:16:20]     [118/576] N1-simpsons-paradox: generating (cap=4096)...
[2026-05-01 01:16:54]       done 34.2s  ntok=525  hit_cap=False  think=0c  ans=2688c  ETA 4h 01m
[2026-05-01 01:16:54]     [119/576] N2-conjunction-fallacy: generating (cap=2048)...
[2026-05-01 01:17:21]       done 26.8s  ntok=412  hit_cap=False  think=0c  ans=2186c  ETA 4h 00m
[2026-05-01 01:17:21]     [120/576] N3-survivorship-bias: generating (cap=2048)...
[2026-05-01 01:17:57]       done 36.4s  ntok=560  hit_cap=False  think=0c  ans=3039c  ETA 4h 00m
[2026-05-01 01:17:57]   ─ α=+1.00 (a+01.00) ─
[2026-05-01 01:17:57]     [121/576] E1-confabulation: generating (cap=2048)...
[2026-05-01 01:17:58]       done 1.4s  ntok=21  hit_cap=False  think=0c  ans=80c  ETA 3h 58m
[2026-05-01 01:17:58]     [122/576] E2-contested-science: generating (cap=2048)...
[2026-05-01 01:18:41]       done 42.4s  ntok=653  hit_cap=False  think=0c  ans=3068c  ETA 3h 58m
[2026-05-01 01:18:41]     [123/576] E3-bayesian-update: generating (cap=8192)...
[2026-05-01 01:19:15]       done 34.1s  ntok=524  hit_cap=False  think=0c  ans=2079c  ETA 3h 58m
[2026-05-01 01:19:15]     [124/576] E4-taxi-social: generating (cap=8192)...
[2026-05-01 01:28:40]       done 564.7s  ntok=8192  hit_cap=True  think=0c  ans=15243c  ETA 4h 29m
[2026-05-01 01:28:40]     [125/576] E5-ecological-fallacy: generating (cap=2048)...
[2026-05-01 01:29:16]       done 36.6s  ntok=564  hit_cap=False  think=0c  ans=3092c  ETA 4h 29m
[2026-05-01 01:29:16]     [126/576] N1-simpsons-paradox: generating (cap=4096)...
[2026-05-01 01:29:44]       done 27.6s  ntok=425  hit_cap=False  think=0c  ans=2084c  ETA 4h 28m
[2026-05-01 01:29:44]     [127/576] N2-conjunction-fallacy: generating (cap=2048)...
[2026-05-01 01:30:03]       done 19.1s  ntok=294  hit_cap=False  think=0c  ans=1478c  ETA 4h 26m
[2026-05-01 01:30:03]     [128/576] N3-survivorship-bias: generating (cap=2048)...
[2026-05-01 01:30:39]       done 35.7s  ntok=549  hit_cap=False  think=0c  ans=2923c  ETA 4h 26m
[2026-05-01 01:30:39]   ─ α=+2.00 (a+02.00) ─
[2026-05-01 01:30:39]     [129/576] E1-confabulation: generating (cap=2048)...
[2026-05-01 01:30:40]       done 1.4s  ntok=21  hit_cap=False  think=0c  ans=80c  ETA 4h 23m
[2026-05-01 01:30:40]     [130/576] E2-contested-science: generating (cap=2048)...
[2026-05-01 01:31:21]       done 40.9s  ntok=630  hit_cap=False  think=0c  ans=2844c  ETA 4h 23m
[2026-05-01 01:31:21]     [131/576] E3-bayesian-update: generating (cap=8192)...
[2026-05-01 01:31:47]       done 26.1s  ntok=401  hit_cap=False  think=0c  ans=1579c  ETA 4h 22m
[2026-05-01 01:31:47]     [132/576] E4-taxi-social: generating (cap=8192)...
[2026-05-01 01:32:33]       done 46.0s  ntok=709  hit_cap=False  think=0c  ans=2099c  ETA 4h 22m
[2026-05-01 01:32:33]     [133/576] E5-ecological-fallacy: generating (cap=2048)...
[2026-05-01 01:33:15]       done 42.1s  ntok=648  hit_cap=False  think=0c  ans=3575c  ETA 4h 21m
[2026-05-01 01:33:15]     [134/576] N1-simpsons-paradox: generating (cap=4096)...
[2026-05-01 01:33:44]       done 28.5s  ntok=439  hit_cap=False  think=0c  ans=2157c  ETA 4h 20m
[2026-05-01 01:33:44]     [135/576] N2-conjunction-fallacy: generating (cap=2048)...
[2026-05-01 01:34:03]       done 19.1s  ntok=294  hit_cap=False  think=0c  ans=1478c  ETA 4h 19m
[2026-05-01 01:34:03]     [136/576] N3-survivorship-bias: generating (cap=2048)...
[2026-05-01 01:34:37]       done 34.0s  ntok=523  hit_cap=False  think=0c  ans=2796c  ETA 4h 18m
[2026-05-01 01:34:37]   ─ α=+4.00 (a+04.00) ─
[2026-05-01 01:34:37]     [137/576] E1-confabulation: generating (cap=2048)...
[2026-05-01 01:34:38]       done 1.4s  ntok=21  hit_cap=False  think=0c  ans=80c  ETA 4h 16m
[2026-05-01 01:34:38]     [138/576] E2-contested-science: generating (cap=2048)...
[2026-05-01 01:35:18]       done 40.1s  ntok=617  hit_cap=False  think=0c  ans=2793c  ETA 4h 16m
[2026-05-01 01:35:18]     [139/576] E3-bayesian-update: generating (cap=8192)...
[2026-05-01 01:35:49]       done 30.4s  ntok=468  hit_cap=False  think=0c  ans=1798c  ETA 4h 15m
[2026-05-01 01:35:49]     [140/576] E4-taxi-social: generating (cap=8192)...
[2026-05-01 01:36:38]       done 49.1s  ntok=756  hit_cap=False  think=0c  ans=2421c  ETA 4h 15m
[2026-05-01 01:36:38]     [141/576] E5-ecological-fallacy: generating (cap=2048)...
[2026-05-01 01:37:14]       done 36.0s  ntok=554  hit_cap=False  think=0c  ans=3016c  ETA 4h 14m
[2026-05-01 01:37:14]     [142/576] N1-simpsons-paradox: generating (cap=4096)...
[2026-05-01 01:37:51]       done 37.5s  ntok=577  hit_cap=False  think=0c  ans=2723c  ETA 4h 14m
[2026-05-01 01:37:51]     [143/576] N2-conjunction-fallacy: generating (cap=2048)...
[2026-05-01 01:38:09]       done 17.9s  ntok=275  hit_cap=False  think=0c  ans=1379c  ETA 4h 12m
[2026-05-01 01:38:09]     [144/576] N3-survivorship-bias: generating (cap=2048)...
[2026-05-01 01:38:46]       done 36.8s  ntok=566  hit_cap=False  think=0c  ans=2901c  ETA 4h 12m
[2026-05-01 01:38:46]   ─ α=+6.00 (a+06.00) ─
[2026-05-01 01:38:46]     [145/576] E1-confabulation: generating (cap=2048)...
[2026-05-01 01:38:47]       done 1.4s  ntok=21  hit_cap=False  think=0c  ans=80c  ETA 4h 10m
[2026-05-01 01:38:47]     [146/576] E2-contested-science: generating (cap=2048)...
[2026-05-01 01:39:27]       done 39.4s  ntok=607  hit_cap=False  think=0c  ans=2754c  ETA 4h 09m
[2026-05-01 01:39:27]     [147/576] E3-bayesian-update: generating (cap=8192)...
[2026-05-01 01:39:50]       done 23.1s  ntok=356  hit_cap=False  think=0c  ans=1368c  ETA 4h 08m
[2026-05-01 01:39:50]     [148/576] E4-taxi-social: generating (cap=8192)...
[2026-05-01 01:40:42]       done 52.6s  ntok=809  hit_cap=False  think=0c  ans=2520c  ETA 4h 08m
[2026-05-01 01:40:42]     [149/576] E5-ecological-fallacy: generating (cap=2048)...
[2026-05-01 01:41:18]       done 35.7s  ntok=550  hit_cap=False  think=0c  ans=2965c  ETA 4h 08m
[2026-05-01 01:41:18]     [150/576] N1-simpsons-paradox: generating (cap=4096)...
[2026-05-01 01:41:48]       done 29.7s  ntok=457  hit_cap=False  think=0c  ans=2086c  ETA 4h 07m
[2026-05-01 01:41:48]     [151/576] N2-conjunction-fallacy: generating (cap=2048)...
[2026-05-01 01:42:07]       done 19.6s  ntok=302  hit_cap=False  think=0c  ans=1552c  ETA 4h 06m
[2026-05-01 01:42:07]     [152/576] N3-survivorship-bias: generating (cap=2048)...
[2026-05-01 01:42:46]       done 38.5s  ntok=593  hit_cap=False  think=0c  ans=3125c  ETA 4h 05m
[2026-05-01 01:42:46]   ─ α=+8.00 (a+08.00) ─
[2026-05-01 01:42:46]     [153/576] E1-confabulation: generating (cap=2048)...
[2026-05-01 01:42:47]       done 1.4s  ntok=21  hit_cap=False  think=0c  ans=80c  ETA 4h 03m
[2026-05-01 01:42:47]     [154/576] E2-contested-science: generating (cap=2048)...
[2026-05-01 01:43:24]       done 37.0s  ntok=570  hit_cap=False  think=0c  ans=2692c  ETA 4h 03m
[2026-05-01 01:43:24]     [155/576] E3-bayesian-update: generating (cap=8192)...
[2026-05-01 01:43:51]       done 26.5s  ntok=409  hit_cap=False  think=0c  ans=1608c  ETA 4h 02m
[2026-05-01 01:43:51]     [156/576] E4-taxi-social: generating (cap=8192)...
[2026-05-01 01:44:24]       done 33.4s  ntok=514  hit_cap=False  think=0c  ans=1258c  ETA 4h 01m
[2026-05-01 01:44:24]     [157/576] E5-ecological-fallacy: generating (cap=2048)...
[2026-05-01 01:44:47]       done 23.1s  ntok=357  hit_cap=False  think=0c  ans=1830c  ETA 4h 00m
[2026-05-01 01:44:47]     [158/576] N1-simpsons-paradox: generating (cap=4096)...
[2026-05-01 01:45:16]       done 29.0s  ntok=446  hit_cap=False  think=0c  ans=2044c  ETA 3h 59m
[2026-05-01 01:45:16]     [159/576] N2-conjunction-fallacy: generating (cap=2048)...
[2026-05-01 01:45:35]       done 19.1s  ntok=295  hit_cap=False  think=0c  ans=1505c  ETA 3h 58m
[2026-05-01 01:45:35]     [160/576] N3-survivorship-bias: generating (cap=2048)...
[2026-05-01 01:46:12]       done 36.4s  ntok=560  hit_cap=False  think=0c  ans=2808c  ETA 3h 58m
[2026-05-01 01:46:12]   ─ α=+10.00 (a+10.00) ─
[2026-05-01 01:46:12]     [161/576] E1-confabulation: generating (cap=2048)...
[2026-05-01 01:46:13]       done 1.4s  ntok=21  hit_cap=False  think=0c  ans=80c  ETA 3h 56m
[2026-05-01 01:46:13]     [162/576] E2-contested-science: generating (cap=2048)...
[2026-05-01 01:46:43]       done 30.0s  ntok=462  hit_cap=False  think=0c  ans=2144c  ETA 3h 55m
[2026-05-01 01:46:43]     [163/576] E3-bayesian-update: generating (cap=8192)...
[2026-05-01 01:47:02]       done 19.3s  ntok=298  hit_cap=False  think=0c  ans=1144c  ETA 3h 54m
[2026-05-01 01:47:02]     [164/576] E4-taxi-social: generating (cap=8192)...
[2026-05-01 01:47:41]       done 38.6s  ntok=594  hit_cap=False  think=0c  ans=1884c  ETA 3h 53m
[2026-05-01 01:47:41]     [165/576] E5-ecological-fallacy: generating (cap=2048)...
[2026-05-01 01:48:07]       done 26.3s  ntok=406  hit_cap=False  think=0c  ans=2155c  ETA 3h 52m
[2026-05-01 01:48:07]     [166/576] N1-simpsons-paradox: generating (cap=4096)...
[2026-05-01 01:48:32]       done 24.4s  ntok=376  hit_cap=False  think=0c  ans=1661c  ETA 3h 51m
[2026-05-01 01:48:32]     [167/576] N2-conjunction-fallacy: generating (cap=2048)...
[2026-05-01 01:48:53]       done 21.6s  ntok=333  hit_cap=False  think=0c  ans=1831c  ETA 3h 50m
[2026-05-01 01:48:53]     [168/576] N3-survivorship-bias: generating (cap=2048)...
[2026-05-01 01:49:27]       done 34.1s  ntok=523  hit_cap=False  think=0c  ans=2585c  ETA 3h 50m
[2026-05-01 01:49:27]   ─ α=+12.00 (a+12.00) ─
[2026-05-01 01:49:27]     [169/576] E1-confabulation: generating (cap=2048)...
[2026-05-01 01:49:29]       done 1.4s  ntok=21  hit_cap=False  think=0c  ans=80c  ETA 3h 48m
[2026-05-01 01:49:29]     [170/576] E2-contested-science: generating (cap=2048)...
[2026-05-01 01:50:02]       done 33.2s  ntok=510  hit_cap=False  think=0c  ans=2315c  ETA 3h 47m
[2026-05-01 01:50:02]     [171/576] E3-bayesian-update: generating (cap=8192)...
[2026-05-01 01:50:28]       done 25.8s  ntok=397  hit_cap=False  think=0c  ans=1388c  ETA 3h 47m
[2026-05-01 01:50:28]     [172/576] E4-taxi-social: generating (cap=8192)...
[2026-05-01 01:50:56]       done 28.6s  ntok=440  hit_cap=False  think=0c  ans=1222c  ETA 3h 46m
[2026-05-01 01:50:56]     [173/576] E5-ecological-fallacy: generating (cap=2048)...
[2026-05-01 01:51:41]       done 44.6s  ntok=686  hit_cap=False  think=0c  ans=3531c  ETA 3h 46m
[2026-05-01 01:51:41]     [174/576] N1-simpsons-paradox: generating (cap=4096)...
[2026-05-01 01:52:07]       done 25.6s  ntok=394  hit_cap=False  think=0c  ans=1772c  ETA 3h 45m
[2026-05-01 01:52:07]     [175/576] N2-conjunction-fallacy: generating (cap=2048)...
[2026-05-01 01:52:26]       done 19.7s  ntok=303  hit_cap=False  think=0c  ans=1584c  ETA 3h 44m
[2026-05-01 01:52:26]     [176/576] N3-survivorship-bias: generating (cap=2048)...
[2026-05-01 01:53:04]       done 37.5s  ntok=577  hit_cap=False  think=0c  ans=2783c  ETA 3h 43m
[2026-05-01 01:53:04]   ─ α=+16.00 (a+16.00) ─
[2026-05-01 01:53:04]     [177/576] E1-confabulation: generating (cap=2048)...
[2026-05-01 01:53:05]       done 1.4s  ntok=21  hit_cap=False  think=0c  ans=80c  ETA 3h 41m
[2026-05-01 01:53:05]     [178/576] E2-contested-science: generating (cap=2048)...
[2026-05-01 01:53:34]       done 28.7s  ntok=443  hit_cap=False  think=0c  ans=1847c  ETA 3h 41m
[2026-05-01 01:53:34]     [179/576] E3-bayesian-update: generating (cap=8192)...
[2026-05-01 01:53:54]       done 20.6s  ntok=317  hit_cap=False  think=0c  ans=1190c  ETA 3h 40m
[2026-05-01 01:53:54]     [180/576] E4-taxi-social: generating (cap=8192)...
[2026-05-01 01:54:18]       done 23.4s  ntok=360  hit_cap=False  think=0c  ans=946c  ETA 3h 39m
[2026-05-01 01:54:18]     [181/576] E5-ecological-fallacy: generating (cap=2048)...
[2026-05-01 01:54:31]       done 13.4s  ntok=207  hit_cap=False  think=0c  ans=1065c  ETA 3h 38m
[2026-05-01 01:54:31]     [182/576] N1-simpsons-paradox: generating (cap=4096)...
[2026-05-01 01:54:55]       done 23.8s  ntok=366  hit_cap=False  think=0c  ans=1546c  ETA 3h 37m
[2026-05-01 01:54:55]     [183/576] N2-conjunction-fallacy: generating (cap=2048)...
[2026-05-01 01:55:31]       done 35.7s  ntok=549  hit_cap=False  think=0c  ans=2649c  ETA 3h 36m
[2026-05-01 01:55:31]     [184/576] N3-survivorship-bias: generating (cap=2048)...
[2026-05-01 01:56:07]       done 36.5s  ntok=561  hit_cap=False  think=0c  ans=2671c  ETA 3h 36m
[2026-05-01 01:56:07]   ─ α=+20.00 (a+20.00) ─
[2026-05-01 01:56:07]     [185/576] E1-confabulation: generating (cap=2048)...
[2026-05-01 01:56:08]       done 1.4s  ntok=21  hit_cap=False  think=0c  ans=86c  ETA 3h 34m
[2026-05-01 01:56:08]     [186/576] E2-contested-science: generating (cap=2048)...
[2026-05-01 01:56:19]       done 10.2s  ntok=157  hit_cap=False  think=0c  ans=698c  ETA 3h 33m
[2026-05-01 01:56:19]     [187/576] E3-bayesian-update: generating (cap=8192)...
[2026-05-01 01:56:23]       done 4.6s  ntok=71  hit_cap=False  think=0c  ans=308c  ETA 3h 31m
[2026-05-01 01:56:23]     [188/576] E4-taxi-social: generating (cap=8192)...
[2026-05-01 01:56:46]       done 22.8s  ntok=352  hit_cap=False  think=0c  ans=1004c  ETA 3h 30m
[2026-05-01 01:56:46]     [189/576] E5-ecological-fallacy: generating (cap=2048)...
[2026-05-01 01:56:53]       done 7.1s  ntok=110  hit_cap=False  think=0c  ans=569c  ETA 3h 29m
[2026-05-01 01:56:53]     [190/576] N1-simpsons-paradox: generating (cap=4096)...
[2026-05-01 01:56:59]       done 6.1s  ntok=93  hit_cap=False  think=0c  ans=410c  ETA 3h 27m
[2026-05-01 01:56:59]     [191/576] N2-conjunction-fallacy: generating (cap=2048)...
[2026-05-01 01:57:24]       done 24.9s  ntok=383  hit_cap=False  think=0c  ans=1774c  ETA 3h 27m
[2026-05-01 01:57:24]     [192/576] N3-survivorship-bias: generating (cap=2048)...
[2026-05-01 01:58:10]       done 45.5s  ntok=700  hit_cap=False  think=0c  ans=3321c  ETA 3h 27m
[2026-05-01 01:58:10] ════════════════════════════════════════════════════════════════════════
[2026-05-01 01:58:10] VECTOR RT_L22 — corpus=triplets-reasoning-transparency  layer=L22  norm=2.89
[2026-05-01 01:58:10]   ─ α=-8.00 (a-08.00) ─
[2026-05-01 01:58:10]     [193/576] E1-confabulation: generating (cap=2048)...
[2026-05-01 01:58:20]       done 10.4s  ntok=161  hit_cap=False  think=0c  ans=770c  ETA 3h 25m
[2026-05-01 01:58:20]     [194/576] E2-contested-science: generating (cap=2048)...
[2026-05-01 01:59:21]       done 61.3s  ntok=943  hit_cap=False  think=0c  ans=3961c  ETA 3h 26m
[2026-05-01 01:59:21]     [195/576] E3-bayesian-update: generating (cap=8192)...
[2026-05-01 01:59:47]       done 26.1s  ntok=402  hit_cap=False  think=0c  ans=1669c  ETA 3h 25m
[2026-05-01 01:59:47]     [196/576] E4-taxi-social: generating (cap=8192)...
[2026-05-01 02:00:31]       done 44.0s  ntok=677  hit_cap=False  think=0c  ans=2387c  ETA 3h 25m
[2026-05-01 02:00:31]     [197/576] E5-ecological-fallacy: generating (cap=2048)...
[2026-05-01 02:01:05]       done 33.1s  ntok=510  hit_cap=False  think=0c  ans=2858c  ETA 3h 24m
[2026-05-01 02:01:05]     [198/576] N1-simpsons-paradox: generating (cap=4096)...
[2026-05-01 02:01:39]       done 34.3s  ntok=528  hit_cap=False  think=0c  ans=2657c  ETA 3h 24m
[2026-05-01 02:01:39]     [199/576] N2-conjunction-fallacy: generating (cap=2048)...
[2026-05-01 02:02:06]       done 27.1s  ntok=417  hit_cap=False  think=0c  ans=2213c  ETA 3h 23m
[2026-05-01 02:02:06]     [200/576] N3-survivorship-bias: generating (cap=2048)...
[2026-05-01 02:02:47]       done 41.1s  ntok=633  hit_cap=False  think=0c  ans=3487c  ETA 3h 23m
[2026-05-01 02:02:47]   ─ α=-4.00 (a-04.00) ─
[2026-05-01 02:02:47]     [201/576] E1-confabulation: generating (cap=2048)...
[2026-05-01 02:02:57]       done 10.3s  ntok=159  hit_cap=False  think=0c  ans=761c  ETA 3h 22m
[2026-05-01 02:02:57]     [202/576] E2-contested-science: generating (cap=2048)...
[2026-05-01 02:03:39]       done 42.0s  ntok=650  hit_cap=False  think=0c  ans=2839c  ETA 3h 21m
[2026-05-01 02:03:39]     [203/576] E3-bayesian-update: generating (cap=8192)...
[2026-05-01 02:04:06]       done 26.3s  ntok=406  hit_cap=False  think=0c  ans=1571c  ETA 3h 21m
[2026-05-01 02:04:06]     [204/576] E4-taxi-social: generating (cap=8192)...
[2026-05-01 02:04:50]       done 44.7s  ntok=689  hit_cap=False  think=0c  ans=2330c  ETA 3h 20m
[2026-05-01 02:04:50]     [205/576] E5-ecological-fallacy: generating (cap=2048)...
[2026-05-01 02:05:24]       done 33.2s  ntok=511  hit_cap=False  think=0c  ans=2770c  ETA 3h 20m
[2026-05-01 02:05:24]     [206/576] N1-simpsons-paradox: generating (cap=4096)...
[2026-05-01 02:05:59]       done 35.0s  ntok=538  hit_cap=False  think=0c  ans=2617c  ETA 3h 20m
[2026-05-01 02:05:59]     [207/576] N2-conjunction-fallacy: generating (cap=2048)...
[2026-05-01 02:06:24]       done 25.6s  ntok=394  hit_cap=False  think=0c  ans=2017c  ETA 3h 19m
[2026-05-01 02:06:24]     [208/576] N3-survivorship-bias: generating (cap=2048)...
[2026-05-01 02:07:06]       done 42.2s  ntok=650  hit_cap=False  think=0c  ans=3546c  ETA 3h 19m
[2026-05-01 02:07:06]   ─ α=-2.00 (a-02.00) ─
[2026-05-01 02:07:06]     [209/576] E1-confabulation: generating (cap=2048)...
[2026-05-01 02:07:08]       done 1.4s  ntok=21  hit_cap=False  think=0c  ans=80c  ETA 3h 17m
[2026-05-01 02:07:08]     [210/576] E2-contested-science: generating (cap=2048)...
[2026-05-01 02:07:50]       done 42.5s  ntok=655  hit_cap=False  think=0c  ans=2833c  ETA 3h 17m
[2026-05-01 02:07:50]     [211/576] E3-bayesian-update: generating (cap=8192)...
[2026-05-01 02:08:33]       done 42.3s  ntok=651  hit_cap=False  think=0c  ans=2575c  ETA 3h 17m
[2026-05-01 02:08:33]     [212/576] E4-taxi-social: generating (cap=8192)...
[2026-05-01 02:09:21]       done 48.5s  ntok=746  hit_cap=False  think=0c  ans=2664c  ETA 3h 16m
[2026-05-01 02:09:21]     [213/576] E5-ecological-fallacy: generating (cap=2048)...
[2026-05-01 02:09:57]       done 36.2s  ntok=559  hit_cap=False  think=0c  ans=3049c  ETA 3h 16m
[2026-05-01 02:09:57]     [214/576] N1-simpsons-paradox: generating (cap=4096)...
[2026-05-01 02:10:25]       done 27.9s  ntok=429  hit_cap=False  think=0c  ans=2127c  ETA 3h 15m
[2026-05-01 02:10:25]     [215/576] N2-conjunction-fallacy: generating (cap=2048)...
[2026-05-01 02:10:49]       done 24.1s  ntok=372  hit_cap=False  think=0c  ans=1907c  ETA 3h 15m
[2026-05-01 02:10:49]     [216/576] N3-survivorship-bias: generating (cap=2048)...
[2026-05-01 02:11:28]       done 38.9s  ntok=598  hit_cap=False  think=0c  ans=3261c  ETA 3h 14m
[2026-05-01 02:11:28]   ─ α=+1.00 (a+01.00) ─
[2026-05-01 02:11:28]     [217/576] E1-confabulation: generating (cap=2048)...
[2026-05-01 02:11:30]       done 1.4s  ntok=21  hit_cap=False  think=0c  ans=80c  ETA 3h 13m
[2026-05-01 02:11:30]     [218/576] E2-contested-science: generating (cap=2048)...
[2026-05-01 02:12:11]       done 40.9s  ntok=631  hit_cap=False  think=0c  ans=2904c  ETA 3h 13m
[2026-05-01 02:12:11]     [219/576] E3-bayesian-update: generating (cap=8192)...
[2026-05-01 02:12:35]       done 24.2s  ntok=373  hit_cap=False  think=0c  ans=1459c  ETA 3h 12m
[2026-05-01 02:12:35]     [220/576] E4-taxi-social: generating (cap=8192)...
[2026-05-01 02:13:24]       done 49.2s  ntok=757  hit_cap=False  think=0c  ans=2333c  ETA 3h 12m
[2026-05-01 02:13:24]     [221/576] E5-ecological-fallacy: generating (cap=2048)...
[2026-05-01 02:13:57]       done 33.3s  ntok=514  hit_cap=False  think=0c  ans=2740c  ETA 3h 11m
[2026-05-01 02:13:57]     [222/576] N1-simpsons-paradox: generating (cap=4096)...
[2026-05-01 02:14:26]       done 28.6s  ntok=440  hit_cap=False  think=0c  ans=2158c  ETA 3h 11m
[2026-05-01 02:14:26]     [223/576] N2-conjunction-fallacy: generating (cap=2048)...
[2026-05-01 02:14:48]       done 21.7s  ntok=335  hit_cap=False  think=0c  ans=1701c  ETA 3h 10m
[2026-05-01 02:14:48]     [224/576] N3-survivorship-bias: generating (cap=2048)...
[2026-05-01 02:15:24]       done 36.5s  ntok=562  hit_cap=False  think=0c  ans=3019c  ETA 3h 09m
[2026-05-01 02:15:24]   ─ α=+2.00 (a+02.00) ─
[2026-05-01 02:15:24]     [225/576] E1-confabulation: generating (cap=2048)...
[2026-05-01 02:15:25]       done 1.4s  ntok=21  hit_cap=False  think=0c  ans=80c  ETA 3h 08m
[2026-05-01 02:15:25]     [226/576] E2-contested-science: generating (cap=2048)...
[2026-05-01 02:16:08]       done 42.4s  ntok=653  hit_cap=False  think=0c  ans=2938c  ETA 3h 08m
[2026-05-01 02:16:08]     [227/576] E3-bayesian-update: generating (cap=8192)...
[2026-05-01 02:16:32]       done 24.2s  ntok=373  hit_cap=False  think=0c  ans=1465c  ETA 3h 07m
[2026-05-01 02:16:32]     [228/576] E4-taxi-social: generating (cap=8192)...
[2026-05-01 02:17:14]       done 41.6s  ntok=641  hit_cap=False  think=0c  ans=1852c  ETA 3h 07m
[2026-05-01 02:17:14]     [229/576] E5-ecological-fallacy: generating (cap=2048)...
[2026-05-01 02:17:47]       done 33.2s  ntok=513  hit_cap=False  think=0c  ans=2752c  ETA 3h 06m
[2026-05-01 02:17:47]     [230/576] N1-simpsons-paradox: generating (cap=4096)...
[2026-05-01 02:18:20]       done 33.3s  ntok=512  hit_cap=False  think=0c  ans=2467c  ETA 3h 06m
[2026-05-01 02:18:20]     [231/576] N2-conjunction-fallacy: generating (cap=2048)...
[2026-05-01 02:18:43]       done 23.1s  ntok=356  hit_cap=False  think=0c  ans=1839c  ETA 3h 05m
[2026-05-01 02:18:43]     [232/576] N3-survivorship-bias: generating (cap=2048)...
[2026-05-01 02:19:22]       done 39.1s  ntok=602  hit_cap=False  think=0c  ans=3142c  ETA 3h 04m
[2026-05-01 02:19:22]   ─ α=+4.00 (a+04.00) ─
[2026-05-01 02:19:22]     [233/576] E1-confabulation: generating (cap=2048)...
[2026-05-01 02:19:24]       done 1.4s  ntok=21  hit_cap=False  think=0c  ans=80c  ETA 3h 03m
[2026-05-01 02:19:24]     [234/576] E2-contested-science: generating (cap=2048)...
[2026-05-01 02:20:02]       done 38.3s  ntok=591  hit_cap=False  think=0c  ans=2649c  ETA 3h 03m
[2026-05-01 02:20:02]     [235/576] E3-bayesian-update: generating (cap=8192)...
[2026-05-01 02:20:29]       done 27.4s  ntok=422  hit_cap=False  think=0c  ans=1673c  ETA 3h 02m
[2026-05-01 02:20:29]     [236/576] E4-taxi-social: generating (cap=8192)...
[2026-05-01 02:21:11]       done 41.8s  ntok=643  hit_cap=False  think=0c  ans=1862c  ETA 3h 02m
[2026-05-01 02:21:11]     [237/576] E5-ecological-fallacy: generating (cap=2048)...
[2026-05-01 02:21:43]       done 32.0s  ntok=494  hit_cap=False  think=0c  ans=2836c  ETA 3h 01m
[2026-05-01 02:21:43]     [238/576] N1-simpsons-paradox: generating (cap=4096)...
[2026-05-01 02:22:07]       done 23.6s  ntok=364  hit_cap=False  think=0c  ans=1750c  ETA 3h 01m
[2026-05-01 02:22:07]     [239/576] N2-conjunction-fallacy: generating (cap=2048)...
[2026-05-01 02:22:27]       done 20.0s  ntok=308  hit_cap=False  think=0c  ans=1582c  ETA 3h 00m
[2026-05-01 02:22:27]     [240/576] N3-survivorship-bias: generating (cap=2048)...
[2026-05-01 02:23:07]       done 39.8s  ntok=612  hit_cap=False  think=0c  ans=3108c  ETA 2h 59m
[2026-05-01 02:23:07]   ─ α=+6.00 (a+06.00) ─
[2026-05-01 02:23:07]     [241/576] E1-confabulation: generating (cap=2048)...
[2026-05-01 02:23:08]       done 1.4s  ntok=21  hit_cap=False  think=0c  ans=80c  ETA 2h 58m
[2026-05-01 02:23:08]     [242/576] E2-contested-science: generating (cap=2048)...
[2026-05-01 02:23:49]       done 41.5s  ntok=639  hit_cap=False  think=0c  ans=2848c  ETA 2h 58m
[2026-05-01 02:23:49]     [243/576] E3-bayesian-update: generating (cap=8192)...
[2026-05-01 02:24:12]       done 22.9s  ntok=354  hit_cap=False  think=0c  ans=1397c  ETA 2h 57m
[2026-05-01 02:24:12]     [244/576] E4-taxi-social: generating (cap=8192)...
[2026-05-01 02:24:54]       done 41.5s  ntok=639  hit_cap=False  think=0c  ans=1945c  ETA 2h 57m
[2026-05-01 02:24:54]     [245/576] E5-ecological-fallacy: generating (cap=2048)...
[2026-05-01 02:25:31]       done 36.8s  ntok=567  hit_cap=False  think=0c  ans=3201c  ETA 2h 56m
[2026-05-01 02:25:31]     [246/576] N1-simpsons-paradox: generating (cap=4096)...
[2026-05-01 02:25:59]       done 28.4s  ntok=438  hit_cap=False  think=0c  ans=1994c  ETA 2h 56m
[2026-05-01 02:25:59]     [247/576] N2-conjunction-fallacy: generating (cap=2048)...
[2026-05-01 02:26:21]       done 22.1s  ntok=341  hit_cap=False  think=0c  ans=1751c  ETA 2h 55m
[2026-05-01 02:26:21]     [248/576] N3-survivorship-bias: generating (cap=2048)...
[2026-05-01 02:27:00]       done 38.6s  ntok=594  hit_cap=False  think=0c  ans=2972c  ETA 2h 55m
[2026-05-01 02:27:00]   ─ α=+8.00 (a+08.00) ─
[2026-05-01 02:27:00]     [249/576] E1-confabulation: generating (cap=2048)...
[2026-05-01 02:27:01]       done 1.4s  ntok=21  hit_cap=False  think=0c  ans=80c  ETA 2h 53m
[2026-05-01 02:27:01]     [250/576] E2-contested-science: generating (cap=2048)...
[2026-05-01 02:27:32]       done 31.4s  ntok=484  hit_cap=False  think=0c  ans=2201c  ETA 2h 53m
[2026-05-01 02:27:32]     [251/576] E3-bayesian-update: generating (cap=8192)...
[2026-05-01 02:27:57]       done 24.4s  ntok=376  hit_cap=False  think=0c  ans=1488c  ETA 2h 52m
[2026-05-01 02:27:57]     [252/576] E4-taxi-social: generating (cap=8192)...
[2026-05-01 02:28:40]       done 43.3s  ntok=667  hit_cap=False  think=0c  ans=1959c  ETA 2h 52m
[2026-05-01 02:28:40]     [253/576] E5-ecological-fallacy: generating (cap=2048)...
[2026-05-01 02:29:13]       done 33.0s  ntok=509  hit_cap=False  think=0c  ans=2764c  ETA 2h 51m
[2026-05-01 02:29:13]     [254/576] N1-simpsons-paradox: generating (cap=4096)...
[2026-05-01 02:29:42]       done 28.7s  ntok=442  hit_cap=False  think=0c  ans=2036c  ETA 2h 51m
[2026-05-01 02:29:42]     [255/576] N2-conjunction-fallacy: generating (cap=2048)...
[2026-05-01 02:30:07]       done 25.5s  ntok=393  hit_cap=False  think=0c  ans=2034c  ETA 2h 50m
[2026-05-01 02:30:07]     [256/576] N3-survivorship-bias: generating (cap=2048)...
[2026-05-01 02:30:42]       done 34.7s  ntok=535  hit_cap=False  think=0c  ans=2800c  ETA 2h 50m
[2026-05-01 02:30:42]   ─ α=+10.00 (a+10.00) ─
[2026-05-01 02:30:42]     [257/576] E1-confabulation: generating (cap=2048)...
[2026-05-01 02:30:43]       done 1.4s  ntok=21  hit_cap=False  think=0c  ans=80c  ETA 2h 48m
[2026-05-01 02:30:43]     [258/576] E2-contested-science: generating (cap=2048)...
[2026-05-01 02:31:21]       done 37.4s  ntok=577  hit_cap=False  think=0c  ans=2459c  ETA 2h 48m
[2026-05-01 02:31:21]     [259/576] E3-bayesian-update: generating (cap=8192)...
[2026-05-01 02:31:42]       done 21.6s  ntok=333  hit_cap=False  think=0c  ans=1297c  ETA 2h 47m
[2026-05-01 02:31:42]     [260/576] E4-taxi-social: generating (cap=8192)...
[2026-05-01 02:32:23]       done 40.3s  ntok=621  hit_cap=False  think=0c  ans=2086c  ETA 2h 47m
[2026-05-01 02:32:23]     [261/576] E5-ecological-fallacy: generating (cap=2048)...
[2026-05-01 02:32:53]       done 30.3s  ntok=467  hit_cap=False  think=0c  ans=2512c  ETA 2h 46m
[2026-05-01 02:32:53]     [262/576] N1-simpsons-paradox: generating (cap=4096)...
[2026-05-01 02:33:16]       done 23.0s  ntok=355  hit_cap=False  think=0c  ans=1690c  ETA 2h 46m
[2026-05-01 02:33:16]     [263/576] N2-conjunction-fallacy: generating (cap=2048)...
[2026-05-01 02:33:37]       done 21.2s  ntok=327  hit_cap=False  think=0c  ans=1620c  ETA 2h 45m
[2026-05-01 02:33:37]     [264/576] N3-survivorship-bias: generating (cap=2048)...
[2026-05-01 02:34:17]       done 39.5s  ntok=608  hit_cap=False  think=0c  ans=2959c  ETA 2h 45m
[2026-05-01 02:34:17]   ─ α=+12.00 (a+12.00) ─
[2026-05-01 02:34:17]     [265/576] E1-confabulation: generating (cap=2048)...
[2026-05-01 02:34:18]       done 1.4s  ntok=21  hit_cap=False  think=0c  ans=80c  ETA 2h 43m
[2026-05-01 02:34:18]     [266/576] E2-contested-science: generating (cap=2048)...
[2026-05-01 02:35:02]       done 43.7s  ntok=674  hit_cap=False  think=0c  ans=2692c  ETA 2h 43m
[2026-05-01 02:35:02]     [267/576] E3-bayesian-update: generating (cap=8192)...
[2026-05-01 02:35:24]       done 22.5s  ntok=347  hit_cap=False  think=0c  ans=1296c  ETA 2h 42m
[2026-05-01 02:35:24]     [268/576] E4-taxi-social: generating (cap=8192)...
[2026-05-01 02:35:59]       done 35.0s  ntok=540  hit_cap=False  think=0c  ans=1660c  ETA 2h 42m
[2026-05-01 02:35:59]     [269/576] E5-ecological-fallacy: generating (cap=2048)...
[2026-05-01 02:36:26]       done 26.4s  ntok=408  hit_cap=False  think=0c  ans=2164c  ETA 2h 41m
[2026-05-01 02:36:26]     [270/576] N1-simpsons-paradox: generating (cap=4096)...
[2026-05-01 02:36:53]       done 26.8s  ntok=413  hit_cap=False  think=0c  ans=1923c  ETA 2h 41m
[2026-05-01 02:36:53]     [271/576] N2-conjunction-fallacy: generating (cap=2048)...
[2026-05-01 02:37:16]       done 23.0s  ntok=355  hit_cap=False  think=0c  ans=1814c  ETA 2h 40m
[2026-05-01 02:37:16]     [272/576] N3-survivorship-bias: generating (cap=2048)...
[2026-05-01 02:38:03]       done 47.4s  ntok=729  hit_cap=False  think=0c  ans=3750c  ETA 2h 40m
[2026-05-01 02:38:03]   ─ α=+16.00 (a+16.00) ─
[2026-05-01 02:38:03]     [273/576] E1-confabulation: generating (cap=2048)...
[2026-05-01 02:38:04]       done 1.4s  ntok=21  hit_cap=False  think=0c  ans=80c  ETA 2h 39m
[2026-05-01 02:38:04]     [274/576] E2-contested-science: generating (cap=2048)...
[2026-05-01 02:38:38]       done 33.4s  ntok=517  hit_cap=False  think=0c  ans=2262c  ETA 2h 38m
[2026-05-01 02:38:38]     [275/576] E3-bayesian-update: generating (cap=8192)...
[2026-05-01 02:38:59]       done 20.9s  ntok=324  hit_cap=False  think=0c  ans=1304c  ETA 2h 38m
[2026-05-01 02:38:59]     [276/576] E4-taxi-social: generating (cap=8192)...
[2026-05-01 02:39:35]       done 36.0s  ntok=556  hit_cap=False  think=0c  ans=1477c  ETA 2h 37m
[2026-05-01 02:39:35]     [277/576] E5-ecological-fallacy: generating (cap=2048)...
[2026-05-01 02:40:04]       done 29.6s  ntok=458  hit_cap=False  think=0c  ans=2461c  ETA 2h 37m
[2026-05-01 02:40:04]     [278/576] N1-simpsons-paradox: generating (cap=4096)...
[2026-05-01 02:40:29]       done 24.9s  ntok=385  hit_cap=False  think=0c  ans=1758c  ETA 2h 36m
[2026-05-01 02:40:29]     [279/576] N2-conjunction-fallacy: generating (cap=2048)...
[2026-05-01 02:41:03]       done 33.4s  ntok=516  hit_cap=False  think=0c  ans=2418c  ETA 2h 35m
[2026-05-01 02:41:03]     [280/576] N3-survivorship-bias: generating (cap=2048)...
[2026-05-01 02:41:40]       done 37.2s  ntok=575  hit_cap=False  think=0c  ans=2995c  ETA 2h 35m
[2026-05-01 02:41:40]   ─ α=+20.00 (a+20.00) ─
[2026-05-01 02:41:40]     [281/576] E1-confabulation: generating (cap=2048)...
[2026-05-01 02:43:54]       done 133.8s  ntok=2048  hit_cap=True  think=0c  ans=3767c  ETA 2h 36m
[2026-05-01 02:43:54]     [282/576] E2-contested-science: generating (cap=2048)...
[2026-05-01 02:46:08]       done 133.9s  ntok=2048  hit_cap=True  think=0c  ans=8314c  ETA 2h 37m
[2026-05-01 02:46:08]     [283/576] E3-bayesian-update: generating (cap=8192)...
[2026-05-01 02:46:24]       done 16.7s  ntok=259  hit_cap=False  think=0c  ans=930c  ETA 2h 37m
[2026-05-01 02:46:24]     [284/576] E4-taxi-social: generating (cap=8192)...
[2026-05-01 02:46:55]       done 30.7s  ntok=474  hit_cap=False  think=0c  ans=1323c  ETA 2h 36m
[2026-05-01 02:46:55]     [285/576] E5-ecological-fallacy: generating (cap=2048)...
[2026-05-01 02:47:14]       done 19.5s  ntok=302  hit_cap=False  think=0c  ans=1565c  ETA 2h 35m
[2026-05-01 02:47:14]     [286/576] N1-simpsons-paradox: generating (cap=4096)...
[2026-05-01 02:47:44]       done 29.6s  ntok=457  hit_cap=False  think=0c  ans=1944c  ETA 2h 35m
[2026-05-01 02:47:44]     [287/576] N2-conjunction-fallacy: generating (cap=2048)...
[2026-05-01 02:48:10]       done 26.4s  ntok=408  hit_cap=False  think=0c  ans=1988c  ETA 2h 34m
[2026-05-01 02:48:10]     [288/576] N3-survivorship-bias: generating (cap=2048)...
[2026-05-01 02:48:47]       done 36.1s  ntok=557  hit_cap=False  think=0c  ans=2622c  ETA 2h 34m
[2026-05-01 02:48:47] ════════════════════════════════════════════════════════════════════════
[2026-05-01 02:48:47] VECTOR IH_L31 — corpus=triplets-intellectual-humility  layer=L31  norm=24.67
[2026-05-01 02:48:47]   ─ α=-8.00 (a-08.00) ─
[2026-05-01 02:48:47]     [289/576] E1-confabulation: generating (cap=2048)...
[2026-05-01 02:48:48]       done 1.4s  ntok=21  hit_cap=False  think=0c  ans=80c  ETA 2h 33m
[2026-05-01 02:48:48]     [290/576] E2-contested-science: generating (cap=2048)...
[2026-05-01 02:49:43]       done 55.6s  ntok=861  hit_cap=False  think=0c  ans=3567c  ETA 2h 32m
[2026-05-01 02:49:43]     [291/576] E3-bayesian-update: generating (cap=8192)...
[2026-05-01 02:50:07]       done 24.0s  ntok=373  hit_cap=False  think=0c  ans=1467c  ETA 2h 32m
[2026-05-01 02:50:07]     [292/576] E4-taxi-social: generating (cap=8192)...
[2026-05-01 02:50:48]       done 40.9s  ntok=635  hit_cap=False  think=0c  ans=2565c  ETA 2h 31m
[2026-05-01 02:50:48]     [293/576] E5-ecological-fallacy: generating (cap=2048)...
[2026-05-01 02:51:22]       done 33.7s  ntok=523  hit_cap=False  think=0c  ans=2868c  ETA 2h 31m
[2026-05-01 02:51:22]     [294/576] N1-simpsons-paradox: generating (cap=4096)...
[2026-05-01 02:51:58]       done 36.1s  ntok=559  hit_cap=False  think=0c  ans=2736c  ETA 2h 30m
[2026-05-01 02:51:58]     [295/576] N2-conjunction-fallacy: generating (cap=2048)...
[2026-05-01 02:52:25]       done 26.8s  ntok=416  hit_cap=False  think=0c  ans=2093c  ETA 2h 30m
[2026-05-01 02:52:25]     [296/576] N3-survivorship-bias: generating (cap=2048)...
[2026-05-01 02:53:06]       done 40.6s  ntok=630  hit_cap=False  think=0c  ans=3417c  ETA 2h 29m
[2026-05-01 02:53:06]   ─ α=-4.00 (a-04.00) ─
[2026-05-01 02:53:06]     [297/576] E1-confabulation: generating (cap=2048)...
[2026-05-01 02:53:07]       done 1.4s  ntok=21  hit_cap=False  think=0c  ans=80c  ETA 2h 28m
[2026-05-01 02:53:07]     [298/576] E2-contested-science: generating (cap=2048)...
[2026-05-01 02:53:41]       done 33.6s  ntok=522  hit_cap=False  think=0c  ans=2542c  ETA 2h 28m
[2026-05-01 02:53:41]     [299/576] E3-bayesian-update: generating (cap=8192)...
[2026-05-01 02:54:05]       done 24.1s  ntok=375  hit_cap=False  think=0c  ans=1528c  ETA 2h 27m
[2026-05-01 02:54:05]     [300/576] E4-taxi-social: generating (cap=8192)...
[2026-05-01 02:54:54]       done 49.6s  ntok=769  hit_cap=False  think=0c  ans=3379c  ETA 2h 27m
[2026-05-01 02:54:54]     [301/576] E5-ecological-fallacy: generating (cap=2048)...
[2026-05-01 02:55:32]       done 37.9s  ntok=588  hit_cap=False  think=0c  ans=3280c  ETA 2h 27m
[2026-05-01 02:55:32]     [302/576] N1-simpsons-paradox: generating (cap=4096)...
[2026-05-01 02:56:01]       done 28.4s  ntok=441  hit_cap=False  think=0c  ans=2154c  ETA 2h 26m
[2026-05-01 02:56:01]     [303/576] N2-conjunction-fallacy: generating (cap=2048)...
[2026-05-01 02:56:20]       done 19.2s  ntok=298  hit_cap=False  think=0c  ans=1490c  ETA 2h 25m
[2026-05-01 02:56:20]     [304/576] N3-survivorship-bias: generating (cap=2048)...
[2026-05-01 02:56:56]       done 35.9s  ntok=557  hit_cap=False  think=0c  ans=2979c  ETA 2h 25m
[2026-05-01 02:56:56]   ─ α=-2.00 (a-02.00) ─
[2026-05-01 02:56:56]     [305/576] E1-confabulation: generating (cap=2048)...
[2026-05-01 02:56:57]       done 1.4s  ntok=21  hit_cap=False  think=0c  ans=80c  ETA 2h 24m
[2026-05-01 02:56:57]     [306/576] E2-contested-science: generating (cap=2048)...
[2026-05-01 02:57:39]       done 41.5s  ntok=645  hit_cap=False  think=0c  ans=2856c  ETA 2h 23m
[2026-05-01 02:57:39]     [307/576] E3-bayesian-update: generating (cap=8192)...
[2026-05-01 02:58:06]       done 27.7s  ntok=430  hit_cap=False  think=0c  ans=1763c  ETA 2h 23m
[2026-05-01 02:58:06]     [308/576] E4-taxi-social: generating (cap=8192)...
[2026-05-01 02:58:57]       done 50.4s  ntok=781  hit_cap=False  think=0c  ans=2385c  ETA 2h 22m
[2026-05-01 02:58:57]     [309/576] E5-ecological-fallacy: generating (cap=2048)...
[2026-05-01 02:59:30]       done 32.9s  ntok=511  hit_cap=False  think=0c  ans=2750c  ETA 2h 22m
[2026-05-01 02:59:30]     [310/576] N1-simpsons-paradox: generating (cap=4096)...
[2026-05-01 02:59:58]       done 27.9s  ntok=433  hit_cap=False  think=0c  ans=2152c  ETA 2h 21m
[2026-05-01 02:59:58]     [311/576] N2-conjunction-fallacy: generating (cap=2048)...
[2026-05-01 03:00:20]       done 22.2s  ntok=345  hit_cap=False  think=0c  ans=1771c  ETA 2h 21m
[2026-05-01 03:00:20]     [312/576] N3-survivorship-bias: generating (cap=2048)...
[2026-05-01 03:00:56]       done 36.1s  ntok=560  hit_cap=False  think=0c  ans=2956c  ETA 2h 20m
[2026-05-01 03:00:56]   ─ α=+1.00 (a+01.00) ─
[2026-05-01 03:00:56]     [313/576] E1-confabulation: generating (cap=2048)...
[2026-05-01 03:00:57]       done 1.4s  ntok=21  hit_cap=False  think=0c  ans=89c  ETA 2h 19m
[2026-05-01 03:00:57]     [314/576] E2-contested-science: generating (cap=2048)...
[2026-05-01 03:01:36]       done 38.6s  ntok=599  hit_cap=False  think=0c  ans=2759c  ETA 2h 19m
[2026-05-01 03:01:36]     [315/576] E3-bayesian-update: generating (cap=8192)...
[2026-05-01 03:10:57]       done 560.7s  ntok=8192  hit_cap=True  think=0c  ans=16469c  ETA 2h 26m
[2026-05-01 03:10:57]     [316/576] E4-taxi-social: generating (cap=8192)...
[2026-05-01 03:11:42]       done 45.7s  ntok=709  hit_cap=False  think=0c  ans=2309c  ETA 2h 25m
[2026-05-01 03:11:42]     [317/576] E5-ecological-fallacy: generating (cap=2048)...
[2026-05-01 03:12:15]       done 32.8s  ntok=510  hit_cap=False  think=0c  ans=2799c  ETA 2h 25m
[2026-05-01 03:12:15]     [318/576] N1-simpsons-paradox: generating (cap=4096)...
[2026-05-01 03:12:45]       done 30.1s  ntok=466  hit_cap=False  think=0c  ans=2343c  ETA 2h 24m
[2026-05-01 03:12:45]     [319/576] N2-conjunction-fallacy: generating (cap=2048)...
[2026-05-01 03:13:05]       done 19.6s  ntok=305  hit_cap=False  think=0c  ans=1560c  ETA 2h 23m
[2026-05-01 03:13:05]     [320/576] N3-survivorship-bias: generating (cap=2048)...
[2026-05-01 03:13:47]       done 42.2s  ntok=655  hit_cap=False  think=0c  ans=3453c  ETA 2h 23m
[2026-05-01 03:13:47]   ─ α=+2.00 (a+02.00) ─
[2026-05-01 03:13:47]     [321/576] E1-confabulation: generating (cap=2048)...
[2026-05-01 03:13:48]       done 1.4s  ntok=21  hit_cap=False  think=0c  ans=89c  ETA 2h 22m
[2026-05-01 03:13:48]     [322/576] E2-contested-science: generating (cap=2048)...
[2026-05-01 03:14:21]       done 32.3s  ntok=502  hit_cap=False  think=0c  ans=2525c  ETA 2h 21m
[2026-05-01 03:14:21]     [323/576] E3-bayesian-update: generating (cap=8192)...
[2026-05-01 03:14:48]       done 27.4s  ntok=426  hit_cap=False  think=0c  ans=1605c  ETA 2h 21m
[2026-05-01 03:14:48]     [324/576] E4-taxi-social: generating (cap=8192)...
[2026-05-01 03:15:34]       done 45.6s  ntok=707  hit_cap=False  think=0c  ans=2299c  ETA 2h 20m
[2026-05-01 03:15:34]     [325/576] E5-ecological-fallacy: generating (cap=2048)...
[2026-05-01 03:16:07]       done 33.0s  ntok=512  hit_cap=False  think=0c  ans=2815c  ETA 2h 20m
[2026-05-01 03:16:07]     [326/576] N1-simpsons-paradox: generating (cap=4096)...
[2026-05-01 03:16:33]       done 26.8s  ntok=415  hit_cap=False  think=0c  ans=2013c  ETA 2h 19m
[2026-05-01 03:16:33]     [327/576] N2-conjunction-fallacy: generating (cap=2048)...
[2026-05-01 03:16:52]       done 18.7s  ntok=290  hit_cap=False  think=0c  ans=1470c  ETA 2h 18m
[2026-05-01 03:16:52]     [328/576] N3-survivorship-bias: generating (cap=2048)...
[2026-05-01 03:17:30]       done 38.1s  ntok=591  hit_cap=False  think=0c  ans=3277c  ETA 2h 18m
[2026-05-01 03:17:30]   ─ α=+4.00 (a+04.00) ─
[2026-05-01 03:17:30]     [329/576] E1-confabulation: generating (cap=2048)...
[2026-05-01 03:17:32]       done 1.4s  ntok=21  hit_cap=False  think=0c  ans=89c  ETA 2h 17m
[2026-05-01 03:17:32]     [330/576] E2-contested-science: generating (cap=2048)...
[2026-05-01 03:18:09]       done 37.0s  ntok=575  hit_cap=False  think=0c  ans=2615c  ETA 2h 16m
[2026-05-01 03:18:09]     [331/576] E3-bayesian-update: generating (cap=8192)...
[2026-05-01 03:18:36]       done 27.9s  ntok=433  hit_cap=False  think=0c  ans=1624c  ETA 2h 16m
[2026-05-01 03:18:36]     [332/576] E4-taxi-social: generating (cap=8192)...
[2026-05-01 03:19:16]       done 39.6s  ntok=615  hit_cap=False  think=0c  ans=2058c  ETA 2h 15m
[2026-05-01 03:19:16]     [333/576] E5-ecological-fallacy: generating (cap=2048)...
[2026-05-01 03:19:52]       done 36.0s  ntok=560  hit_cap=False  think=0c  ans=3102c  ETA 2h 15m
[2026-05-01 03:19:52]     [334/576] N1-simpsons-paradox: generating (cap=4096)...
[2026-05-01 03:20:23]       done 30.4s  ntok=472  hit_cap=False  think=0c  ans=2289c  ETA 2h 14m
[2026-05-01 03:20:23]     [335/576] N2-conjunction-fallacy: generating (cap=2048)...
[2026-05-01 03:20:44]       done 21.9s  ntok=339  hit_cap=False  think=0c  ans=1713c  ETA 2h 13m
[2026-05-01 03:20:44]     [336/576] N3-survivorship-bias: generating (cap=2048)...
[2026-05-01 03:21:21]       done 36.9s  ntok=573  hit_cap=False  think=0c  ans=3097c  ETA 2h 13m
[2026-05-01 03:21:21]   ─ α=+6.00 (a+06.00) ─
[2026-05-01 03:21:21]     [337/576] E1-confabulation: generating (cap=2048)...
[2026-05-01 03:21:23]       done 1.4s  ntok=21  hit_cap=False  think=0c  ans=89c  ETA 2h 12m
[2026-05-01 03:21:23]     [338/576] E2-contested-science: generating (cap=2048)...
[2026-05-01 03:21:53]       done 30.2s  ntok=469  hit_cap=False  think=0c  ans=2322c  ETA 2h 11m
[2026-05-01 03:21:53]     [339/576] E3-bayesian-update: generating (cap=8192)...
[2026-05-01 03:22:14]       done 21.0s  ntok=327  hit_cap=False  think=0c  ans=1302c  ETA 2h 11m
[2026-05-01 03:22:14]     [340/576] E4-taxi-social: generating (cap=8192)...
[2026-05-01 03:22:59]       done 45.4s  ntok=704  hit_cap=False  think=0c  ans=2406c  ETA 2h 10m
[2026-05-01 03:22:59]     [341/576] E5-ecological-fallacy: generating (cap=2048)...
[2026-05-01 03:23:36]       done 36.5s  ntok=567  hit_cap=False  think=0c  ans=3127c  ETA 2h 10m
[2026-05-01 03:23:36]     [342/576] N1-simpsons-paradox: generating (cap=4096)...
[2026-05-01 03:24:12]       done 36.4s  ntok=564  hit_cap=False  think=0c  ans=2762c  ETA 2h 09m
[2026-05-01 03:24:12]     [343/576] N2-conjunction-fallacy: generating (cap=2048)...
[2026-05-01 03:24:46]       done 33.4s  ntok=519  hit_cap=False  think=0c  ans=2710c  ETA 2h 09m
[2026-05-01 03:24:46]     [344/576] N3-survivorship-bias: generating (cap=2048)...
[2026-05-01 03:25:18]       done 32.5s  ntok=505  hit_cap=False  think=0c  ans=2764c  ETA 2h 08m
[2026-05-01 03:25:18]   ─ α=+8.00 (a+08.00) ─
[2026-05-01 03:25:18]     [345/576] E1-confabulation: generating (cap=2048)...
[2026-05-01 03:25:20]       done 1.4s  ntok=21  hit_cap=False  think=0c  ans=89c  ETA 2h 07m
[2026-05-01 03:25:20]     [346/576] E2-contested-science: generating (cap=2048)...
[2026-05-01 03:25:50]       done 30.4s  ntok=472  hit_cap=False  think=0c  ans=2333c  ETA 2h 07m
[2026-05-01 03:25:50]     [347/576] E3-bayesian-update: generating (cap=8192)...
[2026-05-01 03:26:12]       done 22.4s  ntok=348  hit_cap=False  think=0c  ans=1364c  ETA 2h 06m
[2026-05-01 03:26:12]     [348/576] E4-taxi-social: generating (cap=8192)...
[2026-05-01 03:26:56]       done 43.8s  ntok=678  hit_cap=False  think=0c  ans=2350c  ETA 2h 06m
[2026-05-01 03:26:56]     [349/576] E5-ecological-fallacy: generating (cap=2048)...
[2026-05-01 03:27:33]       done 36.9s  ntok=571  hit_cap=False  think=0c  ans=3090c  ETA 2h 05m
[2026-05-01 03:27:33]     [350/576] N1-simpsons-paradox: generating (cap=4096)...
[2026-05-01 03:28:00]       done 26.7s  ntok=414  hit_cap=False  think=0c  ans=1964c  ETA 2h 04m
[2026-05-01 03:28:00]     [351/576] N2-conjunction-fallacy: generating (cap=2048)...
[2026-05-01 03:28:24]       done 23.7s  ntok=368  hit_cap=False  think=0c  ans=1978c  ETA 2h 04m
[2026-05-01 03:28:24]     [352/576] N3-survivorship-bias: generating (cap=2048)...
[2026-05-01 03:28:58]       done 34.8s  ntok=540  hit_cap=False  think=0c  ans=2775c  ETA 2h 03m
[2026-05-01 03:28:58]   ─ α=+10.00 (a+10.00) ─
[2026-05-01 03:28:58]     [353/576] E1-confabulation: generating (cap=2048)...
[2026-05-01 03:29:00]       done 1.4s  ntok=21  hit_cap=False  think=0c  ans=89c  ETA 2h 02m
[2026-05-01 03:29:00]     [354/576] E2-contested-science: generating (cap=2048)...
[2026-05-01 03:29:35]       done 35.2s  ntok=547  hit_cap=False  think=0c  ans=2454c  ETA 2h 02m
[2026-05-01 03:29:35]     [355/576] E3-bayesian-update: generating (cap=8192)...
[2026-05-01 03:29:56]       done 20.9s  ntok=325  hit_cap=False  think=0c  ans=1277c  ETA 2h 01m
[2026-05-01 03:29:56]     [356/576] E4-taxi-social: generating (cap=8192)...
[2026-05-01 03:30:33]       done 37.1s  ntok=576  hit_cap=False  think=0c  ans=1927c  ETA 2h 01m
[2026-05-01 03:30:33]     [357/576] E5-ecological-fallacy: generating (cap=2048)...
[2026-05-01 03:31:13]       done 39.6s  ntok=614  hit_cap=False  think=0c  ans=3380c  ETA 2h 00m
[2026-05-01 03:31:13]     [358/576] N1-simpsons-paradox: generating (cap=4096)...
[2026-05-01 03:31:44]       done 31.2s  ntok=484  hit_cap=False  think=0c  ans=2412c  ETA 2h 00m
[2026-05-01 03:31:44]     [359/576] N2-conjunction-fallacy: generating (cap=2048)...
[2026-05-01 03:32:08]       done 24.5s  ntok=380  hit_cap=False  think=0c  ans=2003c  ETA 1h 59m
[2026-05-01 03:32:08]     [360/576] N3-survivorship-bias: generating (cap=2048)...
[2026-05-01 03:32:44]       done 36.1s  ntok=560  hit_cap=False  think=0c  ans=2844c  ETA 1h 58m
[2026-05-01 03:32:44]   ─ α=+12.00 (a+12.00) ─
[2026-05-01 03:32:44]     [361/576] E1-confabulation: generating (cap=2048)...
[2026-05-01 03:32:46]       done 1.4s  ntok=21  hit_cap=False  think=0c  ans=89c  ETA 1h 58m
[2026-05-01 03:32:46]     [362/576] E2-contested-science: generating (cap=2048)...
[2026-05-01 03:33:15]       done 29.3s  ntok=455  hit_cap=False  think=0c  ans=2060c  ETA 1h 57m
[2026-05-01 03:33:15]     [363/576] E3-bayesian-update: generating (cap=8192)...
[2026-05-01 03:33:39]       done 24.2s  ntok=375  hit_cap=False  think=0c  ans=1534c  ETA 1h 56m
[2026-05-01 03:33:39]     [364/576] E4-taxi-social: generating (cap=8192)...
[2026-05-01 03:34:18]       done 38.5s  ntok=596  hit_cap=False  think=0c  ans=1828c  ETA 1h 56m
[2026-05-01 03:34:18]     [365/576] E5-ecological-fallacy: generating (cap=2048)...
[2026-05-01 03:34:50]       done 32.2s  ntok=499  hit_cap=False  think=0c  ans=2733c  ETA 1h 55m
[2026-05-01 03:34:50]     [366/576] N1-simpsons-paradox: generating (cap=4096)...
[2026-05-01 03:35:22]       done 31.7s  ntok=491  hit_cap=False  think=0c  ans=2483c  ETA 1h 55m
[2026-05-01 03:35:22]     [367/576] N2-conjunction-fallacy: generating (cap=2048)...
[2026-05-01 03:35:44]       done 22.4s  ntok=348  hit_cap=False  think=0c  ans=1845c  ETA 1h 54m
[2026-05-01 03:35:44]     [368/576] N3-survivorship-bias: generating (cap=2048)...
[2026-05-01 03:36:25]       done 40.7s  ntok=631  hit_cap=False  think=0c  ans=3305c  ETA 1h 54m
[2026-05-01 03:36:25]   ─ α=+16.00 (a+16.00) ─
[2026-05-01 03:36:25]     [369/576] E1-confabulation: generating (cap=2048)...
[2026-05-01 03:36:26]       done 1.4s  ntok=21  hit_cap=False  think=0c  ans=89c  ETA 1h 53m
[2026-05-01 03:36:26]     [370/576] E2-contested-science: generating (cap=2048)...
[2026-05-01 03:36:52]       done 26.1s  ntok=406  hit_cap=False  think=0c  ans=1826c  ETA 1h 52m
[2026-05-01 03:36:52]     [371/576] E3-bayesian-update: generating (cap=8192)...
[2026-05-01 03:37:15]       done 22.3s  ntok=347  hit_cap=False  think=0c  ans=1368c  ETA 1h 51m
[2026-05-01 03:37:15]     [372/576] E4-taxi-social: generating (cap=8192)...
[2026-05-01 03:38:04]       done 49.2s  ntok=763  hit_cap=False  think=0c  ans=2420c  ETA 1h 51m
[2026-05-01 03:38:04]     [373/576] E5-ecological-fallacy: generating (cap=2048)...
[2026-05-01 03:38:35]       done 31.1s  ntok=483  hit_cap=False  think=0c  ans=2647c  ETA 1h 51m
[2026-05-01 03:38:35]     [374/576] N1-simpsons-paradox: generating (cap=4096)...
[2026-05-01 03:39:05]       done 29.5s  ntok=458  hit_cap=False  think=0c  ans=2282c  ETA 1h 50m
[2026-05-01 03:39:05]     [375/576] N2-conjunction-fallacy: generating (cap=2048)...
[2026-05-01 03:39:27]       done 22.9s  ntok=355  hit_cap=False  think=0c  ans=1990c  ETA 1h 49m
[2026-05-01 03:39:27]     [376/576] N3-survivorship-bias: generating (cap=2048)...
[2026-05-01 03:40:02]       done 34.4s  ntok=533  hit_cap=False  think=0c  ans=2640c  ETA 1h 49m
[2026-05-01 03:40:02]   ─ α=+20.00 (a+20.00) ─
[2026-05-01 03:40:02]     [377/576] E1-confabulation: generating (cap=2048)...
[2026-05-01 03:40:03]       done 1.4s  ntok=21  hit_cap=False  think=0c  ans=89c  ETA 1h 48m
[2026-05-01 03:40:03]     [378/576] E2-contested-science: generating (cap=2048)...
[2026-05-01 03:40:36]       done 33.1s  ntok=514  hit_cap=False  think=0c  ans=2238c  ETA 1h 47m
[2026-05-01 03:40:36]     [379/576] E3-bayesian-update: generating (cap=8192)...
[2026-05-01 03:40:57]       done 20.8s  ntok=323  hit_cap=False  think=0c  ans=1284c  ETA 1h 47m
[2026-05-01 03:40:57]     [380/576] E4-taxi-social: generating (cap=8192)...
[2026-05-01 03:50:18]       done 561.3s  ntok=8192  hit_cap=True  think=0c  ans=17830c  ETA 1h 51m
[2026-05-01 03:50:18]     [381/576] E5-ecological-fallacy: generating (cap=2048)...
[2026-05-01 03:50:54]       done 35.9s  ntok=557  hit_cap=False  think=0c  ans=3029c  ETA 1h 50m
[2026-05-01 03:50:54]     [382/576] N1-simpsons-paradox: generating (cap=4096)...
[2026-05-01 03:51:27]       done 32.9s  ntok=510  hit_cap=False  think=0c  ans=2481c  ETA 1h 50m
[2026-05-01 03:51:27]     [383/576] N2-conjunction-fallacy: generating (cap=2048)...
[2026-05-01 03:51:50]       done 22.8s  ntok=353  hit_cap=False  think=0c  ans=1899c  ETA 1h 49m
[2026-05-01 03:51:50]     [384/576] N3-survivorship-bias: generating (cap=2048)...
[2026-05-01 03:52:40]       done 50.6s  ntok=783  hit_cap=False  think=0c  ans=4427c  ETA 1h 49m
[2026-05-01 03:52:40] ════════════════════════════════════════════════════════════════════════
[2026-05-01 03:52:40] VECTOR VC_L29 — corpus=triplets-verbosity-control  layer=L29  norm=4.41
[2026-05-01 03:52:40]   ─ α=-8.00 (a-08.00) ─
[2026-05-01 03:52:40]     [385/576] E1-confabulation: generating (cap=2048)...
[2026-05-01 03:52:42]       done 1.4s  ntok=21  hit_cap=False  think=0c  ans=89c  ETA 1h 48m
[2026-05-01 03:52:42]     [386/576] E2-contested-science: generating (cap=2048)...
[2026-05-01 03:53:29]       done 46.8s  ntok=723  hit_cap=False  think=0c  ans=2966c  ETA 1h 47m
[2026-05-01 03:53:29]     [387/576] E3-bayesian-update: generating (cap=8192)...
[2026-05-01 03:53:51]       done 22.5s  ntok=348  hit_cap=False  think=0c  ans=1376c  ETA 1h 47m
[2026-05-01 03:53:51]     [388/576] E4-taxi-social: generating (cap=8192)...
[2026-05-01 03:54:37]       done 46.2s  ntok=713  hit_cap=False  think=0c  ans=2163c  ETA 1h 46m
[2026-05-01 03:54:37]     [389/576] E5-ecological-fallacy: generating (cap=2048)...
[2026-05-01 03:55:12]       done 34.2s  ntok=529  hit_cap=False  think=0c  ans=3007c  ETA 1h 46m
[2026-05-01 03:55:12]     [390/576] N1-simpsons-paradox: generating (cap=4096)...
[2026-05-01 03:55:46]       done 34.9s  ntok=538  hit_cap=False  think=0c  ans=2540c  ETA 1h 45m
[2026-05-01 03:55:46]     [391/576] N2-conjunction-fallacy: generating (cap=2048)...
[2026-05-01 03:56:11]       done 24.3s  ntok=375  hit_cap=False  think=0c  ans=1969c  ETA 1h 44m
[2026-05-01 03:56:11]     [392/576] N3-survivorship-bias: generating (cap=2048)...
[2026-05-01 03:56:47]       done 36.7s  ntok=567  hit_cap=False  think=0c  ans=2914c  ETA 1h 44m
[2026-05-01 03:56:47]   ─ α=-4.00 (a-04.00) ─
[2026-05-01 03:56:47]     [393/576] E1-confabulation: generating (cap=2048)...
[2026-05-01 03:56:49]       done 1.4s  ntok=21  hit_cap=False  think=0c  ans=80c  ETA 1h 43m
[2026-05-01 03:56:49]     [394/576] E2-contested-science: generating (cap=2048)...
[2026-05-01 03:57:35]       done 46.1s  ntok=713  hit_cap=False  think=0c  ans=3032c  ETA 1h 42m
[2026-05-01 03:57:35]     [395/576] E3-bayesian-update: generating (cap=8192)...
[2026-05-01 03:58:15]       done 39.9s  ntok=616  hit_cap=False  think=0c  ans=2357c  ETA 1h 42m
[2026-05-01 03:58:15]     [396/576] E4-taxi-social: generating (cap=8192)...
[2026-05-01 03:59:03]       done 47.9s  ntok=739  hit_cap=False  think=0c  ans=2266c  ETA 1h 42m
[2026-05-01 03:59:03]     [397/576] E5-ecological-fallacy: generating (cap=2048)...
[2026-05-01 03:59:41]       done 38.2s  ntok=590  hit_cap=False  think=0c  ans=3261c  ETA 1h 41m
[2026-05-01 03:59:41]     [398/576] N1-simpsons-paradox: generating (cap=4096)...
[2026-05-01 04:00:13]       done 31.9s  ntok=492  hit_cap=False  think=0c  ans=2318c  ETA 1h 40m
[2026-05-01 04:00:13]     [399/576] N2-conjunction-fallacy: generating (cap=2048)...
[2026-05-01 04:00:38]       done 25.6s  ntok=395  hit_cap=False  think=0c  ans=1983c  ETA 1h 40m
[2026-05-01 04:00:38]     [400/576] N3-survivorship-bias: generating (cap=2048)...
[2026-05-01 04:01:15]       done 36.3s  ntok=560  hit_cap=False  think=0c  ans=2967c  ETA 1h 39m
[2026-05-01 04:01:15]   ─ α=-2.00 (a-02.00) ─
[2026-05-01 04:01:15]     [401/576] E1-confabulation: generating (cap=2048)...
[2026-05-01 04:01:16]       done 1.4s  ntok=21  hit_cap=False  think=0c  ans=80c  ETA 1h 38m
[2026-05-01 04:01:16]     [402/576] E2-contested-science: generating (cap=2048)...
[2026-05-01 04:01:58]       done 41.8s  ntok=645  hit_cap=False  think=0c  ans=2929c  ETA 1h 38m
[2026-05-01 04:01:58]     [403/576] E3-bayesian-update: generating (cap=8192)...
[2026-05-01 04:02:19]       done 21.6s  ntok=335  hit_cap=False  think=0c  ans=1294c  ETA 1h 37m
[2026-05-01 04:02:19]     [404/576] E4-taxi-social: generating (cap=8192)...
[2026-05-01 04:03:09]       done 49.1s  ntok=757  hit_cap=False  think=0c  ans=2333c  ETA 1h 37m
[2026-05-01 04:03:09]     [405/576] E5-ecological-fallacy: generating (cap=2048)...
[2026-05-01 04:03:44]       done 35.5s  ntok=549  hit_cap=False  think=0c  ans=2978c  ETA 1h 36m
[2026-05-01 04:03:44]     [406/576] N1-simpsons-paradox: generating (cap=4096)...
[2026-05-01 04:04:11]       done 26.9s  ntok=416  hit_cap=False  think=0c  ans=2023c  ETA 1h 36m
[2026-05-01 04:04:11]     [407/576] N2-conjunction-fallacy: generating (cap=2048)...
[2026-05-01 04:04:35]       done 23.9s  ntok=369  hit_cap=False  think=0c  ans=1895c  ETA 1h 35m
[2026-05-01 04:04:35]     [408/576] N3-survivorship-bias: generating (cap=2048)...
[2026-05-01 04:05:10]       done 35.4s  ntok=547  hit_cap=False  think=0c  ans=2879c  ETA 1h 34m
[2026-05-01 04:05:10]   ─ α=+1.00 (a+01.00) ─
[2026-05-01 04:05:10]     [409/576] E1-confabulation: generating (cap=2048)...
[2026-05-01 04:05:12]       done 1.4s  ntok=21  hit_cap=False  think=0c  ans=80c  ETA 1h 34m
[2026-05-01 04:05:12]     [410/576] E2-contested-science: generating (cap=2048)...
[2026-05-01 04:05:50]       done 38.5s  ntok=595  hit_cap=False  think=0c  ans=2732c  ETA 1h 33m
[2026-05-01 04:05:50]     [411/576] E3-bayesian-update: generating (cap=8192)...
[2026-05-01 04:06:12]       done 22.1s  ntok=341  hit_cap=False  think=0c  ans=1375c  ETA 1h 32m
[2026-05-01 04:06:12]     [412/576] E4-taxi-social: generating (cap=8192)...
[2026-05-01 04:07:00]       done 47.2s  ntok=727  hit_cap=False  think=0c  ans=2224c  ETA 1h 32m
[2026-05-01 04:07:00]     [413/576] E5-ecological-fallacy: generating (cap=2048)...
[2026-05-01 04:07:31]       done 31.9s  ntok=493  hit_cap=False  think=0c  ans=2663c  ETA 1h 31m
[2026-05-01 04:07:31]     [414/576] N1-simpsons-paradox: generating (cap=4096)...
[2026-05-01 04:07:59]       done 27.8s  ntok=429  hit_cap=False  think=0c  ans=2108c  ETA 1h 31m
[2026-05-01 04:07:59]     [415/576] N2-conjunction-fallacy: generating (cap=2048)...
[2026-05-01 04:08:20]       done 20.7s  ntok=320  hit_cap=False  think=0c  ans=1631c  ETA 1h 30m
[2026-05-01 04:08:20]     [416/576] N3-survivorship-bias: generating (cap=2048)...
[2026-05-01 04:08:55]       done 34.9s  ntok=538  hit_cap=False  think=0c  ans=2850c  ETA 1h 30m
[2026-05-01 04:08:55]   ─ α=+2.00 (a+02.00) ─
[2026-05-01 04:08:55]     [417/576] E1-confabulation: generating (cap=2048)...
[2026-05-01 04:08:56]       done 1.4s  ntok=21  hit_cap=False  think=0c  ans=80c  ETA 1h 29m
[2026-05-01 04:08:56]     [418/576] E2-contested-science: generating (cap=2048)...
[2026-05-01 04:09:35]       done 38.6s  ntok=596  hit_cap=False  think=0c  ans=2747c  ETA 1h 28m
[2026-05-01 04:09:35]     [419/576] E3-bayesian-update: generating (cap=8192)...
[2026-05-01 04:10:08]       done 32.9s  ntok=508  hit_cap=False  think=0c  ans=1974c  ETA 1h 28m
[2026-05-01 04:10:08]     [420/576] E4-taxi-social: generating (cap=8192)...
[2026-05-01 04:10:48]       done 40.6s  ntok=627  hit_cap=False  think=0c  ans=1987c  ETA 1h 27m
[2026-05-01 04:10:48]     [421/576] E5-ecological-fallacy: generating (cap=2048)...
[2026-05-01 04:11:21]       done 32.7s  ntok=505  hit_cap=False  think=0c  ans=2720c  ETA 1h 27m
[2026-05-01 04:11:21]     [422/576] N1-simpsons-paradox: generating (cap=4096)...
[2026-05-01 04:11:52]       done 30.6s  ntok=472  hit_cap=False  think=0c  ans=2367c  ETA 1h 26m
[2026-05-01 04:11:52]     [423/576] N2-conjunction-fallacy: generating (cap=2048)...
[2026-05-01 04:12:13]       done 21.6s  ntok=333  hit_cap=False  think=0c  ans=1690c  ETA 1h 25m
[2026-05-01 04:12:13]     [424/576] N3-survivorship-bias: generating (cap=2048)...
[2026-05-01 04:12:49]       done 36.0s  ntok=556  hit_cap=False  think=0c  ans=2936c  ETA 1h 25m
[2026-05-01 04:12:49]   ─ α=+4.00 (a+04.00) ─
[2026-05-01 04:12:49]     [425/576] E1-confabulation: generating (cap=2048)...
[2026-05-01 04:12:51]       done 1.4s  ntok=21  hit_cap=False  think=0c  ans=80c  ETA 1h 24m
[2026-05-01 04:12:51]     [426/576] E2-contested-science: generating (cap=2048)...
[2026-05-01 04:13:29]       done 38.4s  ntok=594  hit_cap=False  think=0c  ans=2739c  ETA 1h 24m
[2026-05-01 04:13:29]     [427/576] E3-bayesian-update: generating (cap=8192)...
[2026-05-01 04:13:57]       done 28.2s  ntok=436  hit_cap=False  think=0c  ans=1715c  ETA 1h 23m
[2026-05-01 04:13:57]     [428/576] E4-taxi-social: generating (cap=8192)...
[2026-05-01 04:14:48]       done 50.6s  ntok=780  hit_cap=False  think=0c  ans=2384c  ETA 1h 23m
[2026-05-01 04:14:48]     [429/576] E5-ecological-fallacy: generating (cap=2048)...
[2026-05-01 04:15:23]       done 35.2s  ntok=544  hit_cap=False  think=0c  ans=2961c  ETA 1h 22m
[2026-05-01 04:15:23]     [430/576] N1-simpsons-paradox: generating (cap=4096)...
[2026-05-01 04:15:52]       done 28.6s  ntok=441  hit_cap=False  think=0c  ans=2118c  ETA 1h 21m
[2026-05-01 04:15:52]     [431/576] N2-conjunction-fallacy: generating (cap=2048)...
[2026-05-01 04:16:13]       done 21.6s  ntok=334  hit_cap=False  think=0c  ans=1683c  ETA 1h 21m
[2026-05-01 04:16:13]     [432/576] N3-survivorship-bias: generating (cap=2048)...
[2026-05-01 04:16:50]       done 36.6s  ntok=565  hit_cap=False  think=0c  ans=3026c  ETA 1h 20m
[2026-05-01 04:16:50]   ─ α=+6.00 (a+06.00) ─
[2026-05-01 04:16:50]     [433/576] E1-confabulation: generating (cap=2048)...
[2026-05-01 04:16:51]       done 1.4s  ntok=21  hit_cap=False  think=0c  ans=89c  ETA 1h 19m
[2026-05-01 04:16:51]     [434/576] E2-contested-science: generating (cap=2048)...
[2026-05-01 04:17:28]       done 36.9s  ntok=571  hit_cap=False  think=0c  ans=2787c  ETA 1h 19m
[2026-05-01 04:17:28]     [435/576] E3-bayesian-update: generating (cap=8192)...
[2026-05-01 04:17:53]       done 24.8s  ntok=384  hit_cap=False  think=0c  ans=1538c  ETA 1h 18m
[2026-05-01 04:17:53]     [436/576] E4-taxi-social: generating (cap=8192)...
[2026-05-01 04:18:37]       done 43.8s  ntok=676  hit_cap=False  think=0c  ans=2195c  ETA 1h 18m
[2026-05-01 04:18:37]     [437/576] E5-ecological-fallacy: generating (cap=2048)...
[2026-05-01 04:19:14]       done 37.6s  ntok=581  hit_cap=False  think=0c  ans=3156c  ETA 1h 17m
[2026-05-01 04:19:14]     [438/576] N1-simpsons-paradox: generating (cap=4096)...
[2026-05-01 04:19:50]       done 35.6s  ntok=549  hit_cap=False  think=0c  ans=2731c  ETA 1h 17m
[2026-05-01 04:19:50]     [439/576] N2-conjunction-fallacy: generating (cap=2048)...
[2026-05-01 04:20:12]       done 22.5s  ntok=347  hit_cap=False  think=0c  ans=1787c  ETA 1h 16m
[2026-05-01 04:20:12]     [440/576] N3-survivorship-bias: generating (cap=2048)...
[2026-05-01 04:20:52]       done 40.0s  ntok=616  hit_cap=False  think=0c  ans=3292c  ETA 1h 16m
[2026-05-01 04:20:52]   ─ α=+8.00 (a+08.00) ─
[2026-05-01 04:20:52]     [441/576] E1-confabulation: generating (cap=2048)...
[2026-05-01 04:21:03]       done 11.3s  ntok=175  hit_cap=False  think=0c  ans=885c  ETA 1h 15m
[2026-05-01 04:21:03]     [442/576] E2-contested-science: generating (cap=2048)...
[2026-05-01 04:21:41]       done 37.4s  ntok=577  hit_cap=False  think=0c  ans=2845c  ETA 1h 14m
[2026-05-01 04:21:41]     [443/576] E3-bayesian-update: generating (cap=8192)...
[2026-05-01 04:22:11]       done 30.3s  ntok=468  hit_cap=False  think=0c  ans=1965c  ETA 1h 14m
[2026-05-01 04:22:11]     [444/576] E4-taxi-social: generating (cap=8192)...
[2026-05-01 04:23:02]       done 51.0s  ntok=786  hit_cap=False  think=0c  ans=2453c  ETA 1h 13m
[2026-05-01 04:23:02]     [445/576] E5-ecological-fallacy: generating (cap=2048)...
[2026-05-01 04:23:44]       done 42.4s  ntok=654  hit_cap=False  think=0c  ans=3522c  ETA 1h 13m
[2026-05-01 04:23:44]     [446/576] N1-simpsons-paradox: generating (cap=4096)...
[2026-05-01 04:24:19]       done 34.1s  ntok=526  hit_cap=False  think=0c  ans=2616c  ETA 1h 12m
[2026-05-01 04:24:19]     [447/576] N2-conjunction-fallacy: generating (cap=2048)...
[2026-05-01 04:24:41]       done 22.3s  ntok=344  hit_cap=False  think=0c  ans=1737c  ETA 1h 12m
[2026-05-01 04:24:41]     [448/576] N3-survivorship-bias: generating (cap=2048)...
[2026-05-01 04:25:20]       done 38.7s  ntok=598  hit_cap=False  think=0c  ans=3138c  ETA 1h 11m
[2026-05-01 04:25:20]   ─ α=+10.00 (a+10.00) ─
[2026-05-01 04:25:20]     [449/576] E1-confabulation: generating (cap=2048)...
[2026-05-01 04:25:31]       done 11.2s  ntok=174  hit_cap=False  think=0c  ans=873c  ETA 1h 10m
[2026-05-01 04:25:31]     [450/576] E2-contested-science: generating (cap=2048)...
[2026-05-01 04:26:03]       done 32.2s  ntok=498  hit_cap=False  think=0c  ans=2392c  ETA 1h 10m
[2026-05-01 04:26:03]     [451/576] E3-bayesian-update: generating (cap=8192)...
[2026-05-01 04:26:55]       done 52.3s  ntok=807  hit_cap=False  think=0c  ans=3260c  ETA 1h 09m
[2026-05-01 04:26:55]     [452/576] E4-taxi-social: generating (cap=8192)...
[2026-05-01 04:27:45]       done 49.9s  ntok=770  hit_cap=False  think=0c  ans=2409c  ETA 1h 09m
[2026-05-01 04:27:45]     [453/576] E5-ecological-fallacy: generating (cap=2048)...
[2026-05-01 04:28:24]       done 39.1s  ntok=604  hit_cap=False  think=0c  ans=3242c  ETA 1h 08m
[2026-05-01 04:28:24]     [454/576] N1-simpsons-paradox: generating (cap=4096)...
[2026-05-01 04:28:54]       done 29.7s  ntok=458  hit_cap=False  think=0c  ans=2198c  ETA 1h 08m
[2026-05-01 04:28:54]     [455/576] N2-conjunction-fallacy: generating (cap=2048)...
[2026-05-01 04:29:16]       done 22.2s  ntok=343  hit_cap=False  think=0c  ans=1779c  ETA 1h 07m
[2026-05-01 04:29:16]     [456/576] N3-survivorship-bias: generating (cap=2048)...
[2026-05-01 04:29:55]       done 38.7s  ntok=598  hit_cap=False  think=0c  ans=3099c  ETA 1h 07m
[2026-05-01 04:29:55]   ─ α=+12.00 (a+12.00) ─
[2026-05-01 04:29:55]     [457/576] E1-confabulation: generating (cap=2048)...
[2026-05-01 04:30:06]       done 10.9s  ntok=169  hit_cap=False  think=0c  ans=849c  ETA 1h 06m
[2026-05-01 04:30:06]     [458/576] E2-contested-science: generating (cap=2048)...
[2026-05-01 04:30:58]       done 52.7s  ntok=814  hit_cap=False  think=0c  ans=3261c  ETA 1h 06m
[2026-05-01 04:30:58]     [459/576] E3-bayesian-update: generating (cap=8192)...
[2026-05-01 04:31:30]       done 31.5s  ntok=487  hit_cap=False  think=0c  ans=2026c  ETA 1h 05m
[2026-05-01 04:31:30]     [460/576] E4-taxi-social: generating (cap=8192)...
[2026-05-01 04:32:16]       done 45.6s  ntok=705  hit_cap=False  think=0c  ans=2289c  ETA 1h 04m
[2026-05-01 04:32:16]     [461/576] E5-ecological-fallacy: generating (cap=2048)...
[2026-05-01 04:32:50]       done 34.8s  ntok=538  hit_cap=False  think=0c  ans=2932c  ETA 1h 04m
[2026-05-01 04:32:50]     [462/576] N1-simpsons-paradox: generating (cap=4096)...
[2026-05-01 04:33:24]       done 34.0s  ntok=526  hit_cap=False  think=0c  ans=2516c  ETA 1h 03m
[2026-05-01 04:33:24]     [463/576] N2-conjunction-fallacy: generating (cap=2048)...
[2026-05-01 04:33:45]       done 21.0s  ntok=325  hit_cap=False  think=0c  ans=1641c  ETA 1h 03m
[2026-05-01 04:33:45]     [464/576] N3-survivorship-bias: generating (cap=2048)...
[2026-05-01 04:34:21]       done 35.2s  ntok=545  hit_cap=False  think=0c  ans=2817c  ETA 1h 02m
[2026-05-01 04:34:21]   ─ α=+16.00 (a+16.00) ─
[2026-05-01 04:34:21]     [465/576] E1-confabulation: generating (cap=2048)...
[2026-05-01 04:34:22]       done 1.2s  ntok=18  hit_cap=False  think=0c  ans=69c  ETA 1h 02m
[2026-05-01 04:34:22]     [466/576] E2-contested-science: generating (cap=2048)...
[2026-05-01 04:34:56]       done 33.8s  ntok=524  hit_cap=False  think=0c  ans=2316c  ETA 1h 01m
[2026-05-01 04:34:56]     [467/576] E3-bayesian-update: generating (cap=8192)...
[2026-05-01 04:35:32]       done 36.5s  ntok=565  hit_cap=False  think=0c  ans=2247c  ETA 1h 00m
[2026-05-01 04:35:32]     [468/576] E4-taxi-social: generating (cap=8192)...
[2026-05-01 04:36:21]       done 48.6s  ntok=750  hit_cap=False  think=0c  ans=2386c  ETA 1h 00m
[2026-05-01 04:36:21]     [469/576] E5-ecological-fallacy: generating (cap=2048)...
[2026-05-01 04:36:57]       done 36.4s  ntok=562  hit_cap=False  think=0c  ans=3136c  ETA 59m 51s
[2026-05-01 04:36:57]     [470/576] N1-simpsons-paradox: generating (cap=4096)...
[2026-05-01 04:37:42]       done 45.0s  ntok=695  hit_cap=False  think=0c  ans=3236c  ETA 59m 20s
[2026-05-01 04:37:42]     [471/576] N2-conjunction-fallacy: generating (cap=2048)...
[2026-05-01 04:38:03]       done 20.6s  ntok=318  hit_cap=False  think=0c  ans=1551c  ETA 58m 43s
[2026-05-01 04:38:03]     [472/576] N3-survivorship-bias: generating (cap=2048)...
[2026-05-01 04:38:43]       done 40.1s  ntok=618  hit_cap=False  think=0c  ans=3264c  ETA 58m 11s
[2026-05-01 04:38:43]   ─ α=+20.00 (a+20.00) ─
[2026-05-01 04:38:43]     [473/576] E1-confabulation: generating (cap=2048)...
[2026-05-01 04:38:44]       done 1.2s  ntok=18  hit_cap=False  think=0c  ans=69c  ETA 57m 30s
[2026-05-01 04:38:44]     [474/576] E2-contested-science: generating (cap=2048)...
[2026-05-01 04:39:30]       done 45.7s  ntok=702  hit_cap=False  think=0c  ans=3266c  ETA 56m 59s
[2026-05-01 04:39:30]     [475/576] E3-bayesian-update: generating (cap=8192)...
[2026-05-01 04:40:05]       done 35.7s  ntok=550  hit_cap=False  think=0c  ans=2213c  ETA 56m 26s
[2026-05-01 04:40:05]     [476/576] E4-taxi-social: generating (cap=8192)...
[2026-05-01 04:41:03]       done 57.5s  ntok=884  hit_cap=False  think=0c  ans=3136c  ETA 55m 58s
[2026-05-01 04:41:03]     [477/576] E5-ecological-fallacy: generating (cap=2048)...
[2026-05-01 04:41:38]       done 35.2s  ntok=543  hit_cap=False  think=0c  ans=3070c  ETA 55m 25s
[2026-05-01 04:41:38]     [478/576] N1-simpsons-paradox: generating (cap=4096)...
[2026-05-01 04:42:24]       done 45.9s  ntok=705  hit_cap=False  think=0c  ans=3619c  ETA 54m 54s
[2026-05-01 04:42:24]     [479/576] N2-conjunction-fallacy: generating (cap=2048)...
[2026-05-01 04:42:50]       done 25.6s  ntok=395  hit_cap=False  think=0c  ans=1992c  ETA 54m 18s
[2026-05-01 04:42:50]     [480/576] N3-survivorship-bias: generating (cap=2048)...
[2026-05-01 04:43:46]       done 56.1s  ntok=862  hit_cap=False  think=0c  ans=3981c  ETA 53m 49s
[2026-05-01 04:43:46] ════════════════════════════════════════════════════════════════════════
[2026-05-01 04:43:46] VECTOR CCnum_L31 — corpus=triplets-cc-numeric-only-symlinks  layer=L31  norm=19.87
[2026-05-01 04:43:46]   ─ α=-8.00 (a-08.00) ─
[2026-05-01 04:43:46]     [481/576] E1-confabulation: generating (cap=2048)...
[2026-05-01 04:43:47]       done 1.4s  ntok=21  hit_cap=False  think=0c  ans=80c  ETA 53m 09s
[2026-05-01 04:43:47]     [482/576] E2-contested-science: generating (cap=2048)...
[2026-05-01 04:44:23]       done 35.5s  ntok=550  hit_cap=False  think=0c  ans=2471c  ETA 52m 36s
[2026-05-01 04:44:23]     [483/576] E3-bayesian-update: generating (cap=8192)...
[2026-05-01 04:44:48]       done 25.6s  ntok=397  hit_cap=False  think=0c  ans=1622c  ETA 52m 01s
[2026-05-01 04:44:48]     [484/576] E4-taxi-social: generating (cap=8192)...
[2026-05-01 04:45:28]       done 40.0s  ntok=620  hit_cap=False  think=0c  ans=1923c  ETA 51m 29s
[2026-05-01 04:45:28]     [485/576] E5-ecological-fallacy: generating (cap=2048)...
[2026-05-01 04:46:05]       done 37.0s  ntok=573  hit_cap=False  think=0c  ans=3241c  ETA 50m 56s
[2026-05-01 04:46:05]     [486/576] N1-simpsons-paradox: generating (cap=4096)...
[2026-05-01 04:46:34]       done 29.1s  ntok=451  hit_cap=False  think=0c  ans=2224c  ETA 50m 21s
[2026-05-01 04:46:34]     [487/576] N2-conjunction-fallacy: generating (cap=2048)...
[2026-05-01 04:47:04]       done 29.8s  ntok=461  hit_cap=False  think=0c  ans=2446c  ETA 49m 47s
[2026-05-01 04:47:04]     [488/576] N3-survivorship-bias: generating (cap=2048)...
[2026-05-01 04:47:33]       done 28.8s  ntok=445  hit_cap=False  think=0c  ans=2270c  ETA 49m 13s
[2026-05-01 04:47:33]   ─ α=-4.00 (a-04.00) ─
[2026-05-01 04:47:33]     [489/576] E1-confabulation: generating (cap=2048)...
[2026-05-01 04:47:34]       done 1.4s  ntok=21  hit_cap=False  think=0c  ans=80c  ETA 48m 33s
[2026-05-01 04:47:34]     [490/576] E2-contested-science: generating (cap=2048)...
[2026-05-01 04:48:13]       done 38.3s  ntok=593  hit_cap=False  think=0c  ans=2732c  ETA 48m 01s
[2026-05-01 04:48:13]     [491/576] E3-bayesian-update: generating (cap=8192)...
[2026-05-01 04:48:37]       done 24.2s  ntok=376  hit_cap=False  think=0c  ans=1512c  ETA 47m 26s
[2026-05-01 04:48:37]     [492/576] E4-taxi-social: generating (cap=8192)...
[2026-05-01 04:49:23]       done 45.7s  ntok=707  hit_cap=False  think=0c  ans=2355c  ETA 46m 54s
[2026-05-01 04:49:23]     [493/576] E5-ecological-fallacy: generating (cap=2048)...
[2026-05-01 04:49:54]       done 31.6s  ntok=490  hit_cap=False  think=0c  ans=2688c  ETA 46m 20s
[2026-05-01 04:49:54]     [494/576] N1-simpsons-paradox: generating (cap=4096)...
[2026-05-01 04:50:21]       done 26.9s  ntok=416  hit_cap=False  think=0c  ans=1996c  ETA 45m 46s
[2026-05-01 04:50:21]     [495/576] N2-conjunction-fallacy: generating (cap=2048)...
[2026-05-01 04:50:42]       done 20.7s  ntok=321  hit_cap=False  think=0c  ans=1622c  ETA 45m 10s
[2026-05-01 04:50:42]     [496/576] N3-survivorship-bias: generating (cap=2048)...
[2026-05-01 04:51:17]       done 35.0s  ntok=542  hit_cap=False  think=0c  ans=2837c  ETA 44m 37s
[2026-05-01 04:51:17]   ─ α=-2.00 (a-02.00) ─
[2026-05-01 04:51:17]     [497/576] E1-confabulation: generating (cap=2048)...
[2026-05-01 04:51:18]       done 1.4s  ntok=21  hit_cap=False  think=0c  ans=80c  ETA 43m 58s
[2026-05-01 04:51:18]     [498/576] E2-contested-science: generating (cap=2048)...
[2026-05-01 04:51:56]       done 38.1s  ntok=591  hit_cap=False  think=0c  ans=2703c  ETA 43m 26s
[2026-05-01 04:51:56]     [499/576] E3-bayesian-update: generating (cap=8192)...
[2026-05-01 04:52:27]       done 30.4s  ntok=471  hit_cap=False  think=0c  ans=1786c  ETA 42m 52s
[2026-05-01 04:52:27]     [500/576] E4-taxi-social: generating (cap=8192)...
[2026-05-01 04:53:14]       done 47.6s  ntok=736  hit_cap=False  think=0c  ans=2293c  ETA 42m 21s
[2026-05-01 04:53:14]     [501/576] E5-ecological-fallacy: generating (cap=2048)...
[2026-05-01 04:53:50]       done 35.3s  ntok=547  hit_cap=False  think=0c  ans=2930c  ETA 41m 47s
[2026-05-01 04:53:50]     [502/576] N1-simpsons-paradox: generating (cap=4096)...
[2026-05-01 04:54:17]       done 27.6s  ntok=428  hit_cap=False  think=0c  ans=2090c  ETA 41m 13s
[2026-05-01 04:54:17]     [503/576] N2-conjunction-fallacy: generating (cap=2048)...
[2026-05-01 04:54:40]       done 22.9s  ntok=355  hit_cap=False  think=0c  ans=1755c  ETA 40m 38s
[2026-05-01 04:54:40]     [504/576] N3-survivorship-bias: generating (cap=2048)...
[2026-05-01 04:55:19]       done 38.5s  ntok=595  hit_cap=False  think=0c  ans=3148c  ETA 40m 05s
[2026-05-01 04:55:19]   ─ α=+1.00 (a+01.00) ─
[2026-05-01 04:55:19]     [505/576] E1-confabulation: generating (cap=2048)...
[2026-05-01 04:55:20]       done 1.4s  ntok=21  hit_cap=False  think=0c  ans=89c  ETA 39m 28s
[2026-05-01 04:55:20]     [506/576] E2-contested-science: generating (cap=2048)...
[2026-05-01 04:55:58]       done 37.8s  ntok=586  hit_cap=False  think=0c  ans=2664c  ETA 38m 55s
[2026-05-01 04:55:58]     [507/576] E3-bayesian-update: generating (cap=8192)...
[2026-05-01 04:56:20]       done 22.2s  ntok=345  hit_cap=False  think=0c  ans=1416c  ETA 38m 20s
[2026-05-01 04:56:20]     [508/576] E4-taxi-social: generating (cap=8192)...
[2026-05-01 04:57:08]       done 48.2s  ntok=745  hit_cap=False  think=0c  ans=2231c  ETA 37m 49s
[2026-05-01 04:57:08]     [509/576] E5-ecological-fallacy: generating (cap=2048)...
[2026-05-01 04:57:46]       done 37.5s  ntok=580  hit_cap=False  think=0c  ans=3326c  ETA 37m 16s
[2026-05-01 04:57:46]     [510/576] N1-simpsons-paradox: generating (cap=4096)...
[2026-05-01 04:58:14]       done 28.4s  ntok=440  hit_cap=False  think=0c  ans=2177c  ETA 36m 42s
[2026-05-01 04:58:14]     [511/576] N2-conjunction-fallacy: generating (cap=2048)...
[2026-05-01 04:58:37]       done 22.9s  ntok=355  hit_cap=False  think=0c  ans=1808c  ETA 36m 07s
[2026-05-01 04:58:37]     [512/576] N3-survivorship-bias: generating (cap=2048)...
[2026-05-01 04:59:13]       done 36.0s  ntok=557  hit_cap=False  think=0c  ans=2942c  ETA 35m 34s
[2026-05-01 04:59:13]   ─ α=+2.00 (a+02.00) ─
[2026-05-01 04:59:13]     [513/576] E1-confabulation: generating (cap=2048)...
[2026-05-01 04:59:14]       done 1.4s  ntok=21  hit_cap=False  think=0c  ans=89c  ETA 34m 57s
[2026-05-01 04:59:14]     [514/576] E2-contested-science: generating (cap=2048)...
[2026-05-01 04:59:54]       done 39.4s  ntok=610  hit_cap=False  think=0c  ans=2741c  ETA 34m 24s
[2026-05-01 04:59:54]     [515/576] E3-bayesian-update: generating (cap=8192)...
[2026-05-01 05:00:22]       done 28.6s  ntok=444  hit_cap=False  think=0c  ans=1808c  ETA 33m 50s
[2026-05-01 05:00:22]     [516/576] E4-taxi-social: generating (cap=8192)...
[2026-05-01 05:01:12]       done 49.2s  ntok=761  hit_cap=False  think=0c  ans=2357c  ETA 33m 19s
[2026-05-01 05:01:12]     [517/576] E5-ecological-fallacy: generating (cap=2048)...
[2026-05-01 05:01:45]       done 33.4s  ntok=517  hit_cap=False  think=0c  ans=2909c  ETA 32m 46s
[2026-05-01 05:01:45]     [518/576] N1-simpsons-paradox: generating (cap=4096)...
[2026-05-01 05:02:17]       done 31.5s  ntok=487  hit_cap=False  think=0c  ans=2501c  ETA 32m 12s
[2026-05-01 05:02:17]     [519/576] N2-conjunction-fallacy: generating (cap=2048)...
[2026-05-01 05:02:41]       done 24.7s  ntok=383  hit_cap=False  think=0c  ans=1980c  ETA 31m 38s
[2026-05-01 05:02:41]     [520/576] N3-survivorship-bias: generating (cap=2048)...
[2026-05-01 05:03:18]       done 36.4s  ntok=563  hit_cap=False  think=0c  ans=2969c  ETA 31m 05s
[2026-05-01 05:03:18]   ─ α=+4.00 (a+04.00) ─
[2026-05-01 05:03:18]     [521/576] E1-confabulation: generating (cap=2048)...
[2026-05-01 05:03:19]       done 1.4s  ntok=21  hit_cap=False  think=0c  ans=89c  ETA 30m 28s
[2026-05-01 05:03:19]     [522/576] E2-contested-science: generating (cap=2048)...
[2026-05-01 05:04:02]       done 43.1s  ntok=668  hit_cap=False  think=0c  ans=3061c  ETA 29m 56s
[2026-05-01 05:04:02]     [523/576] E3-bayesian-update: generating (cap=8192)...
[2026-05-01 05:04:31]       done 28.4s  ntok=440  hit_cap=False  think=0c  ans=1764c  ETA 29m 22s
[2026-05-01 05:04:31]     [524/576] E4-taxi-social: generating (cap=8192)...
[2026-05-01 05:05:11]       done 40.6s  ntok=628  hit_cap=False  think=0c  ans=2021c  ETA 28m 50s
[2026-05-01 05:05:11]     [525/576] E5-ecological-fallacy: generating (cap=2048)...
[2026-05-01 05:05:49]       done 37.6s  ntok=582  hit_cap=False  think=0c  ans=3150c  ETA 28m 17s
[2026-05-01 05:05:49]     [526/576] N1-simpsons-paradox: generating (cap=4096)...
[2026-05-01 05:06:15]       done 26.6s  ntok=411  hit_cap=False  think=0c  ans=2010c  ETA 27m 43s
[2026-05-01 05:06:15]     [527/576] N2-conjunction-fallacy: generating (cap=2048)...
[2026-05-01 05:06:42]       done 26.4s  ntok=408  hit_cap=False  think=0c  ans=2085c  ETA 27m 09s
[2026-05-01 05:06:42]     [528/576] N3-survivorship-bias: generating (cap=2048)...
[2026-05-01 05:07:20]       done 38.3s  ntok=592  hit_cap=False  think=0c  ans=3036c  ETA 26m 36s
[2026-05-01 05:07:20]   ─ α=+6.00 (a+06.00) ─
[2026-05-01 05:07:20]     [529/576] E1-confabulation: generating (cap=2048)...
[2026-05-01 05:07:21]       done 1.4s  ntok=21  hit_cap=False  think=0c  ans=89c  ETA 26m 00s
[2026-05-01 05:07:21]     [530/576] E2-contested-science: generating (cap=2048)...
[2026-05-01 05:07:51]       done 29.6s  ntok=458  hit_cap=False  think=0c  ans=2217c  ETA 25m 27s
[2026-05-01 05:07:51]     [531/576] E3-bayesian-update: generating (cap=8192)...
[2026-05-01 05:08:12]       done 20.9s  ntok=324  hit_cap=False  think=0c  ans=1236c  ETA 24m 52s
[2026-05-01 05:08:12]     [532/576] E4-taxi-social: generating (cap=8192)...
[2026-05-01 05:08:56]       done 44.5s  ntok=688  hit_cap=False  think=0c  ans=2258c  ETA 24m 20s
[2026-05-01 05:08:56]     [533/576] E5-ecological-fallacy: generating (cap=2048)...
[2026-05-01 05:09:40]       done 44.0s  ntok=681  hit_cap=False  think=0c  ans=3754c  ETA 23m 48s
[2026-05-01 05:09:40]     [534/576] N1-simpsons-paradox: generating (cap=4096)...
[2026-05-01 05:10:09]       done 28.4s  ntok=439  hit_cap=False  think=0c  ans=2202c  ETA 23m 14s
[2026-05-01 05:10:09]     [535/576] N2-conjunction-fallacy: generating (cap=2048)...
[2026-05-01 05:10:33]       done 24.2s  ntok=375  hit_cap=False  think=0c  ans=1897c  ETA 22m 40s
[2026-05-01 05:10:33]     [536/576] N3-survivorship-bias: generating (cap=2048)...
[2026-05-01 05:11:10]       done 36.6s  ntok=566  hit_cap=False  think=0c  ans=2980c  ETA 22m 07s
[2026-05-01 05:11:10]   ─ α=+8.00 (a+08.00) ─
[2026-05-01 05:11:10]     [537/576] E1-confabulation: generating (cap=2048)...
[2026-05-01 05:11:11]       done 1.4s  ntok=21  hit_cap=False  think=0c  ans=89c  ETA 21m 32s
[2026-05-01 05:11:11]     [538/576] E2-contested-science: generating (cap=2048)...
[2026-05-01 05:12:22]       done 70.7s  ntok=1090  hit_cap=False  think=0c  ans=4107c  ETA 21m 01s
[2026-05-01 05:12:22]     [539/576] E3-bayesian-update: generating (cap=8192)...
[2026-05-01 05:12:49]       done 27.4s  ntok=425  hit_cap=False  think=0c  ans=1604c  ETA 20m 28s
[2026-05-01 05:12:49]     [540/576] E4-taxi-social: generating (cap=8192)...
[2026-05-01 05:13:26]       done 36.8s  ntok=569  hit_cap=False  think=0c  ans=1796c  ETA 19m 55s
[2026-05-01 05:13:26]     [541/576] E5-ecological-fallacy: generating (cap=2048)...
[2026-05-01 05:14:05]       done 39.1s  ntok=606  hit_cap=False  think=0c  ans=3308c  ETA 19m 22s
[2026-05-01 05:14:05]     [542/576] N1-simpsons-paradox: generating (cap=4096)...
[2026-05-01 05:14:33]       done 28.4s  ntok=439  hit_cap=False  think=0c  ans=2202c  ETA 18m 48s
[2026-05-01 05:14:33]     [543/576] N2-conjunction-fallacy: generating (cap=2048)...
[2026-05-01 05:15:03]       done 29.9s  ntok=462  hit_cap=False  think=0c  ans=2411c  ETA 18m 15s
[2026-05-01 05:15:03]     [544/576] N3-survivorship-bias: generating (cap=2048)...
[2026-05-01 05:15:58]       done 54.4s  ntok=841  hit_cap=False  think=0c  ans=4445c  ETA 17m 43s
[2026-05-01 05:15:58]   ─ α=+10.00 (a+10.00) ─
[2026-05-01 05:15:58]     [545/576] E1-confabulation: generating (cap=2048)...
[2026-05-01 05:15:59]       done 1.4s  ntok=21  hit_cap=False  think=0c  ans=89c  ETA 17m 08s
[2026-05-01 05:15:59]     [546/576] E2-contested-science: generating (cap=2048)...
[2026-05-01 05:17:14]       done 75.5s  ntok=1164  hit_cap=False  think=0c  ans=4442c  ETA 16m 37s
[2026-05-01 05:17:14]     [547/576] E3-bayesian-update: generating (cap=8192)...
[2026-05-01 05:17:48]       done 33.3s  ntok=516  hit_cap=False  think=0c  ans=2057c  ETA 16m 04s
[2026-05-01 05:17:48]     [548/576] E4-taxi-social: generating (cap=8192)...
[2026-05-01 05:27:12]       done 564.5s  ntok=8192  hit_cap=True  think=0c  ans=10812c  ETA 15m 58s
[2026-05-01 05:27:12]     [549/576] E5-ecological-fallacy: generating (cap=2048)...
[2026-05-01 05:27:51]       done 38.4s  ntok=590  hit_cap=False  think=0c  ans=3240c  ETA 15m 24s
[2026-05-01 05:27:51]     [550/576] N1-simpsons-paradox: generating (cap=4096)...
[2026-05-01 05:28:21]       done 29.8s  ntok=458  hit_cap=False  think=0c  ans=2353c  ETA 14m 49s
[2026-05-01 05:28:21]     [551/576] N2-conjunction-fallacy: generating (cap=2048)...
[2026-05-01 05:28:46]       done 25.6s  ntok=393  hit_cap=False  think=0c  ans=1999c  ETA 14m 15s
[2026-05-01 05:28:46]     [552/576] N3-survivorship-bias: generating (cap=2048)...
[2026-05-01 05:29:30]       done 43.7s  ntok=671  hit_cap=False  think=0c  ans=3475c  ETA 13m 41s
[2026-05-01 05:29:30]   ─ α=+12.00 (a+12.00) ─
[2026-05-01 05:29:30]     [553/576] E1-confabulation: generating (cap=2048)...
[2026-05-01 05:29:31]       done 1.4s  ntok=21  hit_cap=False  think=0c  ans=89c  ETA 13m 05s
[2026-05-01 05:29:31]     [554/576] E2-contested-science: generating (cap=2048)...
[2026-05-01 05:30:48]       done 77.1s  ntok=1179  hit_cap=False  think=0c  ans=4664c  ETA 12m 33s
[2026-05-01 05:30:48]     [555/576] E3-bayesian-update: generating (cap=8192)...
[2026-05-01 05:31:20]       done 31.2s  ntok=480  hit_cap=False  think=0c  ans=1940c  ETA 11m 59s
[2026-05-01 05:31:20]     [556/576] E4-taxi-social: generating (cap=8192)...
[2026-05-01 05:40:46]       done 566.4s  ntok=8192  hit_cap=True  think=0c  ans=10812c  ETA 11m 43s
[2026-05-01 05:40:46]     [557/576] E5-ecological-fallacy: generating (cap=2048)...
[2026-05-01 05:41:29]       done 43.4s  ntok=667  hit_cap=False  think=0c  ans=3666c  ETA 11m 09s
[2026-05-01 05:41:29]     [558/576] N1-simpsons-paradox: generating (cap=4096)...
[2026-05-01 05:42:02]       done 32.1s  ntok=492  hit_cap=False  think=0c  ans=2576c  ETA 10m 33s
[2026-05-01 05:42:02]     [559/576] N2-conjunction-fallacy: generating (cap=2048)...
[2026-05-01 05:42:27]       done 25.7s  ntok=395  hit_cap=False  think=0c  ans=2001c  ETA 9m 58s
[2026-05-01 05:42:27]     [560/576] N3-survivorship-bias: generating (cap=2048)...
[2026-05-01 05:43:12]       done 44.8s  ntok=688  hit_cap=False  think=0c  ans=3405c  ETA 9m 23s
[2026-05-01 05:43:12]   ─ α=+16.00 (a+16.00) ─
[2026-05-01 05:43:12]     [561/576] E1-confabulation: generating (cap=2048)...
[2026-05-01 05:43:13]       done 1.4s  ntok=21  hit_cap=False  think=0c  ans=89c  ETA 8m 47s
[2026-05-01 05:43:13]     [562/576] E2-contested-science: generating (cap=2048)...
[2026-05-01 05:44:05]       done 51.6s  ntok=792  hit_cap=False  think=0c  ans=3322c  ETA 8m 12s
[2026-05-01 05:44:05]     [563/576] E3-bayesian-update: generating (cap=8192)...
[2026-05-01 05:44:32]       done 27.3s  ntok=420  hit_cap=False  think=0c  ans=1624c  ETA 7m 37s
[2026-05-01 05:44:32]     [564/576] E4-taxi-social: generating (cap=8192)...
[2026-05-01 05:53:59]       done 566.3s  ntok=8192  hit_cap=True  think=0c  ans=10812c  ETA 7m 13s
[2026-05-01 05:53:59]     [565/576] E5-ecological-fallacy: generating (cap=2048)...
[2026-05-01 05:54:41]       done 42.4s  ntok=650  hit_cap=False  think=0c  ans=3469c  ETA 6m 37s
[2026-05-01 05:54:41]     [566/576] N1-simpsons-paradox: generating (cap=4096)...
[2026-05-01 05:55:10]       done 28.7s  ntok=440  hit_cap=False  think=0c  ans=2245c  ETA 6m 01s
[2026-05-01 05:55:10]     [567/576] N2-conjunction-fallacy: generating (cap=2048)...
[2026-05-01 05:55:41]       done 31.4s  ntok=481  hit_cap=False  think=0c  ans=2430c  ETA 5m 24s
[2026-05-01 05:55:41]     [568/576] N3-survivorship-bias: generating (cap=2048)...
[2026-05-01 05:56:35]       done 53.5s  ntok=819  hit_cap=False  think=0c  ans=4191c  ETA 4m 48s
[2026-05-01 05:56:35]   ─ α=+20.00 (a+20.00) ─
[2026-05-01 05:56:35]     [569/576] E1-confabulation: generating (cap=2048)...
[2026-05-01 05:56:37]       done 2.0s  ntok=30  hit_cap=False  think=0c  ans=128c  ETA 4m 12s
[2026-05-01 05:56:37]     [570/576] E2-contested-science: generating (cap=2048)...
[2026-05-01 05:57:38]       done 61.5s  ntok=942  hit_cap=False  think=0c  ans=3917c  ETA 3m 36s
[2026-05-01 05:57:38]     [571/576] E3-bayesian-update: generating (cap=8192)...
[2026-05-01 05:58:09]       done 31.1s  ntok=478  hit_cap=False  think=0c  ans=1784c  ETA 3m 00s
[2026-05-01 05:58:09]     [572/576] E4-taxi-social: generating (cap=8192)...
[2026-05-01 05:58:46]       done 36.9s  ntok=566  hit_cap=False  think=0c  ans=1796c  ETA 2m 24s
[2026-05-01 05:58:46]     [573/576] E5-ecological-fallacy: generating (cap=2048)...
[2026-05-01 05:59:34]       done 47.5s  ntok=730  hit_cap=False  think=0c  ans=3972c  ETA 1m 48s
[2026-05-01 05:59:34]     [574/576] N1-simpsons-paradox: generating (cap=4096)...
[2026-05-01 06:00:05]       done 31.4s  ntok=482  hit_cap=False  think=0c  ans=2478c  ETA 1m 12s
[2026-05-01 06:00:05]     [575/576] N2-conjunction-fallacy: generating (cap=2048)...
[2026-05-01 06:00:29]       done 23.6s  ntok=362  hit_cap=False  think=0c  ans=1777c  ETA 0m 36s
[2026-05-01 06:00:29]     [576/576] N3-survivorship-bias: generating (cap=2048)...
[2026-05-01 06:01:25]       done 55.9s  ntok=855  hit_cap=False  think=0c  ans=4393c  ETA 0m 00s
[2026-05-01 06:01:25] ========================================================================
[2026-05-01 06:01:25] SWEEP COMPLETE — 576 steered + 8 baselines in 5h 50m
