[2026-04-30 00:41:05] ========================================================================
[2026-04-30 00:41:05] Phi-4-mini-reasoning α-sweep — START
[2026-04-30 00:41:05] Model: phi-4-mini-reasoning  |  Vectors: 6  |  Alphas: 12  |  Prompts: 8
[2026-04-30 00:41:05] Total target: 584 generations (8 baselines + 576 steered)
[2026-04-30 00:41:05] Output dir: /home/sumit/phronesis/mvp/results/phi4_sweep_20260430
[2026-04-30 00:41:05] Alphas: [-8.0, -4.0, -2.0, 1.0, 2.0, 4.0, 6.0, 8.0, 10.0, 12.0, 16.0, 20.0]
[2026-04-30 00:41:05] Vectors:
[2026-04-30 00:41:05]    CC_L24          → triplets-combined/last_token/layer_24_virtue_vector.npy
[2026-04-30 00:41:05]    EG_L21          → triplets-evidence-grounding/last_token/layer_21_virtue_vector.npy
[2026-04-30 00:41:05]    RT_L21          → triplets-reasoning-transparency/last_token/layer_21_virtue_vector.npy
[2026-04-30 00:41:05]    IH_L7           → triplets-intellectual-humility/last_token/layer_7_virtue_vector.npy
[2026-04-30 00:41:05]    VC_L3           → triplets-verbosity-control/last_token/layer_3_virtue_vector.npy
[2026-04-30 00:41:05]    CC_num_L3       → triplets-cc-numeric-only-symlinks/last_token/layer_3_virtue_vector.npy
[2026-04-30 00:41:05] Prompts (8):
[2026-04-30 00:41:05]    E1-confabulation                cap=2048
[2026-04-30 00:41:05]    E2-contested-science            cap=2048
[2026-04-30 00:41:05]    E3-bayesian-update              cap=8192
[2026-04-30 00:41:05]    E4-taxi-social                  cap=8192
[2026-04-30 00:41:05]    E5-ecological-fallacy           cap=2048
[2026-04-30 00:41:05]    N1-simpsons-paradox             cap=4096
[2026-04-30 00:41:05]    N2-conjunction-fallacy          cap=2048
[2026-04-30 00:41:05]    N3-survivorship-bias            cap=2048
[2026-04-30 00:41:05] Pre-checking vector files...
[2026-04-30 00:41:05] All vector files found. ✓
[2026-04-30 00:41:05] Loading model phi-4-mini-reasoning...
[2026-04-30 00:41:12] Model on cuda. Ready.
[2026-04-30 00:41:12] ─── BASELINES (no steering) ───
[2026-04-30 00:41:12]   [1/8] E1-confabulation: generating (cap=2048)...
[2026-04-30 00:42:36]     done 84.1s  ntok=1977  hit_cap=False  think=9196c  ans=262c
[2026-04-30 00:42:36]   [2/8] E2-contested-science: generating (cap=2048)...
[2026-04-30 00:43:24]     done 47.9s  ntok=1147  hit_cap=False  think=3851c  ans=1866c
[2026-04-30 00:43:24]   [3/8] E3-bayesian-update: generating (cap=8192)...
[2026-04-30 00:45:27]     done 123.2s  ntok=2936  hit_cap=False  think=7720c  ans=1418c
[2026-04-30 00:45:27]   [4/8] E4-taxi-social: generating (cap=8192)...
[2026-04-30 00:47:18]     done 110.9s  ntok=2631  hit_cap=False  think=8896c  ans=1774c
[2026-04-30 00:47:18]   [5/8] E5-ecological-fallacy: generating (cap=2048)...
[2026-04-30 00:48:10]     done 52.4s  ntok=1244  hit_cap=False  think=4451c  ans=2162c
[2026-04-30 00:48:10]   [6/8] N1-simpsons-paradox: generating (cap=4096)...
[2026-04-30 00:49:14]     done 63.2s  ntok=1514  hit_cap=False  think=5007c  ans=1839c
[2026-04-30 00:49:14]   [7/8] N2-conjunction-fallacy: generating (cap=2048)...
[2026-04-30 00:50:39]     done 85.7s  ntok=2048  hit_cap=True  think=0c  ans=9375c
[2026-04-30 00:50:39]   [8/8] N3-survivorship-bias: generating (cap=2048)...
[2026-04-30 00:51:31]     done 52.2s  ntok=1251  hit_cap=False  think=3449c  ans=2541c
[2026-04-30 00:51:31] ════════════════════════════════════════════════════════════════════════
[2026-04-30 00:51:31] VECTOR CC_L24 — corpus=triplets-combined  layer=L24  norm=18.34
[2026-04-30 00:51:31]   ─ α=-8.00 (a-08.00) ─
[2026-04-30 00:51:32]     [1/576] E1-confabulation: generating (cap=2048)...
[2026-04-30 00:52:45]       done 73.5s  ntok=1736  hit_cap=False  think=7826c  ans=298c  ETA 11h 44m
[2026-04-30 00:52:45]     [2/576] E2-contested-science: generating (cap=2048)...
[2026-04-30 00:53:28]       done 43.4s  ntok=1025  hit_cap=False  think=3793c  ans=1368c  ETA 9h 19m
[2026-04-30 00:53:28]     [3/576] E3-bayesian-update: generating (cap=8192)...
[2026-04-30 00:55:21]       done 113.1s  ntok=2673  hit_cap=False  think=7674c  ans=1492c  ETA 12h 12m
[2026-04-30 00:55:21]     [4/576] E4-taxi-social: generating (cap=8192)...
[2026-04-30 01:01:28]       done 366.3s  ntok=8192  hit_cap=True  think=16269c  ans=26201c  ETA 23h 41m
[2026-04-30 01:01:28]     [5/576] E5-ecological-fallacy: generating (cap=2048)...
[2026-04-30 01:02:13]       done 45.7s  ntok=1086  hit_cap=False  think=3175c  ans=2397c  ETA 20h 21m
[2026-04-30 01:02:13]     [6/576] N1-simpsons-paradox: generating (cap=4096)...
[2026-04-30 01:04:44]       done 150.2s  ntok=3548  hit_cap=False  think=12927c  ans=1370c  ETA 20h 54m
[2026-04-30 01:04:44]     [7/576] N2-conjunction-fallacy: generating (cap=2048)...
[2026-04-30 01:06:10]       done 86.7s  ntok=2048  hit_cap=True  think=0c  ans=9000c  ETA 19h 50m
[2026-04-30 01:06:10]     [8/576] N3-survivorship-bias: generating (cap=2048)...
[2026-04-30 01:07:06]       done 55.9s  ntok=1332  hit_cap=False  think=4004c  ans=2530c  ETA 18h 26m
[2026-04-30 01:07:06]   ─ α=-4.00 (a-04.00) ─
[2026-04-30 01:07:06]     [9/576] E1-confabulation: generating (cap=2048)...
[2026-04-30 01:07:36]       done 29.9s  ntok=709  hit_cap=False  think=3404c  ans=221c  ETA 16h 53m
[2026-04-30 01:07:36]     [10/576] E2-contested-science: generating (cap=2048)...
[2026-04-30 01:08:29]       done 52.5s  ntok=1239  hit_cap=False  think=4509c  ans=1744c  ETA 15h 59m
[2026-04-30 01:08:29]     [11/576] E3-bayesian-update: generating (cap=8192)...
[2026-04-30 01:14:36]       done 367.5s  ntok=8192  hit_cap=True  think=0c  ans=37019c  ETA 19h 45m
[2026-04-30 01:14:36]     [12/576] E4-taxi-social: generating (cap=8192)...
[2026-04-30 01:16:17]       done 101.1s  ntok=2346  hit_cap=False  think=8080c  ans=1821c  ETA 19h 23m
[2026-04-30 01:16:17]     [13/576] E5-ecological-fallacy: generating (cap=2048)...
[2026-04-30 01:17:09]       done 51.7s  ntok=1210  hit_cap=False  think=4443c  ans=1882c  ETA 18h 29m
[2026-04-30 01:17:09]     [14/576] N1-simpsons-paradox: generating (cap=4096)...
[2026-04-30 01:17:59]       done 49.7s  ntok=1172  hit_cap=False  think=3536c  ans=2088c  ETA 17h 41m
[2026-04-30 01:17:59]     [15/576] N2-conjunction-fallacy: generating (cap=2048)...
[2026-04-30 01:19:26]       done 87.1s  ntok=2048  hit_cap=True  think=0c  ans=9353c  ETA 17h 23m
[2026-04-30 01:19:26]     [16/576] N3-survivorship-bias: generating (cap=2048)...
[2026-04-30 01:20:25]       done 59.1s  ntok=1391  hit_cap=False  think=4204c  ans=2572c  ETA 16h 51m
[2026-04-30 01:20:25]   ─ α=-2.00 (a-02.00) ─
[2026-04-30 01:20:25]     [17/576] E1-confabulation: generating (cap=2048)...
[2026-04-30 01:21:21]       done 56.3s  ntok=1329  hit_cap=False  think=6252c  ans=239c  ETA 16h 20m
[2026-04-30 01:21:21]     [18/576] E2-contested-science: generating (cap=2048)...
[2026-04-30 01:21:59]       done 37.9s  ntok=895  hit_cap=False  think=3132c  ans=1494c  ETA 15h 44m
[2026-04-30 01:21:59]     [19/576] E3-bayesian-update: generating (cap=8192)...
[2026-04-30 01:28:16]       done 376.4s  ntok=8192  hit_cap=True  think=0c  ans=37018c  ETA 17h 56m
[2026-04-30 01:28:16]     [20/576] E4-taxi-social: generating (cap=8192)...
[2026-04-30 01:30:10]       done 114.4s  ntok=2626  hit_cap=False  think=8675c  ans=1769c  ETA 17h 54m
[2026-04-30 01:30:10]     [21/576] E5-ecological-fallacy: generating (cap=2048)...
[2026-04-30 01:31:08]       done 58.2s  ntok=1350  hit_cap=False  think=4666c  ans=2252c  ETA 17h 26m
[2026-04-30 01:31:08]     [22/576] N1-simpsons-paradox: generating (cap=4096)...
[2026-04-30 01:33:43]       done 154.5s  ntok=3561  hit_cap=False  think=13465c  ans=2443c  ETA 17h 42m
[2026-04-30 01:33:43]     [23/576] N2-conjunction-fallacy: generating (cap=2048)...
[2026-04-30 01:35:11]       done 88.7s  ntok=2048  hit_cap=True  think=0c  ans=9561c  ETA 17h 29m
[2026-04-30 01:35:11]     [24/576] N3-survivorship-bias: generating (cap=2048)...
[2026-04-30 01:36:16]       done 64.7s  ntok=1494  hit_cap=False  think=4936c  ans=2328c  ETA 17h 09m
[2026-04-30 01:36:16]   ─ α=+1.00 (a+01.00) ─
[2026-04-30 01:36:16]     [25/576] E1-confabulation: generating (cap=2048)...
[2026-04-30 01:37:22]       done 66.0s  ntok=1530  hit_cap=False  think=6237c  ans=270c  ETA 16h 50m
[2026-04-30 01:37:22]     [26/576] E2-contested-science: generating (cap=2048)...
[2026-04-30 01:38:02]       done 40.1s  ntok=926  hit_cap=False  think=2893c  ans=1635c  ETA 16h 23m
[2026-04-30 01:38:02]     [27/576] E3-bayesian-update: generating (cap=8192)...
[2026-04-30 01:44:16]       done 373.4s  ntok=8192  hit_cap=True  think=0c  ans=37505c  ETA 17h 52m
[2026-04-30 01:44:16]     [28/576] E4-taxi-social: generating (cap=8192)...
[2026-04-30 01:50:31]       done 375.1s  ntok=8192  hit_cap=True  think=0c  ans=42113c  ETA 19h 14m
[2026-04-30 01:50:31]     [29/576] E5-ecological-fallacy: generating (cap=2048)...
[2026-04-30 01:51:16]       done 44.8s  ntok=1030  hit_cap=False  think=3214c  ans=2103c  ETA 18h 46m
[2026-04-30 01:51:16]     [30/576] N1-simpsons-paradox: generating (cap=4096)...
[2026-04-30 01:53:23]       done 127.2s  ntok=2938  hit_cap=False  think=11865c  ans=1724c  ETA 18h 45m
[2026-04-30 01:53:23]     [31/576] N2-conjunction-fallacy: generating (cap=2048)...
[2026-04-30 01:54:51]       done 88.7s  ntok=2048  hit_cap=True  think=0c  ans=9333c  ETA 18h 33m
[2026-04-30 01:54:51]     [32/576] N3-survivorship-bias: generating (cap=2048)...
[2026-04-30 01:55:56]       done 64.1s  ntok=1485  hit_cap=False  think=4462c  ans=2883c  ETA 18h 14m
[2026-04-30 01:55:56]   ─ α=+2.00 (a+02.00) ─
[2026-04-30 01:55:56]     [33/576] E1-confabulation: generating (cap=2048)...
[2026-04-30 01:56:32]       done 36.4s  ntok=844  hit_cap=False  think=3690c  ans=357c  ETA 17h 49m
[2026-04-30 01:56:32]     [34/576] E2-contested-science: generating (cap=2048)...
[2026-04-30 01:57:10]       done 37.9s  ntok=876  hit_cap=False  think=2674c  ans=1602c  ETA 17h 26m
[2026-04-30 01:57:10]     [35/576] E3-bayesian-update: generating (cap=8192)...
[2026-04-30 02:03:23]       done 373.5s  ntok=8192  hit_cap=True  think=10139c  ans=26757c  ETA 18h 30m
[2026-04-30 02:03:23]     [36/576] E4-taxi-social: generating (cap=8192)...
[2026-04-30 02:09:40]       done 376.4s  ntok=8192  hit_cap=True  think=15867c  ans=25955c  ETA 19h 32m
[2026-04-30 02:09:40]     [37/576] E5-ecological-fallacy: generating (cap=2048)...
[2026-04-30 02:10:17]       done 37.1s  ntok=851  hit_cap=False  think=2304c  ans=2028c  ETA 19h 07m
[2026-04-30 02:10:17]     [38/576] N1-simpsons-paradox: generating (cap=4096)...
[2026-04-30 02:11:54]       done 96.8s  ntok=2221  hit_cap=False  think=7576c  ans=2875c  ETA 18h 57m
[2026-04-30 02:11:54]     [39/576] N2-conjunction-fallacy: generating (cap=2048)...
[2026-04-30 02:13:23]       done 89.0s  ntok=2048  hit_cap=True  think=0c  ans=8784c  ETA 18h 47m
[2026-04-30 02:13:23]     [40/576] N3-survivorship-bias: generating (cap=2048)...
[2026-04-30 02:14:21]       done 58.3s  ntok=1335  hit_cap=False  think=3903c  ans=2675c  ETA 18h 29m
[2026-04-30 02:14:21]   ─ α=+4.00 (a+04.00) ─
[2026-04-30 02:14:21]     [41/576] E1-confabulation: generating (cap=2048)...
[2026-04-30 02:15:34]       done 72.7s  ntok=1667  hit_cap=False  think=7418c  ans=233c  ETA 18h 16m
[2026-04-30 02:15:34]     [42/576] E2-contested-science: generating (cap=2048)...
[2026-04-30 02:16:18]       done 44.3s  ntok=1025  hit_cap=False  think=3854c  ans=1221c  ETA 17h 57m
[2026-04-30 02:16:18]     [43/576] E3-bayesian-update: generating (cap=8192)...
[2026-04-30 02:22:33]       done 374.9s  ntok=8192  hit_cap=True  think=0c  ans=36636c  ETA 18h 48m
[2026-04-30 02:22:33]     [44/576] E4-taxi-social: generating (cap=8192)...
[2026-04-30 02:24:08]       done 95.3s  ntok=2191  hit_cap=False  think=7079c  ans=1761c  ETA 18h 39m
[2026-04-30 02:24:08]     [45/576] E5-ecological-fallacy: generating (cap=2048)...
[2026-04-30 02:24:49]       done 40.6s  ntok=932  hit_cap=False  think=2605c  ans=2295c  ETA 18h 20m
[2026-04-30 02:24:49]     [46/576] N1-simpsons-paradox: generating (cap=4096)...
[2026-04-30 02:27:34]       done 165.1s  ntok=3810  hit_cap=False  think=15699c  ans=1990c  ETA 18h 26m
[2026-04-30 02:27:34]     [47/576] N2-conjunction-fallacy: generating (cap=2048)...
[2026-04-30 02:29:03]       done 89.0s  ntok=2048  hit_cap=True  think=0c  ans=9834c  ETA 18h 17m
[2026-04-30 02:29:03]     [48/576] N3-survivorship-bias: generating (cap=2048)...
[2026-04-30 02:30:05]       done 61.5s  ntok=1417  hit_cap=False  think=3842c  ans=3114c  ETA 18h 04m
[2026-04-30 02:30:05]   ─ α=+6.00 (a+06.00) ─
[2026-04-30 02:30:05]     [49/576] E1-confabulation: generating (cap=2048)...
[2026-04-30 02:31:10]       done 65.8s  ntok=1513  hit_cap=False  think=6953c  ans=347c  ETA 17h 51m
[2026-04-30 02:31:10]     [50/576] E2-contested-science: generating (cap=2048)...
[2026-04-30 02:31:54]       done 43.3s  ntok=997  hit_cap=False  think=3547c  ans=1492c  ETA 17h 35m
[2026-04-30 02:31:54]     [51/576] E3-bayesian-update: generating (cap=8192)...
[2026-04-30 02:38:09]       done 374.9s  ntok=8192  hit_cap=True  think=0c  ans=39465c  ETA 18h 17m
[2026-04-30 02:38:09]     [52/576] E4-taxi-social: generating (cap=8192)...
[2026-04-30 02:44:25]       done 376.9s  ntok=8192  hit_cap=True  think=0c  ans=41262c  ETA 18h 57m
[2026-04-30 02:44:25]     [53/576] E5-ecological-fallacy: generating (cap=2048)...
[2026-04-30 02:45:03]       done 37.2s  ntok=852  hit_cap=False  think=2291c  ans=2129c  ETA 18h 40m
[2026-04-30 02:45:03]     [54/576] N1-simpsons-paradox: generating (cap=4096)...
[2026-04-30 02:48:02]       done 179.5s  ntok=4096  hit_cap=True  think=15671c  ans=1514c  ETA 18h 46m
[2026-04-30 02:48:02]     [55/576] N2-conjunction-fallacy: generating (cap=2048)...
[2026-04-30 02:49:32]       done 89.5s  ntok=2048  hit_cap=True  think=0c  ans=9016c  ETA 18h 37m
[2026-04-30 02:49:32]     [56/576] N3-survivorship-bias: generating (cap=2048)...
[2026-04-30 02:50:34]       done 61.8s  ntok=1426  hit_cap=False  think=4150c  ans=2830c  ETA 18h 25m
[2026-04-30 02:50:34]   ─ α=+8.00 (a+08.00) ─
[2026-04-30 02:50:34]     [57/576] E1-confabulation: generating (cap=2048)...
[2026-04-30 02:51:49]       done 75.5s  ntok=1743  hit_cap=False  think=7626c  ans=290c  ETA 18h 15m
[2026-04-30 02:51:49]     [58/576] E2-contested-science: generating (cap=2048)...
[2026-04-30 02:52:52]       done 62.5s  ntok=1436  hit_cap=False  think=5518c  ans=1457c  ETA 18h 03m
[2026-04-30 02:52:52]     [59/576] E3-bayesian-update: generating (cap=8192)...
[2026-04-30 02:59:08]       done 376.1s  ntok=8192  hit_cap=True  think=0c  ans=40117c  ETA 18h 38m
[2026-04-30 02:59:08]     [60/576] E4-taxi-social: generating (cap=8192)...
[2026-04-30 03:01:47]       done 159.5s  ntok=3664  hit_cap=False  think=14478c  ans=1415c  ETA 18h 40m
[2026-04-30 03:01:47]     [61/576] E5-ecological-fallacy: generating (cap=2048)...
[2026-04-30 03:02:31]       done 43.9s  ntok=1008  hit_cap=False  think=2773c  ans=2351c  ETA 18h 25m
[2026-04-30 03:02:31]     [62/576] N1-simpsons-paradox: generating (cap=4096)...
[2026-04-30 03:03:36]       done 64.3s  ntok=1475  hit_cap=False  think=5511c  ans=1248c  ETA 18h 14m
[2026-04-30 03:03:36]     [63/576] N2-conjunction-fallacy: generating (cap=2048)...
[2026-04-30 03:05:05]       done 89.1s  ntok=2048  hit_cap=True  think=0c  ans=9294c  ETA 18h 07m
[2026-04-30 03:05:05]     [64/576] N3-survivorship-bias: generating (cap=2048)...
[2026-04-30 03:06:07]       done 62.8s  ntok=1433  hit_cap=False  think=4245c  ans=2675c  ETA 17h 56m
[2026-04-30 03:06:07]   ─ α=+10.00 (a+10.00) ─
[2026-04-30 03:06:07]     [65/576] E1-confabulation: generating (cap=2048)...
[2026-04-30 03:06:41]       done 33.8s  ntok=774  hit_cap=False  think=0c  ans=3939c  ETA 17h 42m
[2026-04-30 03:06:41]     [66/576] E2-contested-science: generating (cap=2048)...
[2026-04-30 03:07:45]       done 63.5s  ntok=1454  hit_cap=False  think=5630c  ans=1572c  ETA 17h 32m
[2026-04-30 03:07:45]     [67/576] E3-bayesian-update: generating (cap=8192)...
[2026-04-30 03:10:01]       done 136.2s  ntok=3135  hit_cap=False  think=7066c  ans=1830c  ETA 17h 32m
[2026-04-30 03:10:01]     [68/576] E4-taxi-social: generating (cap=8192)...
[2026-04-30 03:12:52]       done 171.5s  ntok=3935  hit_cap=False  think=14233c  ans=1875c  ETA 17h 35m
[2026-04-30 03:12:52]     [69/576] E5-ecological-fallacy: generating (cap=2048)...
[2026-04-30 03:13:30]       done 37.4s  ntok=868  hit_cap=False  think=2630c  ans=1750c  ETA 17h 23m
[2026-04-30 03:13:30]     [70/576] N1-simpsons-paradox: generating (cap=4096)...
[2026-04-30 03:14:58]       done 87.9s  ntok=2025  hit_cap=False  think=7008c  ans=1922c  ETA 17h 16m
[2026-04-30 03:14:58]     [71/576] N2-conjunction-fallacy: generating (cap=2048)...
[2026-04-30 03:16:27]       done 89.2s  ntok=2048  hit_cap=True  think=0c  ans=9422c  ETA 17h 10m
[2026-04-30 03:16:27]     [72/576] N3-survivorship-bias: generating (cap=2048)...
[2026-04-30 03:17:22]       done 54.9s  ntok=1260  hit_cap=False  think=3324c  ans=2504c  ETA 17h 00m
[2026-04-30 03:17:22]   ─ α=+12.00 (a+12.00) ─
[2026-04-30 03:17:22]     [73/576] E1-confabulation: generating (cap=2048)...
[2026-04-30 03:18:10]       done 48.0s  ntok=1105  hit_cap=False  think=4781c  ans=289c  ETA 16h 50m
[2026-04-30 03:18:10]     [74/576] E2-contested-science: generating (cap=2048)...
[2026-04-30 03:19:02]       done 52.2s  ntok=1205  hit_cap=False  think=4209c  ans=1495c  ETA 16h 40m
[2026-04-30 03:19:02]     [75/576] E3-bayesian-update: generating (cap=8192)...
[2026-04-30 03:25:19]       done 377.3s  ntok=8192  hit_cap=True  think=0c  ans=35632c  ETA 17h 07m
[2026-04-30 03:25:19]     [76/576] E4-taxi-social: generating (cap=8192)...
[2026-04-30 03:31:35]       done 376.0s  ntok=8192  hit_cap=True  think=0c  ans=41892c  ETA 17h 33m
[2026-04-30 03:31:35]     [77/576] E5-ecological-fallacy: generating (cap=2048)...
[2026-04-30 03:32:20]       done 44.9s  ntok=1035  hit_cap=False  think=2526c  ans=2587c  ETA 17h 22m
[2026-04-30 03:32:20]     [78/576] N1-simpsons-paradox: generating (cap=4096)...
[2026-04-30 03:33:08]       done 48.0s  ntok=1099  hit_cap=False  think=4023c  ans=1194c  ETA 17h 11m
[2026-04-30 03:33:08]     [79/576] N2-conjunction-fallacy: generating (cap=2048)...
[2026-04-30 03:34:37]       done 89.3s  ntok=2048  hit_cap=True  think=0c  ans=9962c  ETA 17h 06m
[2026-04-30 03:34:37]     [80/576] N3-survivorship-bias: generating (cap=2048)...
[2026-04-30 03:35:33]       done 56.0s  ntok=1288  hit_cap=False  think=3478c  ans=2686c  ETA 16h 56m
[2026-04-30 03:35:33]   ─ α=+16.00 (a+16.00) ─
[2026-04-30 03:35:33]     [81/576] E1-confabulation: generating (cap=2048)...
[2026-04-30 03:36:38]       done 64.5s  ntok=1475  hit_cap=False  think=6466c  ans=244c  ETA 16h 48m
[2026-04-30 03:36:38]     [82/576] E2-contested-science: generating (cap=2048)...
[2026-04-30 03:37:24]       done 45.8s  ntok=1046  hit_cap=False  think=3849c  ans=1713c  ETA 16h 39m
[2026-04-30 03:37:24]     [83/576] E3-bayesian-update: generating (cap=8192)...
[2026-04-30 03:43:39]       done 375.5s  ntok=8192  hit_cap=True  think=13783c  ans=25726c  ETA 17h 02m
[2026-04-30 03:43:39]     [84/576] E4-taxi-social: generating (cap=8192)...
[2026-04-30 03:49:56]       done 376.6s  ntok=8192  hit_cap=True  think=0c  ans=37772c  ETA 17h 24m
[2026-04-30 03:49:56]     [85/576] E5-ecological-fallacy: generating (cap=2048)...
[2026-04-30 03:50:38]       done 42.6s  ntok=984  hit_cap=False  think=3113c  ans=1972c  ETA 17h 14m
[2026-04-30 03:50:38]     [86/576] N1-simpsons-paradox: generating (cap=4096)...
[2026-04-30 03:51:34]       done 55.3s  ntok=1270  hit_cap=False  think=3885c  ans=1933c  ETA 17h 05m
[2026-04-30 03:51:34]     [87/576] N2-conjunction-fallacy: generating (cap=2048)...
[2026-04-30 03:53:02]       done 88.9s  ntok=2048  hit_cap=True  think=0c  ans=9206c  ETA 17h 00m
[2026-04-30 03:53:02]     [88/576] N3-survivorship-bias: generating (cap=2048)...
[2026-04-30 03:53:57]       done 54.5s  ntok=1252  hit_cap=False  think=3648c  ans=2361c  ETA 16h 51m
[2026-04-30 03:53:57]   ─ α=+20.00 (a+20.00) ─
[2026-04-30 03:53:57]     [89/576] E1-confabulation: generating (cap=2048)...
[2026-04-30 03:54:30]       done 33.2s  ntok=764  hit_cap=False  think=3104c  ans=259c  ETA 16h 41m
[2026-04-30 03:54:30]     [90/576] E2-contested-science: generating (cap=2048)...
[2026-04-30 03:55:13]       done 42.3s  ntok=973  hit_cap=False  think=3393c  ans=1399c  ETA 16h 31m
[2026-04-30 03:55:13]     [91/576] E3-bayesian-update: generating (cap=8192)...
[2026-04-30 03:57:14]       done 121.9s  ntok=2806  hit_cap=False  think=6804c  ans=1815c  ETA 16h 29m
[2026-04-30 03:57:14]     [92/576] E4-taxi-social: generating (cap=8192)...
[2026-04-30 03:59:03]       done 108.6s  ntok=2499  hit_cap=False  think=8769c  ans=1670c  ETA 16h 26m
[2026-04-30 03:59:03]     [93/576] E5-ecological-fallacy: generating (cap=2048)...
[2026-04-30 03:59:37]       done 33.6s  ntok=772  hit_cap=False  think=2598c  ans=1343c  ETA 16h 16m
[2026-04-30 03:59:37]     [94/576] N1-simpsons-paradox: generating (cap=4096)...
[2026-04-30 04:00:20]       done 42.8s  ntok=985  hit_cap=False  think=3658c  ans=1116c  ETA 16h 08m
[2026-04-30 04:00:20]     [95/576] N2-conjunction-fallacy: generating (cap=2048)...
[2026-04-30 04:01:49]       done 89.1s  ntok=2048  hit_cap=True  think=0c  ans=8913c  ETA 16h 03m
[2026-04-30 04:01:49]     [96/576] N3-survivorship-bias: generating (cap=2048)...
[2026-04-30 04:02:39]       done 50.5s  ntok=1162  hit_cap=False  think=2935c  ans=2603c  ETA 15h 55m
[2026-04-30 04:02:39] ════════════════════════════════════════════════════════════════════════
[2026-04-30 04:02:39] VECTOR EG_L21 — corpus=triplets-evidence-grounding  layer=L21  norm=11.74
[2026-04-30 04:02:39]   ─ α=-8.00 (a-08.00) ─
[2026-04-30 04:02:39]     [97/576] E1-confabulation: generating (cap=2048)...
[2026-04-30 04:04:08]       done 88.6s  ntok=2048  hit_cap=True  think=0c  ans=9482c  ETA 15h 51m
[2026-04-30 04:04:08]     [98/576] E2-contested-science: generating (cap=2048)...
[2026-04-30 04:04:55]       done 47.4s  ntok=1087  hit_cap=False  think=3142c  ans=2078c  ETA 15h 43m
[2026-04-30 04:04:55]     [99/576] E3-bayesian-update: generating (cap=8192)...
[2026-04-30 04:11:10]       done 375.0s  ntok=8192  hit_cap=True  think=0c  ans=37106c  ETA 16h 01m
[2026-04-30 04:11:10]     [100/576] E4-taxi-social: generating (cap=8192)...
[2026-04-30 04:17:26]       done 375.9s  ntok=8192  hit_cap=True  think=0c  ans=42820c  ETA 16h 20m
[2026-04-30 04:17:26]     [101/576] E5-ecological-fallacy: generating (cap=2048)...
[2026-04-30 04:18:04]       done 37.6s  ntok=859  hit_cap=False  think=2224c  ans=2085c  ETA 16h 11m
[2026-04-30 04:18:04]     [102/576] N1-simpsons-paradox: generating (cap=4096)...
[2026-04-30 04:20:34]       done 150.3s  ntok=3444  hit_cap=False  think=14983c  ans=1499c  ETA 16h 11m
[2026-04-30 04:20:34]     [103/576] N2-conjunction-fallacy: generating (cap=2048)...
[2026-04-30 04:22:03]       done 89.4s  ntok=2048  hit_cap=True  think=0c  ans=9177c  ETA 16h 06m
[2026-04-30 04:22:03]     [104/576] N3-survivorship-bias: generating (cap=2048)...
[2026-04-30 04:23:12]       done 68.9s  ntok=1590  hit_cap=False  think=5340c  ans=2352c  ETA 16h 00m
[2026-04-30 04:23:12]   ─ α=-4.00 (a-04.00) ─
[2026-04-30 04:23:12]     [105/576] E1-confabulation: generating (cap=2048)...
[2026-04-30 04:24:26]       done 74.0s  ntok=1705  hit_cap=False  think=7567c  ans=220c  ETA 15h 55m
[2026-04-30 04:24:26]     [106/576] E2-contested-science: generating (cap=2048)...
[2026-04-30 04:25:09]       done 42.3s  ntok=978  hit_cap=False  think=3265c  ans=1693c  ETA 15h 47m
[2026-04-30 04:25:09]     [107/576] E3-bayesian-update: generating (cap=8192)...
[2026-04-30 04:31:24]       done 375.0s  ntok=8192  hit_cap=True  think=0c  ans=39699c  ETA 16h 03m
[2026-04-30 04:31:24]     [108/576] E4-taxi-social: generating (cap=8192)...
[2026-04-30 04:37:40]       done 376.3s  ntok=8192  hit_cap=True  think=0c  ans=42303c  ETA 16h 19m
[2026-04-30 04:37:40]     [109/576] E5-ecological-fallacy: generating (cap=2048)...
[2026-04-30 04:38:18]       done 38.6s  ntok=881  hit_cap=False  think=2974c  ans=1659c  ETA 16h 11m
[2026-04-30 04:38:18]     [110/576] N1-simpsons-paradox: generating (cap=4096)...
[2026-04-30 04:40:52]       done 153.5s  ntok=3481  hit_cap=False  think=13584c  ans=1445c  ETA 16h 11m
[2026-04-30 04:40:52]     [111/576] N2-conjunction-fallacy: generating (cap=2048)...
[2026-04-30 04:42:22]       done 90.0s  ntok=2048  hit_cap=True  think=0c  ans=8928c  ETA 16h 07m
[2026-04-30 04:42:22]     [112/576] N3-survivorship-bias: generating (cap=2048)...
[2026-04-30 04:43:23]       done 60.8s  ntok=1389  hit_cap=False  think=3990c  ans=2834c  ETA 16h 00m
[2026-04-30 04:43:23]   ─ α=-2.00 (a-02.00) ─
[2026-04-30 04:43:23]     [113/576] E1-confabulation: generating (cap=2048)...
[2026-04-30 04:44:29]       done 66.2s  ntok=1516  hit_cap=False  think=6499c  ans=205c  ETA 15h 54m
[2026-04-30 04:44:29]     [114/576] E2-contested-science: generating (cap=2048)...
[2026-04-30 04:45:03]       done 33.7s  ntok=770  hit_cap=False  think=2274c  ans=1627c  ETA 15h 46m
[2026-04-30 04:45:03]     [115/576] E3-bayesian-update: generating (cap=8192)...
[2026-04-30 04:51:20]       done 377.1s  ntok=8192  hit_cap=True  think=0c  ans=40900c  ETA 16h 01m
[2026-04-30 04:51:20]     [116/576] E4-taxi-social: generating (cap=8192)...
[2026-04-30 04:57:39]       done 378.6s  ntok=8192  hit_cap=True  think=0c  ans=42055c  ETA 16h 15m
[2026-04-30 04:57:39]     [117/576] E5-ecological-fallacy: generating (cap=2048)...
[2026-04-30 04:58:29]       done 50.2s  ntok=1139  hit_cap=False  think=3342c  ans=2385c  ETA 16h 08m
[2026-04-30 04:58:29]     [118/576] N1-simpsons-paradox: generating (cap=4096)...
[2026-04-30 05:00:21]       done 112.0s  ntok=2552  hit_cap=False  think=10433c  ans=1627c  ETA 16h 05m
[2026-04-30 05:00:21]     [119/576] N2-conjunction-fallacy: generating (cap=2048)...
[2026-04-30 05:01:50]       done 88.9s  ntok=2048  hit_cap=True  think=0c  ans=9172c  ETA 16h 01m
[2026-04-30 05:01:50]     [120/576] N3-survivorship-bias: generating (cap=2048)...
[2026-04-30 05:02:58]       done 68.5s  ntok=1569  hit_cap=False  think=4803c  ans=2850c  ETA 15h 55m
[2026-04-30 05:02:58]   ─ α=+1.00 (a+01.00) ─
[2026-04-30 05:02:58]     [121/576] E1-confabulation: generating (cap=2048)...
[2026-04-30 05:04:28]       done 89.6s  ntok=2048  hit_cap=True  think=0c  ans=8667c  ETA 15h 51m
[2026-04-30 05:04:28]     [122/576] E2-contested-science: generating (cap=2048)...
[2026-04-30 05:05:02]       done 34.8s  ntok=800  hit_cap=False  think=2638c  ans=1393c  ETA 15h 43m
[2026-04-30 05:05:02]     [123/576] E3-bayesian-update: generating (cap=8192)...
[2026-04-30 05:11:19]       done 376.6s  ntok=8192  hit_cap=True  think=0c  ans=39705c  ETA 15h 56m
[2026-04-30 05:11:19]     [124/576] E4-taxi-social: generating (cap=8192)...
[2026-04-30 05:14:03]       done 163.8s  ntok=3729  hit_cap=False  think=13571c  ans=1646c  ETA 15h 56m
[2026-04-30 05:14:03]     [125/576] E5-ecological-fallacy: generating (cap=2048)...
[2026-04-30 05:14:41]       done 38.1s  ntok=868  hit_cap=False  think=2516c  ans=1925c  ETA 15h 49m
[2026-04-30 05:14:41]     [126/576] N1-simpsons-paradox: generating (cap=4096)...
[2026-04-30 05:15:57]       done 76.0s  ntok=1739  hit_cap=False  think=5709c  ans=1862c  ETA 15h 44m
[2026-04-30 05:15:57]     [127/576] N2-conjunction-fallacy: generating (cap=2048)...
[2026-04-30 05:17:27]       done 89.8s  ntok=2048  hit_cap=True  think=0c  ans=9380c  ETA 15h 40m
[2026-04-30 05:17:27]     [128/576] N3-survivorship-bias: generating (cap=2048)...
[2026-04-30 05:18:30]       done 63.3s  ntok=1447  hit_cap=False  think=4332c  ans=2978c  ETA 15h 34m
[2026-04-30 05:18:30]   ─ α=+2.00 (a+02.00) ─
[2026-04-30 05:18:30]     [129/576] E1-confabulation: generating (cap=2048)...
[2026-04-30 05:19:26]       done 56.0s  ntok=1278  hit_cap=False  think=5321c  ans=362c  ETA 15h 28m
[2026-04-30 05:19:26]     [130/576] E2-contested-science: generating (cap=2048)...
[2026-04-30 05:19:59]       done 32.7s  ntok=750  hit_cap=False  think=2578c  ans=1084c  ETA 15h 21m
[2026-04-30 05:19:59]     [131/576] E3-bayesian-update: generating (cap=8192)...
[2026-04-30 05:26:15]       done 376.3s  ntok=8192  hit_cap=True  think=0c  ans=37628c  ETA 15h 33m
[2026-04-30 05:26:15]     [132/576] E4-taxi-social: generating (cap=8192)...
[2026-04-30 05:32:34]       done 378.6s  ntok=8192  hit_cap=True  think=16036c  ans=26153c  ETA 15h 45m
[2026-04-30 05:32:34]     [133/576] E5-ecological-fallacy: generating (cap=2048)...
[2026-04-30 05:33:21]       done 47.2s  ntok=1072  hit_cap=False  think=3484c  ans=1982c  ETA 15h 38m
[2026-04-30 05:33:21]     [134/576] N1-simpsons-paradox: generating (cap=4096)...
[2026-04-30 05:35:38]       done 137.1s  ntok=3131  hit_cap=False  think=11681c  ans=2108c  ETA 15h 37m
[2026-04-30 05:35:38]     [135/576] N2-conjunction-fallacy: generating (cap=2048)...
[2026-04-30 05:37:08]       done 89.9s  ntok=2048  hit_cap=True  think=0c  ans=9164c  ETA 15h 33m
[2026-04-30 05:37:08]     [136/576] N3-survivorship-bias: generating (cap=2048)...
[2026-04-30 05:38:12]       done 63.6s  ntok=1455  hit_cap=False  think=3554c  ans=3089c  ETA 15h 27m
[2026-04-30 05:38:12]   ─ α=+4.00 (a+04.00) ─
[2026-04-30 05:38:12]     [137/576] E1-confabulation: generating (cap=2048)...
[2026-04-30 05:38:55]       done 43.1s  ntok=989  hit_cap=False  think=4251c  ans=353c  ETA 15h 20m
[2026-04-30 05:38:55]     [138/576] E2-contested-science: generating (cap=2048)...
[2026-04-30 05:39:35]       done 39.5s  ntok=907  hit_cap=False  think=2855c  ans=1582c  ETA 15h 14m
[2026-04-30 05:39:35]     [139/576] E3-bayesian-update: generating (cap=8192)...
[2026-04-30 05:41:28]       done 113.4s  ntok=2576  hit_cap=False  think=7225c  ans=1404c  ETA 15h 11m
[2026-04-30 05:41:28]     [140/576] E4-taxi-social: generating (cap=8192)...
[2026-04-30 05:43:01]       done 92.9s  ntok=2121  hit_cap=False  think=6950c  ans=1851c  ETA 15h 07m
[2026-04-30 05:43:01]     [141/576] E5-ecological-fallacy: generating (cap=2048)...
[2026-04-30 05:43:43]       done 42.0s  ntok=962  hit_cap=False  think=2695c  ans=2169c  ETA 15h 01m
[2026-04-30 05:43:43]     [142/576] N1-simpsons-paradox: generating (cap=4096)...
[2026-04-30 05:45:28]       done 105.5s  ntok=2407  hit_cap=False  think=10022c  ans=1628c  ETA 14h 58m
[2026-04-30 05:45:28]     [143/576] N2-conjunction-fallacy: generating (cap=2048)...
[2026-04-30 05:46:58]       done 89.7s  ntok=2048  hit_cap=True  think=0c  ans=8214c  ETA 14h 54m
[2026-04-30 05:46:58]     [144/576] N3-survivorship-bias: generating (cap=2048)...
[2026-04-30 05:48:10]       done 71.8s  ntok=1637  hit_cap=False  think=4863c  ans=3011c  ETA 14h 49m
[2026-04-30 05:48:10]   ─ α=+6.00 (a+06.00) ─
[2026-04-30 05:48:10]     [145/576] E1-confabulation: generating (cap=2048)...
[2026-04-30 05:48:43]       done 32.9s  ntok=750  hit_cap=False  think=3086c  ans=227c  ETA 14h 43m
[2026-04-30 05:48:43]     [146/576] E2-contested-science: generating (cap=2048)...
[2026-04-30 05:49:47]       done 64.0s  ntok=1463  hit_cap=False  think=5338c  ans=1744c  ETA 14h 38m
[2026-04-30 05:49:47]     [147/576] E3-bayesian-update: generating (cap=8192)...
[2026-04-30 05:52:06]       done 138.7s  ntok=3167  hit_cap=False  think=8106c  ans=1724c  ETA 14h 37m
[2026-04-30 05:52:06]     [148/576] E4-taxi-social: generating (cap=8192)...
[2026-04-30 05:54:37]       done 151.6s  ntok=3473  hit_cap=False  think=13011c  ans=1760c  ETA 14h 36m
[2026-04-30 05:54:37]     [149/576] E5-ecological-fallacy: generating (cap=2048)...
[2026-04-30 05:55:17]       done 40.3s  ntok=928  hit_cap=False  think=2667c  ans=2082c  ETA 14h 30m
[2026-04-30 05:55:17]     [150/576] N1-simpsons-paradox: generating (cap=4096)...
[2026-04-30 05:56:59]       done 101.6s  ntok=2327  hit_cap=False  think=8409c  ans=2077c  ETA 14h 27m
[2026-04-30 05:56:59]     [151/576] N2-conjunction-fallacy: generating (cap=2048)...
[2026-04-30 05:58:29]       done 89.8s  ntok=2048  hit_cap=True  think=0c  ans=9336c  ETA 14h 23m
[2026-04-30 05:58:29]     [152/576] N3-survivorship-bias: generating (cap=2048)...
[2026-04-30 05:59:27]       done 58.1s  ntok=1334  hit_cap=False  think=3760c  ans=2759c  ETA 14h 18m
[2026-04-30 05:59:27]   ─ α=+8.00 (a+08.00) ─
[2026-04-30 05:59:27]     [153/576] E1-confabulation: generating (cap=2048)...
[2026-04-30 06:00:11]       done 43.9s  ntok=1010  hit_cap=False  think=4234c  ans=248c  ETA 14h 13m
[2026-04-30 06:00:11]     [154/576] E2-contested-science: generating (cap=2048)...
[2026-04-30 06:01:11]       done 60.5s  ntok=1382  hit_cap=False  think=5639c  ans=1345c  ETA 14h 08m
[2026-04-30 06:01:11]     [155/576] E3-bayesian-update: generating (cap=8192)...
[2026-04-30 06:07:30]       done 378.2s  ntok=8192  hit_cap=True  think=0c  ans=35830c  ETA 14h 18m
[2026-04-30 06:07:30]     [156/576] E4-taxi-social: generating (cap=8192)...
[2026-04-30 06:09:52]       done 142.1s  ntok=3225  hit_cap=False  think=11920c  ans=1861c  ETA 14h 17m
[2026-04-30 06:09:52]     [157/576] E5-ecological-fallacy: generating (cap=2048)...
[2026-04-30 06:10:49]       done 57.6s  ntok=1318  hit_cap=False  think=4400c  ans=2345c  ETA 14h 12m
[2026-04-30 06:10:49]     [158/576] N1-simpsons-paradox: generating (cap=4096)...
[2026-04-30 06:11:42]       done 53.2s  ntok=1207  hit_cap=False  think=3814c  ans=1696c  ETA 14h 07m
[2026-04-30 06:11:42]     [159/576] N2-conjunction-fallacy: generating (cap=2048)...
[2026-04-30 06:13:12]       done 89.9s  ntok=2048  hit_cap=True  think=0c  ans=9182c  ETA 14h 03m
[2026-04-30 06:13:12]     [160/576] N3-survivorship-bias: generating (cap=2048)...
[2026-04-30 06:14:12]       done 59.2s  ntok=1359  hit_cap=False  think=3762c  ans=2806c  ETA 13h 58m
[2026-04-30 06:14:12]   ─ α=+10.00 (a+10.00) ─
[2026-04-30 06:14:12]     [161/576] E1-confabulation: generating (cap=2048)...
[2026-04-30 06:15:02]       done 50.5s  ntok=1154  hit_cap=False  think=5158c  ans=353c  ETA 13h 53m
[2026-04-30 06:15:02]     [162/576] E2-contested-science: generating (cap=2048)...
[2026-04-30 06:15:47]       done 45.4s  ntok=1042  hit_cap=False  think=3886c  ans=1323c  ETA 13h 48m
[2026-04-30 06:15:47]     [163/576] E3-bayesian-update: generating (cap=8192)...
[2026-04-30 06:17:41]       done 113.3s  ntok=2591  hit_cap=False  think=6592c  ans=1531c  ETA 13h 46m
[2026-04-30 06:17:41]     [164/576] E4-taxi-social: generating (cap=8192)...
[2026-04-30 06:23:59]       done 378.4s  ntok=8192  hit_cap=True  think=15993c  ans=25880c  ETA 13h 55m
[2026-04-30 06:23:59]     [165/576] E5-ecological-fallacy: generating (cap=2048)...
[2026-04-30 06:24:35]       done 35.3s  ntok=807  hit_cap=False  think=2530c  ans=1687c  ETA 13h 49m
[2026-04-30 06:24:35]     [166/576] N1-simpsons-paradox: generating (cap=4096)...
[2026-04-30 06:25:25]       done 50.5s  ntok=1156  hit_cap=False  think=3575c  ans=1707c  ETA 13h 44m
[2026-04-30 06:25:25]     [167/576] N2-conjunction-fallacy: generating (cap=2048)...
[2026-04-30 06:26:55]       done 89.5s  ntok=2048  hit_cap=True  think=0c  ans=9551c  ETA 13h 41m
[2026-04-30 06:26:55]     [168/576] N3-survivorship-bias: generating (cap=2048)...
[2026-04-30 06:27:56]       done 61.0s  ntok=1392  hit_cap=False  think=4011c  ans=2674c  ETA 13h 36m
[2026-04-30 06:27:56]   ─ α=+12.00 (a+12.00) ─
[2026-04-30 06:27:56]     [169/576] E1-confabulation: generating (cap=2048)...
[2026-04-30 06:29:12]       done 76.5s  ntok=1755  hit_cap=False  think=6949c  ans=320c  ETA 13h 33m
[2026-04-30 06:29:12]     [170/576] E2-contested-science: generating (cap=2048)...
[2026-04-30 06:30:30]       done 78.1s  ntok=1792  hit_cap=False  think=7202c  ans=1630c  ETA 13h 29m
[2026-04-30 06:30:30]     [171/576] E3-bayesian-update: generating (cap=8192)...
[2026-04-30 06:36:48]       done 377.8s  ntok=8192  hit_cap=True  think=0c  ans=40907c  ETA 13h 37m
[2026-04-30 06:36:48]     [172/576] E4-taxi-social: generating (cap=8192)...
[2026-04-30 06:39:14]       done 146.2s  ntok=3321  hit_cap=False  think=12423c  ans=1563c  ETA 13h 36m
[2026-04-30 06:39:14]     [173/576] E5-ecological-fallacy: generating (cap=2048)...
[2026-04-30 06:39:48]       done 34.2s  ntok=778  hit_cap=False  think=2793c  ans=1271c  ETA 13h 31m
[2026-04-30 06:39:48]     [174/576] N1-simpsons-paradox: generating (cap=4096)...
[2026-04-30 06:41:01]       done 72.7s  ntok=1667  hit_cap=False  think=5242c  ans=1918c  ETA 13h 27m
[2026-04-30 06:41:01]     [175/576] N2-conjunction-fallacy: generating (cap=2048)...
[2026-04-30 06:42:30]       done 89.4s  ntok=2048  hit_cap=True  think=0c  ans=9323c  ETA 13h 24m
[2026-04-30 06:42:30]     [176/576] N3-survivorship-bias: generating (cap=2048)...
[2026-04-30 06:43:49]       done 78.6s  ntok=1798  hit_cap=False  think=4948c  ans=3715c  ETA 13h 20m
[2026-04-30 06:43:49]   ─ α=+16.00 (a+16.00) ─
[2026-04-30 06:43:49]     [177/576] E1-confabulation: generating (cap=2048)...
[2026-04-30 06:44:28]       done 39.0s  ntok=895  hit_cap=False  think=3565c  ans=249c  ETA 13h 15m
[2026-04-30 06:44:28]     [178/576] E2-contested-science: generating (cap=2048)...
[2026-04-30 06:45:20]       done 51.8s  ntok=1184  hit_cap=False  think=4930c  ans=1027c  ETA 13h 11m
[2026-04-30 06:45:20]     [179/576] E3-bayesian-update: generating (cap=8192)...
[2026-04-30 06:47:35]       done 135.2s  ntok=3096  hit_cap=False  think=8716c  ans=1887c  ETA 13h 09m
[2026-04-30 06:47:35]     [180/576] E4-taxi-social: generating (cap=8192)...
[2026-04-30 06:50:08]       done 153.0s  ntok=3499  hit_cap=False  think=12419c  ans=1746c  ETA 13h 08m
[2026-04-30 06:50:08]     [181/576] E5-ecological-fallacy: generating (cap=2048)...
[2026-04-30 06:50:34]       done 26.0s  ntok=594  hit_cap=False  think=1974c  ans=1065c  ETA 13h 03m
[2026-04-30 06:50:34]     [182/576] N1-simpsons-paradox: generating (cap=4096)...
[2026-04-30 06:51:52]       done 77.6s  ntok=1773  hit_cap=False  think=5022c  ans=2128c  ETA 13h 00m
[2026-04-30 06:51:52]     [183/576] N2-conjunction-fallacy: generating (cap=2048)...
[2026-04-30 06:53:23]       done 90.6s  ntok=2048  hit_cap=True  think=0c  ans=8614c  ETA 12h 57m
[2026-04-30 06:53:23]     [184/576] N3-survivorship-bias: generating (cap=2048)...
[2026-04-30 06:54:24]       done 61.3s  ntok=1375  hit_cap=False  think=3913c  ans=2652c  ETA 12h 53m
[2026-04-30 06:54:24]   ─ α=+20.00 (a+20.00) ─
[2026-04-30 06:54:24]     [185/576] E1-confabulation: generating (cap=2048)...
[2026-04-30 06:55:16]       done 52.1s  ntok=1178  hit_cap=False  think=4437c  ans=263c  ETA 12h 48m
[2026-04-30 06:55:16]     [186/576] E2-contested-science: generating (cap=2048)...
[2026-04-30 06:56:29]       done 73.1s  ntok=1663  hit_cap=False  think=6973c  ans=1271c  ETA 12h 45m
[2026-04-30 06:56:29]     [187/576] E3-bayesian-update: generating (cap=8192)...
[2026-04-30 07:02:47]       done 377.7s  ntok=8192  hit_cap=True  think=0c  ans=37302c  ETA 12h 52m
[2026-04-30 07:02:47]     [188/576] E4-taxi-social: generating (cap=8192)...
[2026-04-30 07:09:07]       done 379.8s  ntok=8192  hit_cap=True  think=15935c  ans=25533c  ETA 12h 59m
[2026-04-30 07:09:07]     [189/576] E5-ecological-fallacy: generating (cap=2048)...
[2026-04-30 07:09:43]       done 36.6s  ntok=831  hit_cap=False  think=2771c  ans=1375c  ETA 12h 54m
[2026-04-30 07:09:43]     [190/576] N1-simpsons-paradox: generating (cap=4096)...
[2026-04-30 07:10:55]       done 71.9s  ntok=1628  hit_cap=False  think=4831c  ans=1836c  ETA 12h 50m
[2026-04-30 07:10:55]     [191/576] N2-conjunction-fallacy: generating (cap=2048)...
[2026-04-30 07:12:26]       done 90.5s  ntok=2048  hit_cap=True  think=0c  ans=8961c  ETA 12h 47m
[2026-04-30 07:12:26]     [192/576] N3-survivorship-bias: generating (cap=2048)...
[2026-04-30 07:13:40]       done 74.7s  ntok=1697  hit_cap=False  think=4707c  ans=3227c  ETA 12h 44m
[2026-04-30 07:13:40] ════════════════════════════════════════════════════════════════════════
[2026-04-30 07:13:40] VECTOR RT_L21 — corpus=triplets-reasoning-transparency  layer=L21  norm=9.20
[2026-04-30 07:13:40]   ─ α=-8.00 (a-08.00) ─
[2026-04-30 07:13:40]     [193/576] E1-confabulation: generating (cap=2048)...
[2026-04-30 07:14:43]       done 62.7s  ntok=1423  hit_cap=False  think=6840c  ans=261c  ETA 12h 40m
[2026-04-30 07:14:43]     [194/576] E2-contested-science: generating (cap=2048)...
[2026-04-30 07:15:42]       done 59.5s  ntok=1351  hit_cap=False  think=4853c  ans=2139c  ETA 12h 36m
[2026-04-30 07:15:42]     [195/576] E3-bayesian-update: generating (cap=8192)...
[2026-04-30 07:22:02]       done 379.2s  ntok=8192  hit_cap=True  think=11311c  ans=26516c  ETA 12h 42m
[2026-04-30 07:22:02]     [196/576] E4-taxi-social: generating (cap=8192)...
[2026-04-30 07:28:20]       done 378.4s  ntok=8192  hit_cap=True  think=0c  ans=41633c  ETA 12h 49m
[2026-04-30 07:28:20]     [197/576] E5-ecological-fallacy: generating (cap=2048)...
[2026-04-30 07:29:12]       done 52.1s  ntok=1191  hit_cap=False  think=4101c  ans=2165c  ETA 12h 45m
[2026-04-30 07:29:12]     [198/576] N1-simpsons-paradox: generating (cap=4096)...
[2026-04-30 07:31:20]       done 128.0s  ntok=2916  hit_cap=False  think=12300c  ans=1280c  ETA 12h 43m
[2026-04-30 07:31:20]     [199/576] N2-conjunction-fallacy: generating (cap=2048)...
[2026-04-30 07:32:50]       done 90.1s  ntok=2048  hit_cap=True  think=0c  ans=9566c  ETA 12h 40m
[2026-04-30 07:32:50]     [200/576] N3-survivorship-bias: generating (cap=2048)...
[2026-04-30 07:33:55]       done 64.6s  ntok=1471  hit_cap=False  think=4438c  ans=2911c  ETA 12h 36m
[2026-04-30 07:33:55]   ─ α=-4.00 (a-04.00) ─
[2026-04-30 07:33:55]     [201/576] E1-confabulation: generating (cap=2048)...
[2026-04-30 07:34:50]       done 54.8s  ntok=1254  hit_cap=False  think=5984c  ans=363c  ETA 12h 32m
[2026-04-30 07:34:50]     [202/576] E2-contested-science: generating (cap=2048)...
[2026-04-30 07:35:43]       done 53.8s  ntok=1234  hit_cap=False  think=4393c  ans=1816c  ETA 12h 28m
[2026-04-30 07:35:43]     [203/576] E3-bayesian-update: generating (cap=8192)...
[2026-04-30 07:38:00]       done 136.5s  ntok=3118  hit_cap=False  think=10956c  ans=1162c  ETA 12h 26m
[2026-04-30 07:38:00]     [204/576] E4-taxi-social: generating (cap=8192)...
[2026-04-30 07:44:18]       done 377.7s  ntok=8192  hit_cap=True  think=0c  ans=43094c  ETA 12h 32m
[2026-04-30 07:44:18]     [205/576] E5-ecological-fallacy: generating (cap=2048)...
[2026-04-30 07:45:12]       done 54.1s  ntok=1232  hit_cap=False  think=4082c  ans=2459c  ETA 12h 28m
[2026-04-30 07:45:12]     [206/576] N1-simpsons-paradox: generating (cap=4096)...
[2026-04-30 07:46:00]       done 48.0s  ntok=1096  hit_cap=False  think=3427c  ans=1388c  ETA 12h 24m
[2026-04-30 07:46:00]     [207/576] N2-conjunction-fallacy: generating (cap=2048)...
[2026-04-30 07:47:29]       done 89.8s  ntok=2048  hit_cap=True  think=0c  ans=9191c  ETA 12h 21m
[2026-04-30 07:47:29]     [208/576] N3-survivorship-bias: generating (cap=2048)...
[2026-04-30 07:48:35]       done 65.3s  ntok=1485  hit_cap=False  think=4460c  ans=2908c  ETA 12h 17m
[2026-04-30 07:48:35]   ─ α=-2.00 (a-02.00) ─
[2026-04-30 07:48:35]     [209/576] E1-confabulation: generating (cap=2048)...
[2026-04-30 07:49:16]       done 41.5s  ntok=945  hit_cap=False  think=4438c  ans=274c  ETA 12h 13m
[2026-04-30 07:49:16]     [210/576] E2-contested-science: generating (cap=2048)...
[2026-04-30 07:49:52]       done 35.6s  ntok=809  hit_cap=False  think=2717c  ans=1323c  ETA 12h 09m
[2026-04-30 07:49:52]     [211/576] E3-bayesian-update: generating (cap=8192)...
[2026-04-30 07:52:37]       done 165.6s  ntok=3765  hit_cap=False  think=10654c  ans=1486c  ETA 12h 08m
[2026-04-30 07:52:37]     [212/576] E4-taxi-social: generating (cap=8192)...
[2026-04-30 07:54:43]       done 125.2s  ntok=2846  hit_cap=False  think=9786c  ans=1653c  ETA 12h 06m
[2026-04-30 07:54:43]     [213/576] E5-ecological-fallacy: generating (cap=2048)...
[2026-04-30 07:55:34]       done 51.4s  ntok=1171  hit_cap=False  think=4053c  ans=2091c  ETA 12h 02m
[2026-04-30 07:55:34]     [214/576] N1-simpsons-paradox: generating (cap=4096)...
[2026-04-30 07:56:21]       done 47.0s  ntok=1076  hit_cap=False  think=3196c  ans=1807c  ETA 11h 58m
[2026-04-30 07:56:21]     [215/576] N2-conjunction-fallacy: generating (cap=2048)...
[2026-04-30 07:57:51]       done 90.2s  ntok=2048  hit_cap=True  think=0c  ans=9294c  ETA 11h 55m
[2026-04-30 07:57:51]     [216/576] N3-survivorship-bias: generating (cap=2048)...
[2026-04-30 07:58:51]       done 59.3s  ntok=1352  hit_cap=False  think=4044c  ans=2766c  ETA 11h 52m
[2026-04-30 07:58:51]   ─ α=+1.00 (a+01.00) ─
[2026-04-30 07:58:51]     [217/576] E1-confabulation: generating (cap=2048)...
[2026-04-30 08:00:20]       done 89.7s  ntok=2048  hit_cap=True  think=0c  ans=9219c  ETA 11h 49m
[2026-04-30 08:00:20]     [218/576] E2-contested-science: generating (cap=2048)...
[2026-04-30 08:01:02]       done 41.9s  ntok=956  hit_cap=False  think=3386c  ans=1440c  ETA 11h 45m
[2026-04-30 08:01:02]     [219/576] E3-bayesian-update: generating (cap=8192)...
[2026-04-30 08:02:46]       done 104.0s  ntok=2371  hit_cap=False  think=5681c  ans=1707c  ETA 11h 42m
[2026-04-30 08:02:46]     [220/576] E4-taxi-social: generating (cap=8192)...
[2026-04-30 08:09:05]       done 378.4s  ntok=8192  hit_cap=True  think=0c  ans=42654c  ETA 11h 48m
[2026-04-30 08:09:05]     [221/576] E5-ecological-fallacy: generating (cap=2048)...
[2026-04-30 08:09:43]       done 38.4s  ntok=871  hit_cap=False  think=2506c  ans=1933c  ETA 11h 43m
[2026-04-30 08:09:43]     [222/576] N1-simpsons-paradox: generating (cap=4096)...
[2026-04-30 08:10:42]       done 58.9s  ntok=1334  hit_cap=False  think=3936c  ans=2014c  ETA 11h 40m
[2026-04-30 08:10:42]     [223/576] N2-conjunction-fallacy: generating (cap=2048)...
[2026-04-30 08:12:12]       done 90.0s  ntok=2048  hit_cap=True  think=0c  ans=9296c  ETA 11h 37m
[2026-04-30 08:12:12]     [224/576] N3-survivorship-bias: generating (cap=2048)...
[2026-04-30 08:13:14]       done 62.1s  ntok=1415  hit_cap=False  think=4226c  ans=2861c  ETA 11h 34m
[2026-04-30 08:13:14]   ─ α=+2.00 (a+02.00) ─
[2026-04-30 08:13:14]     [225/576] E1-confabulation: generating (cap=2048)...
[2026-04-30 08:14:44]       done 89.9s  ntok=2048  hit_cap=True  think=8411c  ans=245c  ETA 11h 31m
[2026-04-30 08:14:44]     [226/576] E2-contested-science: generating (cap=2048)...
[2026-04-30 08:15:24]       done 39.8s  ntok=914  hit_cap=False  think=3020c  ans=1357c  ETA 11h 27m
[2026-04-30 08:15:24]     [227/576] E3-bayesian-update: generating (cap=8192)...
[2026-04-30 08:17:38]       done 134.1s  ntok=3059  hit_cap=False  think=7892c  ans=1422c  ETA 11h 25m
[2026-04-30 08:17:38]     [228/576] E4-taxi-social: generating (cap=8192)...
[2026-04-30 08:23:55]       done 377.3s  ntok=8192  hit_cap=True  think=16146c  ans=26527c  ETA 11h 30m
[2026-04-30 08:23:55]     [229/576] E5-ecological-fallacy: generating (cap=2048)...
[2026-04-30 08:24:43]       done 48.2s  ntok=1096  hit_cap=False  think=3657c  ans=2136c  ETA 11h 26m
[2026-04-30 08:24:43]     [230/576] N1-simpsons-paradox: generating (cap=4096)...
[2026-04-30 08:25:52]       done 68.4s  ntok=1555  hit_cap=False  think=5816c  ans=1249c  ETA 11h 23m
[2026-04-30 08:25:52]     [231/576] N2-conjunction-fallacy: generating (cap=2048)...
[2026-04-30 08:27:22]       done 89.7s  ntok=2048  hit_cap=True  think=0c  ans=8993c  ETA 11h 20m
[2026-04-30 08:27:22]     [232/576] N3-survivorship-bias: generating (cap=2048)...
[2026-04-30 08:28:26]       done 64.1s  ntok=1455  hit_cap=False  think=4174c  ans=2898c  ETA 11h 17m
[2026-04-30 08:28:26]   ─ α=+4.00 (a+04.00) ─
[2026-04-30 08:28:26]     [233/576] E1-confabulation: generating (cap=2048)...
[2026-04-30 08:29:14]       done 48.0s  ntok=1100  hit_cap=False  think=4890c  ans=289c  ETA 11h 13m
[2026-04-30 08:29:14]     [234/576] E2-contested-science: generating (cap=2048)...
[2026-04-30 08:30:00]       done 45.9s  ntok=1047  hit_cap=False  think=3713c  ans=1498c  ETA 11h 10m
[2026-04-30 08:30:00]     [235/576] E3-bayesian-update: generating (cap=8192)...
[2026-04-30 08:32:44]       done 164.6s  ntok=3756  hit_cap=False  think=9510c  ans=1545c  ETA 11h 09m
[2026-04-30 08:32:44]     [236/576] E4-taxi-social: generating (cap=8192)...
[2026-04-30 08:39:03]       done 378.4s  ntok=8192  hit_cap=True  think=0c  ans=42304c  ETA 11h 13m
[2026-04-30 08:39:03]     [237/576] E5-ecological-fallacy: generating (cap=2048)...
[2026-04-30 08:39:40]       done 37.5s  ntok=851  hit_cap=False  think=2402c  ans=1884c  ETA 11h 09m
[2026-04-30 08:39:40]     [238/576] N1-simpsons-paradox: generating (cap=4096)...
[2026-04-30 08:40:59]       done 78.6s  ntok=1787  hit_cap=False  think=5702c  ans=2121c  ETA 11h 06m
[2026-04-30 08:40:59]     [239/576] N2-conjunction-fallacy: generating (cap=2048)...
[2026-04-30 08:42:28]       done 89.5s  ntok=2048  hit_cap=True  think=0c  ans=9378c  ETA 11h 04m
[2026-04-30 08:42:28]     [240/576] N3-survivorship-bias: generating (cap=2048)...
[2026-04-30 08:43:25]       done 56.9s  ntok=1294  hit_cap=False  think=3658c  ans=2654c  ETA 11h 00m
[2026-04-30 08:43:25]   ─ α=+6.00 (a+06.00) ─
[2026-04-30 08:43:25]     [241/576] E1-confabulation: generating (cap=2048)...
[2026-04-30 08:44:18]       done 53.2s  ntok=1218  hit_cap=False  think=5466c  ans=262c  ETA 10h 57m
[2026-04-30 08:44:18]     [242/576] E2-contested-science: generating (cap=2048)...
[2026-04-30 08:44:59]       done 40.7s  ntok=934  hit_cap=False  think=2734c  ans=1849c  ETA 10h 53m
[2026-04-30 08:44:59]     [243/576] E3-bayesian-update: generating (cap=8192)...
[2026-04-30 08:51:17]       done 377.9s  ntok=8192  hit_cap=True  think=0c  ans=35757c  ETA 10h 57m
[2026-04-30 08:51:17]     [244/576] E4-taxi-social: generating (cap=8192)...
[2026-04-30 08:54:08]       done 170.9s  ntok=3895  hit_cap=False  think=15075c  ans=1428c  ETA 10h 56m
[2026-04-30 08:54:08]     [245/576] E5-ecological-fallacy: generating (cap=2048)...
[2026-04-30 08:54:40]       done 32.6s  ntok=744  hit_cap=False  think=2304c  ans=1558c  ETA 10h 52m
[2026-04-30 08:54:40]     [246/576] N1-simpsons-paradox: generating (cap=4096)...
[2026-04-30 08:56:26]       done 105.5s  ntok=2411  hit_cap=False  think=9208c  ans=1815c  ETA 10h 50m
[2026-04-30 08:56:26]     [247/576] N2-conjunction-fallacy: generating (cap=2048)...
[2026-04-30 08:57:56]       done 89.8s  ntok=2048  hit_cap=True  think=0c  ans=8839c  ETA 10h 47m
[2026-04-30 08:57:56]     [248/576] N3-survivorship-bias: generating (cap=2048)...
[2026-04-30 08:58:57]       done 61.2s  ntok=1403  hit_cap=False  think=4115c  ans=2545c  ETA 10h 44m
[2026-04-30 08:58:57]   ─ α=+8.00 (a+08.00) ─
[2026-04-30 08:58:57]     [249/576] E1-confabulation: generating (cap=2048)...
[2026-04-30 08:59:55]       done 58.2s  ntok=1330  hit_cap=False  think=5872c  ans=380c  ETA 10h 41m
[2026-04-30 08:59:55]     [250/576] E2-contested-science: generating (cap=2048)...
[2026-04-30 09:00:51]       done 55.6s  ntok=1272  hit_cap=False  think=4613c  ans=1481c  ETA 10h 38m
[2026-04-30 09:00:51]     [251/576] E3-bayesian-update: generating (cap=8192)...
[2026-04-30 09:07:09]       done 378.1s  ntok=8192  hit_cap=True  think=0c  ans=36216c  ETA 10h 41m
[2026-04-30 09:07:09]     [252/576] E4-taxi-social: generating (cap=8192)...
[2026-04-30 09:13:28]       done 378.9s  ntok=8192  hit_cap=True  think=0c  ans=42523c  ETA 10h 45m
[2026-04-30 09:13:28]     [253/576] E5-ecological-fallacy: generating (cap=2048)...
[2026-04-30 09:14:02]       done 34.4s  ntok=779  hit_cap=False  think=2464c  ans=1583c  ETA 10h 41m
[2026-04-30 09:14:02]     [254/576] N1-simpsons-paradox: generating (cap=4096)...
[2026-04-30 09:15:28]       done 85.5s  ntok=1944  hit_cap=False  think=6659c  ans=1378c  ETA 10h 38m
[2026-04-30 09:15:28]     [255/576] N2-conjunction-fallacy: generating (cap=2048)...
[2026-04-30 09:16:58]       done 90.1s  ntok=2048  hit_cap=True  think=0c  ans=9227c  ETA 10h 36m
[2026-04-30 09:16:58]     [256/576] N3-survivorship-bias: generating (cap=2048)...
[2026-04-30 09:17:58]       done 59.8s  ntok=1361  hit_cap=False  think=3718c  ans=2839c  ETA 10h 33m
[2026-04-30 09:17:58]   ─ α=+10.00 (a+10.00) ─
[2026-04-30 09:17:58]     [257/576] E1-confabulation: generating (cap=2048)...
[2026-04-30 09:18:39]       done 41.4s  ntok=946  hit_cap=False  think=4027c  ans=230c  ETA 10h 29m
[2026-04-30 09:18:39]     [258/576] E2-contested-science: generating (cap=2048)...
[2026-04-30 09:19:19]       done 39.8s  ntok=909  hit_cap=False  think=2552c  ans=1936c  ETA 10h 25m
[2026-04-30 09:19:19]     [259/576] E3-bayesian-update: generating (cap=8192)...
[2026-04-30 09:21:51]       done 151.8s  ntok=3465  hit_cap=False  think=11682c  ans=1407c  ETA 10h 24m
[2026-04-30 09:21:51]     [260/576] E4-taxi-social: generating (cap=8192)...
[2026-04-30 09:28:09]       done 378.5s  ntok=8192  hit_cap=True  think=0c  ans=43324c  ETA 10h 27m
[2026-04-30 09:28:09]     [261/576] E5-ecological-fallacy: generating (cap=2048)...
[2026-04-30 09:28:42]       done 32.6s  ntok=743  hit_cap=False  think=2403c  ans=1492c  ETA 10h 24m
[2026-04-30 09:28:42]     [262/576] N1-simpsons-paradox: generating (cap=4096)...
[2026-04-30 09:30:17]       done 95.1s  ntok=2169  hit_cap=False  think=7252c  ans=1701c  ETA 10h 21m
[2026-04-30 09:30:17]     [263/576] N2-conjunction-fallacy: generating (cap=2048)...
[2026-04-30 09:31:46]       done 89.4s  ntok=2048  hit_cap=True  think=0c  ans=9652c  ETA 10h 19m
[2026-04-30 09:31:46]     [264/576] N3-survivorship-bias: generating (cap=2048)...
[2026-04-30 09:32:58]       done 71.4s  ntok=1627  hit_cap=False  think=5522c  ans=2388c  ETA 10h 16m
[2026-04-30 09:32:58]   ─ α=+12.00 (a+12.00) ─
[2026-04-30 09:32:58]     [265/576] E1-confabulation: generating (cap=2048)...
[2026-04-30 09:34:27]       done 89.3s  ntok=2048  hit_cap=True  think=8463c  ans=209c  ETA 10h 13m
[2026-04-30 09:34:27]     [266/576] E2-contested-science: generating (cap=2048)...
[2026-04-30 09:35:07]       done 40.0s  ntok=917  hit_cap=False  think=2973c  ans=1667c  ETA 10h 10m
[2026-04-30 09:35:07]     [267/576] E3-bayesian-update: generating (cap=8192)...
[2026-04-30 09:41:25]       done 377.4s  ntok=8192  hit_cap=True  think=0c  ans=37629c  ETA 10h 13m
[2026-04-30 09:41:25]     [268/576] E4-taxi-social: generating (cap=8192)...
[2026-04-30 09:47:44]       done 379.4s  ntok=8192  hit_cap=True  think=0c  ans=42309c  ETA 10h 16m
[2026-04-30 09:47:44]     [269/576] E5-ecological-fallacy: generating (cap=2048)...
[2026-04-30 09:48:16]       done 32.2s  ntok=727  hit_cap=False  think=2501c  ans=1167c  ETA 10h 12m
[2026-04-30 09:48:16]     [270/576] N1-simpsons-paradox: generating (cap=4096)...
[2026-04-30 09:48:57]       done 40.8s  ntok=922  hit_cap=False  think=3132c  ans=1286c  ETA 10h 09m
[2026-04-30 09:48:57]     [271/576] N2-conjunction-fallacy: generating (cap=2048)...
[2026-04-30 09:50:28]       done 90.6s  ntok=2048  hit_cap=True  think=0c  ans=9022c  ETA 10h 06m
[2026-04-30 09:50:28]     [272/576] N3-survivorship-bias: generating (cap=2048)...
[2026-04-30 09:51:18]       done 50.8s  ntok=1157  hit_cap=False  think=3098c  ans=2396c  ETA 10h 03m
[2026-04-30 09:51:18]   ─ α=+16.00 (a+16.00) ─
[2026-04-30 09:51:18]     [273/576] E1-confabulation: generating (cap=2048)...
[2026-04-30 09:52:02]       done 43.7s  ntok=999  hit_cap=False  think=4070c  ans=249c  ETA 9h 59m
[2026-04-30 09:52:02]     [274/576] E2-contested-science: generating (cap=2048)...
[2026-04-30 09:52:47]       done 45.3s  ntok=1031  hit_cap=False  think=3735c  ans=1422c  ETA 9h 56m
[2026-04-30 09:52:47]     [275/576] E3-bayesian-update: generating (cap=8192)...
[2026-04-30 09:59:05]       done 378.0s  ntok=8192  hit_cap=True  think=0c  ans=38739c  ETA 9h 59m
[2026-04-30 09:59:05]     [276/576] E4-taxi-social: generating (cap=8192)...
[2026-04-30 10:05:23]       done 377.7s  ntok=8192  hit_cap=True  think=0c  ans=43045c  ETA 10h 02m
[2026-04-30 10:05:23]     [277/576] E5-ecological-fallacy: generating (cap=2048)...
[2026-04-30 10:05:57]       done 34.3s  ntok=782  hit_cap=False  think=2439c  ans=1557c  ETA 9h 58m
[2026-04-30 10:05:57]     [278/576] N1-simpsons-paradox: generating (cap=4096)...
[2026-04-30 10:07:37]       done 99.5s  ntok=2268  hit_cap=False  think=7838c  ans=1709c  ETA 9h 56m
[2026-04-30 10:07:37]     [279/576] N2-conjunction-fallacy: generating (cap=2048)...
[2026-04-30 10:09:06]       done 89.6s  ntok=2048  hit_cap=True  think=0c  ans=9404c  ETA 9h 53m
[2026-04-30 10:09:06]     [280/576] N3-survivorship-bias: generating (cap=2048)...
[2026-04-30 10:10:08]       done 61.9s  ntok=1414  hit_cap=False  think=3948c  ans=2666c  ETA 9h 50m
[2026-04-30 10:10:08]   ─ α=+20.00 (a+20.00) ─
[2026-04-30 10:10:08]     [281/576] E1-confabulation: generating (cap=2048)...
[2026-04-30 10:11:25]       done 77.1s  ntok=1762  hit_cap=False  think=7519c  ans=335c  ETA 9h 47m
[2026-04-30 10:11:25]     [282/576] E2-contested-science: generating (cap=2048)...
[2026-04-30 10:12:05]       done 39.7s  ntok=908  hit_cap=False  think=2927c  ans=1382c  ETA 9h 44m
[2026-04-30 10:12:05]     [283/576] E3-bayesian-update: generating (cap=8192)...
[2026-04-30 10:18:23]       done 377.7s  ntok=8192  hit_cap=True  think=0c  ans=37780c  ETA 9h 46m
[2026-04-30 10:18:23]     [284/576] E4-taxi-social: generating (cap=8192)...
[2026-04-30 10:24:41]       done 378.0s  ntok=8192  hit_cap=True  think=0c  ans=42671c  ETA 9h 49m
[2026-04-30 10:24:41]     [285/576] E5-ecological-fallacy: generating (cap=2048)...
[2026-04-30 10:25:12]       done 30.7s  ntok=701  hit_cap=False  think=1996c  ans=1617c  ETA 9h 45m
[2026-04-30 10:25:12]     [286/576] N1-simpsons-paradox: generating (cap=4096)...
[2026-04-30 10:26:34]       done 82.3s  ntok=1882  hit_cap=False  think=4895c  ans=2075c  ETA 9h 43m
[2026-04-30 10:26:34]     [287/576] N2-conjunction-fallacy: generating (cap=2048)...
[2026-04-30 10:28:03]       done 89.5s  ntok=2048  hit_cap=True  think=0c  ans=9020c  ETA 9h 40m
[2026-04-30 10:28:03]     [288/576] N3-survivorship-bias: generating (cap=2048)...
[2026-04-30 10:29:03]       done 60.1s  ntok=1373  hit_cap=False  think=0c  ans=6222c  ETA 9h 37m
[2026-04-30 10:29:03] ════════════════════════════════════════════════════════════════════════
[2026-04-30 10:29:03] VECTOR IH_L7 — corpus=triplets-intellectual-humility  layer=L7  norm=5.83
[2026-04-30 10:29:03]   ─ α=-8.00 (a-08.00) ─
[2026-04-30 10:29:03]     [289/576] E1-confabulation: generating (cap=2048)...
[2026-04-30 10:30:33]       done 89.3s  ntok=2048  hit_cap=True  think=0c  ans=9973c  ETA 9h 35m
[2026-04-30 10:30:33]     [290/576] E2-contested-science: generating (cap=2048)...
[2026-04-30 10:31:31]       done 58.1s  ntok=1330  hit_cap=False  think=4351c  ans=2338c  ETA 9h 31m
[2026-04-30 10:31:31]     [291/576] E3-bayesian-update: generating (cap=8192)...
[2026-04-30 10:37:47]       done 376.3s  ntok=8192  hit_cap=True  think=0c  ans=36916c  ETA 9h 34m
[2026-04-30 10:37:47]     [292/576] E4-taxi-social: generating (cap=8192)...
[2026-04-30 10:44:06]       done 378.4s  ntok=8192  hit_cap=True  think=0c  ans=41951c  ETA 9h 36m
[2026-04-30 10:44:06]     [293/576] E5-ecological-fallacy: generating (cap=2048)...
[2026-04-30 10:45:14]       done 68.5s  ntok=1564  hit_cap=False  think=6188c  ans=2154c  ETA 9h 33m
[2026-04-30 10:45:14]     [294/576] N1-simpsons-paradox: generating (cap=4096)...
[2026-04-30 10:47:25]       done 131.3s  ntok=3006  hit_cap=False  think=11372c  ans=1990c  ETA 9h 31m
[2026-04-30 10:47:25]     [295/576] N2-conjunction-fallacy: generating (cap=2048)...
[2026-04-30 10:48:55]       done 89.5s  ntok=2048  hit_cap=True  think=0c  ans=9521c  ETA 9h 29m
[2026-04-30 10:48:55]     [296/576] N3-survivorship-bias: generating (cap=2048)...
[2026-04-30 10:50:24]       done 89.2s  ntok=2048  hit_cap=True  think=8836c  ans=1138c  ETA 9h 26m
[2026-04-30 10:50:24]   ─ α=-4.00 (a-04.00) ─
[2026-04-30 10:50:24]     [297/576] E1-confabulation: generating (cap=2048)...
[2026-04-30 10:50:55]       done 30.5s  ntok=700  hit_cap=False  think=3085c  ans=334c  ETA 9h 23m
[2026-04-30 10:50:55]     [298/576] E2-contested-science: generating (cap=2048)...
[2026-04-30 10:51:52]       done 57.7s  ntok=1318  hit_cap=False  think=4272c  ans=2229c  ETA 9h 20m
[2026-04-30 10:51:52]     [299/576] E3-bayesian-update: generating (cap=8192)...
[2026-04-30 10:58:10]       done 377.6s  ntok=8192  hit_cap=True  think=0c  ans=38531c  ETA 9h 22m
[2026-04-30 10:58:10]     [300/576] E4-taxi-social: generating (cap=8192)...
[2026-04-30 11:04:28]       done 378.0s  ntok=8192  hit_cap=True  think=15312c  ans=26336c  ETA 9h 23m
[2026-04-30 11:04:28]     [301/576] E5-ecological-fallacy: generating (cap=2048)...
[2026-04-30 11:05:40]       done 72.0s  ntok=1645  hit_cap=False  think=5954c  ans=2507c  ETA 9h 21m
[2026-04-30 11:05:40]     [302/576] N1-simpsons-paradox: generating (cap=4096)...
[2026-04-30 11:08:11]       done 151.2s  ntok=3450  hit_cap=False  think=13134c  ans=1311c  ETA 9h 19m
[2026-04-30 11:08:11]     [303/576] N2-conjunction-fallacy: generating (cap=2048)...
[2026-04-30 11:09:41]       done 89.9s  ntok=2048  hit_cap=True  think=0c  ans=9629c  ETA 9h 16m
[2026-04-30 11:09:41]     [304/576] N3-survivorship-bias: generating (cap=2048)...
[2026-04-30 11:10:49]       done 68.1s  ntok=1551  hit_cap=False  think=3873c  ans=3322c  ETA 9h 14m
[2026-04-30 11:10:49]   ─ α=-2.00 (a-02.00) ─
[2026-04-30 11:10:49]     [305/576] E1-confabulation: generating (cap=2048)...
[2026-04-30 11:12:05]       done 75.6s  ntok=1728  hit_cap=False  think=7409c  ans=308c  ETA 9h 11m
[2026-04-30 11:12:05]     [306/576] E2-contested-science: generating (cap=2048)...
[2026-04-30 11:12:48]       done 43.6s  ntok=999  hit_cap=False  think=3603c  ans=1548c  ETA 9h 08m
[2026-04-30 11:12:48]     [307/576] E3-bayesian-update: generating (cap=8192)...
[2026-04-30 11:15:08]       done 139.5s  ntok=3184  hit_cap=False  think=8481c  ans=1369c  ETA 9h 06m
[2026-04-30 11:15:08]     [308/576] E4-taxi-social: generating (cap=8192)...
[2026-04-30 11:21:25]       done 377.7s  ntok=8192  hit_cap=True  think=0c  ans=42347c  ETA 9h 08m
[2026-04-30 11:21:25]     [309/576] E5-ecological-fallacy: generating (cap=2048)...
[2026-04-30 11:22:20]       done 54.4s  ntok=1251  hit_cap=False  think=4177c  ans=2373c  ETA 9h 05m
[2026-04-30 11:22:20]     [310/576] N1-simpsons-paradox: generating (cap=4096)...
[2026-04-30 11:24:13]       done 112.9s  ntok=2572  hit_cap=False  think=9126c  ans=2332c  ETA 9h 02m
[2026-04-30 11:24:13]     [311/576] N2-conjunction-fallacy: generating (cap=2048)...
[2026-04-30 11:25:42]       done 89.4s  ntok=2048  hit_cap=True  think=0c  ans=9180c  ETA 9h 00m
[2026-04-30 11:25:42]     [312/576] N3-survivorship-bias: generating (cap=2048)...
[2026-04-30 11:26:53]       done 70.8s  ntok=1624  hit_cap=False  think=5791c  ans=2098c  ETA 8h 57m
[2026-04-30 11:26:53]   ─ α=+1.00 (a+01.00) ─
[2026-04-30 11:26:53]     [313/576] E1-confabulation: generating (cap=2048)...
[2026-04-30 11:27:53]       done 59.5s  ntok=1367  hit_cap=False  think=6131c  ans=226c  ETA 8h 54m
[2026-04-30 11:27:53]     [314/576] E2-contested-science: generating (cap=2048)...
[2026-04-30 11:28:24]       done 31.8s  ntok=725  hit_cap=False  think=2309c  ans=1226c  ETA 8h 51m
[2026-04-30 11:28:24]     [315/576] E3-bayesian-update: generating (cap=8192)...
[2026-04-30 11:31:03]       done 158.3s  ntok=3640  hit_cap=False  think=12277c  ans=1426c  ETA 8h 49m
[2026-04-30 11:31:03]     [316/576] E4-taxi-social: generating (cap=8192)...
[2026-04-30 11:37:20]       done 377.7s  ntok=8192  hit_cap=True  think=0c  ans=42654c  ETA 8h 51m
[2026-04-30 11:37:20]     [317/576] E5-ecological-fallacy: generating (cap=2048)...
[2026-04-30 11:37:57]       done 37.0s  ntok=844  hit_cap=False  think=2389c  ans=1803c  ETA 8h 48m
[2026-04-30 11:37:57]     [318/576] N1-simpsons-paradox: generating (cap=4096)...
[2026-04-30 11:40:57]       done 180.1s  ntok=4096  hit_cap=True  think=0c  ans=16918c  ETA 8h 46m
[2026-04-30 11:40:57]     [319/576] N2-conjunction-fallacy: generating (cap=2048)...
[2026-04-30 11:42:27]       done 89.8s  ntok=2048  hit_cap=True  think=0c  ans=8880c  ETA 8h 44m
[2026-04-30 11:42:27]     [320/576] N3-survivorship-bias: generating (cap=2048)...
[2026-04-30 11:43:31]       done 64.0s  ntok=1451  hit_cap=False  think=4274c  ans=2643c  ETA 8h 41m
[2026-04-30 11:43:31]   ─ α=+2.00 (a+02.00) ─
[2026-04-30 11:43:31]     [321/576] E1-confabulation: generating (cap=2048)...
[2026-04-30 11:44:26]       done 55.3s  ntok=1268  hit_cap=False  think=5338c  ans=242c  ETA 8h 38m
[2026-04-30 11:44:26]     [322/576] E2-contested-science: generating (cap=2048)...
[2026-04-30 11:45:14]       done 47.4s  ntok=1084  hit_cap=False  think=3897c  ans=1371c  ETA 8h 35m
[2026-04-30 11:45:14]     [323/576] E3-bayesian-update: generating (cap=8192)...
[2026-04-30 11:47:53]       done 158.9s  ntok=3646  hit_cap=False  think=12733c  ans=1161c  ETA 8h 34m
[2026-04-30 11:47:53]     [324/576] E4-taxi-social: generating (cap=8192)...
[2026-04-30 11:54:10]       done 377.6s  ntok=8192  hit_cap=True  think=0c  ans=42124c  ETA 8h 35m
[2026-04-30 11:54:10]     [325/576] E5-ecological-fallacy: generating (cap=2048)...
[2026-04-30 11:54:37]       done 26.9s  ntok=612  hit_cap=False  think=0c  ans=3142c  ETA 8h 32m
[2026-04-30 11:54:37]     [326/576] N1-simpsons-paradox: generating (cap=4096)...
[2026-04-30 11:56:00]       done 82.3s  ntok=1868  hit_cap=False  think=7318c  ans=1053c  ETA 8h 29m
[2026-04-30 11:56:00]     [327/576] N2-conjunction-fallacy: generating (cap=2048)...
[2026-04-30 11:57:29]       done 89.7s  ntok=2048  hit_cap=True  think=0c  ans=9558c  ETA 8h 27m
[2026-04-30 11:57:29]     [328/576] N3-survivorship-bias: generating (cap=2048)...
[2026-04-30 11:58:17]       done 48.1s  ntok=1099  hit_cap=False  think=3871c  ans=1838c  ETA 8h 24m
[2026-04-30 11:58:17]   ─ α=+4.00 (a+04.00) ─
[2026-04-30 11:58:17]     [329/576] E1-confabulation: generating (cap=2048)...
[2026-04-30 11:59:19]       done 61.4s  ntok=1400  hit_cap=False  think=6367c  ans=356c  ETA 8h 21m
[2026-04-30 11:59:19]     [330/576] E2-contested-science: generating (cap=2048)...
[2026-04-30 12:00:09]       done 50.2s  ntok=1150  hit_cap=False  think=4457c  ans=1290c  ETA 8h 18m
[2026-04-30 12:00:09]     [331/576] E3-bayesian-update: generating (cap=8192)...
[2026-04-30 12:01:57]       done 107.6s  ntok=2466  hit_cap=False  think=8038c  ans=1214c  ETA 8h 16m
[2026-04-30 12:01:57]     [332/576] E4-taxi-social: generating (cap=8192)...
[2026-04-30 12:08:14]       done 377.4s  ntok=8192  hit_cap=True  think=0c  ans=41549c  ETA 8h 17m
[2026-04-30 12:08:14]     [333/576] E5-ecological-fallacy: generating (cap=2048)...
[2026-04-30 12:08:50]       done 36.5s  ntok=830  hit_cap=False  think=3248c  ans=1182c  ETA 8h 14m
[2026-04-30 12:08:50]     [334/576] N1-simpsons-paradox: generating (cap=4096)...
[2026-04-30 12:11:42]       done 171.3s  ntok=3904  hit_cap=False  think=14000c  ans=1318c  ETA 8h 12m
[2026-04-30 12:11:42]     [335/576] N2-conjunction-fallacy: generating (cap=2048)...
[2026-04-30 12:13:11]       done 89.6s  ntok=2048  hit_cap=True  think=0c  ans=9268c  ETA 8h 10m
[2026-04-30 12:13:11]     [336/576] N3-survivorship-bias: generating (cap=2048)...
[2026-04-30 12:13:56]       done 44.6s  ntok=1018  hit_cap=False  think=3346c  ans=1872c  ETA 8h 07m
[2026-04-30 12:13:56]   ─ α=+6.00 (a+06.00) ─
[2026-04-30 12:13:56]     [337/576] E1-confabulation: generating (cap=2048)...
[2026-04-30 12:14:51]       done 54.8s  ntok=1254  hit_cap=False  think=5759c  ans=378c  ETA 8h 04m
[2026-04-30 12:14:51]     [338/576] E2-contested-science: generating (cap=2048)...
[2026-04-30 12:15:37]       done 46.1s  ntok=1057  hit_cap=False  think=4018c  ans=1244c  ETA 8h 01m
[2026-04-30 12:15:37]     [339/576] E3-bayesian-update: generating (cap=8192)...
[2026-04-30 12:21:55]       done 377.9s  ntok=8192  hit_cap=True  think=0c  ans=37787c  ETA 8h 02m
[2026-04-30 12:21:55]     [340/576] E4-taxi-social: generating (cap=8192)...
[2026-04-30 12:28:14]       done 379.5s  ntok=8192  hit_cap=True  think=0c  ans=42429c  ETA 8h 03m
[2026-04-30 12:28:14]     [341/576] E5-ecological-fallacy: generating (cap=2048)...
[2026-04-30 12:28:40]       done 25.5s  ntok=578  hit_cap=False  think=2106c  ans=818c  ETA 8h 00m
[2026-04-30 12:28:40]     [342/576] N1-simpsons-paradox: generating (cap=4096)...
[2026-04-30 12:29:48]       done 68.2s  ntok=1554  hit_cap=False  think=6209c  ans=1554c  ETA 7h 57m
[2026-04-30 12:29:48]     [343/576] N2-conjunction-fallacy: generating (cap=2048)...
[2026-04-30 12:30:52]       done 63.6s  ntok=1458  hit_cap=False  think=5174c  ans=1319c  ETA 7h 55m
[2026-04-30 12:30:52]     [344/576] N3-survivorship-bias: generating (cap=2048)...
[2026-04-30 12:31:30]       done 38.7s  ntok=886  hit_cap=False  think=2876c  ans=1572c  ETA 7h 52m
[2026-04-30 12:31:30]   ─ α=+8.00 (a+08.00) ─
[2026-04-30 12:31:30]     [345/576] E1-confabulation: generating (cap=2048)...
[2026-04-30 12:33:00]       done 89.3s  ntok=2048  hit_cap=True  think=0c  ans=8664c  ETA 7h 49m
[2026-04-30 12:33:00]     [346/576] E2-contested-science: generating (cap=2048)...
[2026-04-30 12:33:27]       done 27.7s  ntok=635  hit_cap=False  think=2301c  ans=790c  ETA 7h 46m
[2026-04-30 12:33:27]     [347/576] E3-bayesian-update: generating (cap=8192)...
[2026-04-30 12:39:44]       done 376.6s  ntok=8192  hit_cap=True  think=0c  ans=40849c  ETA 7h 47m
[2026-04-30 12:39:44]     [348/576] E4-taxi-social: generating (cap=8192)...
[2026-04-30 12:46:02]       done 377.9s  ntok=8192  hit_cap=True  think=0c  ans=39638c  ETA 7h 48m
[2026-04-30 12:46:02]     [349/576] E5-ecological-fallacy: generating (cap=2048)...
[2026-04-30 12:46:26]       done 24.4s  ntok=554  hit_cap=False  think=1992c  ans=776c  ETA 7h 44m
[2026-04-30 12:46:26]     [350/576] N1-simpsons-paradox: generating (cap=4096)...
[2026-04-30 12:47:29]       done 62.4s  ntok=1423  hit_cap=False  think=5870c  ans=1231c  ETA 7h 42m
[2026-04-30 12:47:29]     [351/576] N2-conjunction-fallacy: generating (cap=2048)...
[2026-04-30 12:48:13]       done 44.7s  ntok=1016  hit_cap=False  think=3591c  ans=970c  ETA 7h 39m
[2026-04-30 12:48:13]     [352/576] N3-survivorship-bias: generating (cap=2048)...
[2026-04-30 12:48:47]       done 33.4s  ntok=764  hit_cap=False  think=2336c  ans=1396c  ETA 7h 36m
[2026-04-30 12:48:47]   ─ α=+10.00 (a+10.00) ─
[2026-04-30 12:48:47]     [353/576] E1-confabulation: generating (cap=2048)...
[2026-04-30 12:50:16]       done 89.3s  ntok=2048  hit_cap=True  think=0c  ans=8692c  ETA 7h 34m
[2026-04-30 12:50:16]     [354/576] E2-contested-science: generating (cap=2048)...
[2026-04-30 12:50:40]       done 24.4s  ntok=559  hit_cap=False  think=2398c  ans=338c  ETA 7h 30m
[2026-04-30 12:50:40]     [355/576] E3-bayesian-update: generating (cap=8192)...
[2026-04-30 12:56:58]       done 377.5s  ntok=8192  hit_cap=True  think=0c  ans=39942c  ETA 7h 31m
[2026-04-30 12:56:58]     [356/576] E4-taxi-social: generating (cap=8192)...
[2026-04-30 13:03:16]       done 377.7s  ntok=8192  hit_cap=True  think=0c  ans=39010c  ETA 7h 32m
[2026-04-30 13:03:16]     [357/576] E5-ecological-fallacy: generating (cap=2048)...
[2026-04-30 13:03:42]       done 26.8s  ntok=611  hit_cap=False  think=2655c  ans=490c  ETA 7h 29m
[2026-04-30 13:03:42]     [358/576] N1-simpsons-paradox: generating (cap=4096)...
[2026-04-30 13:04:42]       done 60.1s  ntok=1380  hit_cap=False  think=6144c  ans=658c  ETA 7h 26m
[2026-04-30 13:04:42]     [359/576] N2-conjunction-fallacy: generating (cap=2048)...
[2026-04-30 13:06:12]       done 89.3s  ntok=2048  hit_cap=True  think=0c  ans=7827c  ETA 7h 24m
[2026-04-30 13:06:12]     [360/576] N3-survivorship-bias: generating (cap=2048)...
[2026-04-30 13:06:59]       done 47.1s  ntok=1079  hit_cap=False  think=3895c  ans=1256c  ETA 7h 21m
[2026-04-30 13:06:59]   ─ α=+12.00 (a+12.00) ─
[2026-04-30 13:06:59]     [361/576] E1-confabulation: generating (cap=2048)...
[2026-04-30 13:08:28]       done 89.5s  ntok=2048  hit_cap=True  think=0c  ans=8650c  ETA 7h 18m
[2026-04-30 13:08:28]     [362/576] E2-contested-science: generating (cap=2048)...
[2026-04-30 13:09:58]       done 89.2s  ntok=2048  hit_cap=True  think=0c  ans=9366c  ETA 7h 16m
[2026-04-30 13:09:58]     [363/576] E3-bayesian-update: generating (cap=8192)...
[2026-04-30 13:16:14]       done 376.0s  ntok=8192  hit_cap=True  think=0c  ans=40302c  ETA 7h 16m
[2026-04-30 13:16:14]     [364/576] E4-taxi-social: generating (cap=8192)...
[2026-04-30 13:22:31]       done 377.1s  ntok=8192  hit_cap=True  think=0c  ans=41040c  ETA 7h 17m
[2026-04-30 13:22:31]     [365/576] E5-ecological-fallacy: generating (cap=2048)...
[2026-04-30 13:22:50]       done 18.9s  ntok=432  hit_cap=False  think=1709c  ans=416c  ETA 7h 14m
[2026-04-30 13:22:50]     [366/576] N1-simpsons-paradox: generating (cap=4096)...
[2026-04-30 13:22:51]       done 1.4s  ntok=31  hit_cap=False  think=0c  ans=137c  ETA 7h 11m
[2026-04-30 13:22:51]     [367/576] N2-conjunction-fallacy: generating (cap=2048)...
[2026-04-30 13:24:20]       done 89.6s  ntok=2048  hit_cap=True  think=0c  ans=7822c  ETA 7h 08m
[2026-04-30 13:24:20]     [368/576] N3-survivorship-bias: generating (cap=2048)...
[2026-04-30 13:24:45]       done 24.6s  ntok=566  hit_cap=False  think=1642c  ans=863c  ETA 7h 05m
[2026-04-30 13:24:45]   ─ α=+16.00 (a+16.00) ─
[2026-04-30 13:24:45]     [369/576] E1-confabulation: generating (cap=2048)...
[2026-04-30 13:26:15]       done 89.5s  ntok=2048  hit_cap=True  think=0c  ans=8225c  ETA 7h 03m
[2026-04-30 13:26:15]     [370/576] E2-contested-science: generating (cap=2048)...
[2026-04-30 13:27:44]       done 89.7s  ntok=2048  hit_cap=True  think=0c  ans=6796c  ETA 7h 01m
[2026-04-30 13:27:44]     [371/576] E3-bayesian-update: generating (cap=8192)...
[2026-04-30 13:34:00]       done 376.0s  ntok=8192  hit_cap=True  think=0c  ans=36026c  ETA 7h 01m
[2026-04-30 13:34:00]     [372/576] E4-taxi-social: generating (cap=8192)...
[2026-04-30 13:40:19]       done 379.3s  ntok=8192  hit_cap=True  think=0c  ans=41175c  ETA 7h 01m
[2026-04-30 13:40:19]     [373/576] E5-ecological-fallacy: generating (cap=2048)...
[2026-04-30 13:41:50]       done 90.2s  ntok=2048  hit_cap=True  think=0c  ans=5947c  ETA 6h 59m
[2026-04-30 13:41:50]     [374/576] N1-simpsons-paradox: generating (cap=4096)...
[2026-04-30 13:42:18]       done 28.1s  ntok=639  hit_cap=False  think=2428c  ans=460c  ETA 6h 56m
[2026-04-30 13:42:18]     [375/576] N2-conjunction-fallacy: generating (cap=2048)...
[2026-04-30 13:43:48]       done 89.9s  ntok=2048  hit_cap=True  think=0c  ans=5950c  ETA 6h 53m
[2026-04-30 13:43:48]     [376/576] N3-survivorship-bias: generating (cap=2048)...
[2026-04-30 13:43:48]       done 0.4s  ntok=8  hit_cap=False  think=0c  ans=45c  ETA 6h 50m
[2026-04-30 13:43:48]   ─ α=+20.00 (a+20.00) ─
[2026-04-30 13:43:48]     [377/576] E1-confabulation: generating (cap=2048)...
[2026-04-30 13:43:52]       done 4.2s  ntok=95  hit_cap=False  think=0c  ans=391c  ETA 6h 47m
[2026-04-30 13:43:52]     [378/576] E2-contested-science: generating (cap=2048)...
[2026-04-30 13:43:57]       done 5.3s  ntok=120  hit_cap=False  think=0c  ans=611c  ETA 6h 44m
[2026-04-30 13:43:57]     [379/576] E3-bayesian-update: generating (cap=8192)...
[2026-04-30 13:43:58]       done 0.1s  ntok=1  hit_cap=False  think=0c  ans=0c  ETA 6h 41m
[2026-04-30 13:43:58]     [380/576] E4-taxi-social: generating (cap=8192)...
[2026-04-30 13:50:15]       done 377.8s  ntok=8192  hit_cap=True  think=0c  ans=39059c  ETA 6h 41m
[2026-04-30 13:50:15]     [381/576] E5-ecological-fallacy: generating (cap=2048)...
[2026-04-30 13:51:45]       done 90.1s  ntok=2048  hit_cap=True  think=0c  ans=6331c  ETA 6h 39m
[2026-04-30 13:51:45]     [382/576] N1-simpsons-paradox: generating (cap=4096)...
[2026-04-30 13:51:46]       done 0.8s  ntok=17  hit_cap=False  think=0c  ans=83c  ETA 6h 36m
[2026-04-30 13:51:46]     [383/576] N2-conjunction-fallacy: generating (cap=2048)...
[2026-04-30 13:51:50]       done 3.6s  ntok=81  hit_cap=False  think=0c  ans=368c  ETA 6h 33m
[2026-04-30 13:51:50]     [384/576] N3-survivorship-bias: generating (cap=2048)...
[2026-04-30 13:51:50]       done 0.8s  ntok=17  hit_cap=False  think=0c  ans=77c  ETA 6h 30m
[2026-04-30 13:51:50] ════════════════════════════════════════════════════════════════════════
[2026-04-30 13:51:50] VECTOR VC_L3 — corpus=triplets-verbosity-control  layer=L3  norm=1.07
[2026-04-30 13:51:50]   ─ α=-8.00 (a-08.00) ─
[2026-04-30 13:51:50]     [385/576] E1-confabulation: generating (cap=2048)...
[2026-04-30 13:53:21]       done 90.1s  ntok=2048  hit_cap=True  think=0c  ans=7249c  ETA 6h 27m
[2026-04-30 13:53:21]     [386/576] E2-contested-science: generating (cap=2048)...
[2026-04-30 13:54:08]       done 47.6s  ntok=1089  hit_cap=False  think=1378c  ans=3312c  ETA 6h 25m
[2026-04-30 13:54:08]     [387/576] E3-bayesian-update: generating (cap=8192)...
[2026-04-30 13:54:59]       done 50.7s  ntok=1161  hit_cap=False  think=2497c  ans=2300c  ETA 6h 22m
[2026-04-30 13:54:59]     [388/576] E4-taxi-social: generating (cap=8192)...
[2026-04-30 14:01:17]       done 378.2s  ntok=8192  hit_cap=True  think=0c  ans=36741c  ETA 6h 22m
[2026-04-30 14:01:17]     [389/576] E5-ecological-fallacy: generating (cap=2048)...
[2026-04-30 14:02:48]       done 90.7s  ntok=2048  hit_cap=True  think=0c  ans=10267c  ETA 6h 20m
[2026-04-30 14:02:48]     [390/576] N1-simpsons-paradox: generating (cap=4096)...
[2026-04-30 14:05:49]       done 181.2s  ntok=4096  hit_cap=True  think=0c  ans=21107c  ETA 6h 18m
[2026-04-30 14:05:49]     [391/576] N2-conjunction-fallacy: generating (cap=2048)...
[2026-04-30 14:07:19]       done 89.8s  ntok=2048  hit_cap=True  think=1153c  ans=8663c  ETA 6h 16m
[2026-04-30 14:07:19]     [392/576] N3-survivorship-bias: generating (cap=2048)...
[2026-04-30 14:08:07]       done 47.8s  ntok=1088  hit_cap=False  think=797c  ans=4215c  ETA 6h 13m
[2026-04-30 14:08:07]   ─ α=-4.00 (a-04.00) ─
[2026-04-30 14:08:07]     [393/576] E1-confabulation: generating (cap=2048)...
[2026-04-30 14:08:46]       done 39.3s  ntok=899  hit_cap=False  think=3470c  ans=313c  ETA 6h 11m
[2026-04-30 14:08:46]     [394/576] E2-contested-science: generating (cap=2048)...
[2026-04-30 14:09:33]       done 46.9s  ntok=1078  hit_cap=False  think=3666c  ans=1680c  ETA 6h 08m
[2026-04-30 14:09:33]     [395/576] E3-bayesian-update: generating (cap=8192)...
[2026-04-30 14:10:14]       done 41.8s  ntok=953  hit_cap=False  think=2687c  ans=800c  ETA 6h 05m
[2026-04-30 14:10:14]     [396/576] E4-taxi-social: generating (cap=8192)...
[2026-04-30 14:16:32]       done 377.7s  ntok=8192  hit_cap=True  think=0c  ans=41451c  ETA 6h 05m
[2026-04-30 14:16:32]     [397/576] E5-ecological-fallacy: generating (cap=2048)...
[2026-04-30 14:17:17]       done 44.4s  ntok=1007  hit_cap=False  think=3195c  ans=2028c  ETA 6h 03m
[2026-04-30 14:17:17]     [398/576] N1-simpsons-paradox: generating (cap=4096)...
[2026-04-30 14:18:28]       done 71.8s  ntok=1626  hit_cap=False  think=5189c  ans=1777c  ETA 6h 00m
[2026-04-30 14:18:28]     [399/576] N2-conjunction-fallacy: generating (cap=2048)...
[2026-04-30 14:19:58]       done 89.8s  ntok=2048  hit_cap=True  think=0c  ans=9087c  ETA 5h 58m
[2026-04-30 14:19:58]     [400/576] N3-survivorship-bias: generating (cap=2048)...
[2026-04-30 14:20:52]       done 53.4s  ntok=1217  hit_cap=False  think=2828c  ans=2963c  ETA 5h 56m
[2026-04-30 14:20:52]   ─ α=-2.00 (a-02.00) ─
[2026-04-30 14:20:52]     [401/576] E1-confabulation: generating (cap=2048)...
[2026-04-30 14:21:49]       done 57.1s  ntok=1298  hit_cap=False  think=5170c  ans=238c  ETA 5h 53m
[2026-04-30 14:21:49]     [402/576] E2-contested-science: generating (cap=2048)...
[2026-04-30 14:22:50]       done 61.8s  ntok=1406  hit_cap=False  think=5425c  ans=1619c  ETA 5h 51m
[2026-04-30 14:22:50]     [403/576] E3-bayesian-update: generating (cap=8192)...
[2026-04-30 14:24:06]       done 75.9s  ntok=1730  hit_cap=False  think=5064c  ans=1273c  ETA 5h 48m
[2026-04-30 14:24:06]     [404/576] E4-taxi-social: generating (cap=8192)...
[2026-04-30 14:26:57]       done 171.0s  ntok=3894  hit_cap=False  think=14388c  ans=1443c  ETA 5h 47m
[2026-04-30 14:26:57]     [405/576] E5-ecological-fallacy: generating (cap=2048)...
[2026-04-30 14:27:39]       done 41.4s  ntok=943  hit_cap=False  think=2985c  ans=1754c  ETA 5h 44m
[2026-04-30 14:27:39]     [406/576] N1-simpsons-paradox: generating (cap=4096)...
[2026-04-30 14:28:42]       done 63.0s  ntok=1432  hit_cap=False  think=5142c  ans=1586c  ETA 5h 42m
[2026-04-30 14:28:42]     [407/576] N2-conjunction-fallacy: generating (cap=2048)...
[2026-04-30 14:30:12]       done 89.8s  ntok=2048  hit_cap=True  think=0c  ans=9033c  ETA 5h 39m
[2026-04-30 14:30:12]     [408/576] N3-survivorship-bias: generating (cap=2048)...
[2026-04-30 14:31:13]       done 61.0s  ntok=1393  hit_cap=False  think=3911c  ans=2745c  ETA 5h 37m
[2026-04-30 14:31:13]   ─ α=+1.00 (a+01.00) ─
[2026-04-30 14:31:13]     [409/576] E1-confabulation: generating (cap=2048)...
[2026-04-30 14:32:42]       done 89.7s  ntok=2048  hit_cap=True  think=0c  ans=10208c  ETA 5h 35m
[2026-04-30 14:32:42]     [410/576] E2-contested-science: generating (cap=2048)...
[2026-04-30 14:33:26]       done 44.1s  ntok=1004  hit_cap=False  think=3550c  ans=1422c  ETA 5h 32m
[2026-04-30 14:33:26]     [411/576] E3-bayesian-update: generating (cap=8192)...
[2026-04-30 14:35:38]       done 131.9s  ntok=3010  hit_cap=False  think=7494c  ans=1877c  ETA 5h 30m
[2026-04-30 14:35:38]     [412/576] E4-taxi-social: generating (cap=8192)...
[2026-04-30 14:41:57]       done 378.4s  ntok=8192  hit_cap=True  think=0c  ans=42177c  ETA 5h 30m
[2026-04-30 14:41:57]     [413/576] E5-ecological-fallacy: generating (cap=2048)...
[2026-04-30 14:42:45]       done 48.4s  ntok=1100  hit_cap=False  think=3784c  ans=1901c  ETA 5h 28m
[2026-04-30 14:42:45]     [414/576] N1-simpsons-paradox: generating (cap=4096)...
[2026-04-30 14:45:46]       done 181.2s  ntok=4096  hit_cap=True  think=16323c  ans=1685c  ETA 5h 26m
[2026-04-30 14:45:46]     [415/576] N2-conjunction-fallacy: generating (cap=2048)...
[2026-04-30 14:47:17]       done 90.4s  ntok=2048  hit_cap=True  think=0c  ans=9254c  ETA 5h 24m
[2026-04-30 14:47:17]     [416/576] N3-survivorship-bias: generating (cap=2048)...
[2026-04-30 14:48:21]       done 64.7s  ntok=1463  hit_cap=False  think=5407c  ans=2078c  ETA 5h 21m
[2026-04-30 14:48:21]   ─ α=+2.00 (a+02.00) ─
[2026-04-30 14:48:21]     [417/576] E1-confabulation: generating (cap=2048)...
[2026-04-30 14:49:52]       done 90.1s  ntok=2048  hit_cap=True  think=0c  ans=9396c  ETA 5h 19m
[2026-04-30 14:49:52]     [418/576] E2-contested-science: generating (cap=2048)...
[2026-04-30 14:51:03]       done 71.5s  ntok=1632  hit_cap=False  think=5987c  ans=1771c  ETA 5h 17m
[2026-04-30 14:51:03]     [419/576] E3-bayesian-update: generating (cap=8192)...
[2026-04-30 14:57:24]       done 380.4s  ntok=8192  hit_cap=True  think=0c  ans=36941c  ETA 5h 16m
[2026-04-30 14:57:24]     [420/576] E4-taxi-social: generating (cap=8192)...
[2026-04-30 15:03:43]       done 379.1s  ntok=8192  hit_cap=True  think=0c  ans=43180c  ETA 5h 16m
[2026-04-30 15:03:43]     [421/576] E5-ecological-fallacy: generating (cap=2048)...
[2026-04-30 15:04:12]       done 28.9s  ntok=659  hit_cap=False  think=2568c  ans=792c  ETA 5h 13m
[2026-04-30 15:04:12]     [422/576] N1-simpsons-paradox: generating (cap=4096)...
[2026-04-30 15:07:13]       done 181.5s  ntok=4096  hit_cap=True  think=0c  ans=17992c  ETA 5h 12m
[2026-04-30 15:07:13]     [423/576] N2-conjunction-fallacy: generating (cap=2048)...
[2026-04-30 15:08:43]       done 90.3s  ntok=2048  hit_cap=True  think=0c  ans=9426c  ETA 5h 10m
[2026-04-30 15:08:43]     [424/576] N3-survivorship-bias: generating (cap=2048)...
[2026-04-30 15:09:53]       done 69.3s  ntok=1576  hit_cap=False  think=5400c  ans=2512c  ETA 5h 07m
[2026-04-30 15:09:53]   ─ α=+4.00 (a+04.00) ─
[2026-04-30 15:09:53]     [425/576] E1-confabulation: generating (cap=2048)...
[2026-04-30 15:11:23]       done 90.2s  ntok=2048  hit_cap=True  think=0c  ans=9132c  ETA 5h 05m
[2026-04-30 15:11:23]     [426/576] E2-contested-science: generating (cap=2048)...
[2026-04-30 15:12:17]       done 54.1s  ntok=1234  hit_cap=False  think=3954c  ans=2021c  ETA 5h 03m
[2026-04-30 15:12:17]     [427/576] E3-bayesian-update: generating (cap=8192)...
[2026-04-30 15:18:36]       done 379.0s  ntok=8192  hit_cap=True  think=0c  ans=36254c  ETA 5h 02m
[2026-04-30 15:18:36]     [428/576] E4-taxi-social: generating (cap=8192)...
[2026-04-30 15:24:55]       done 379.0s  ntok=8192  hit_cap=True  think=0c  ans=42260c  ETA 5h 02m
[2026-04-30 15:24:55]     [429/576] E5-ecological-fallacy: generating (cap=2048)...
[2026-04-30 15:25:34]       done 38.7s  ntok=880  hit_cap=False  think=3199c  ans=1362c  ETA 4h 59m
[2026-04-30 15:25:34]     [430/576] N1-simpsons-paradox: generating (cap=4096)...
[2026-04-30 15:28:35]       done 180.8s  ntok=4096  hit_cap=True  think=0c  ans=19720c  ETA 4h 57m
[2026-04-30 15:28:35]     [431/576] N2-conjunction-fallacy: generating (cap=2048)...
[2026-04-30 15:30:05]       done 90.3s  ntok=2048  hit_cap=True  think=0c  ans=9178c  ETA 4h 55m
[2026-04-30 15:30:05]     [432/576] N3-survivorship-bias: generating (cap=2048)...
[2026-04-30 15:31:14]       done 69.1s  ntok=1574  hit_cap=False  think=6076c  ans=1555c  ETA 4h 53m
[2026-04-30 15:31:14]   ─ α=+6.00 (a+06.00) ─
[2026-04-30 15:31:14]     [433/576] E1-confabulation: generating (cap=2048)...
[2026-04-30 15:32:44]       done 89.7s  ntok=2048  hit_cap=True  think=0c  ans=8357c  ETA 4h 51m
[2026-04-30 15:32:44]     [434/576] E2-contested-science: generating (cap=2048)...
[2026-04-30 15:34:14]       done 89.9s  ntok=2048  hit_cap=True  think=0c  ans=9552c  ETA 4h 48m
[2026-04-30 15:34:14]     [435/576] E3-bayesian-update: generating (cap=8192)...
[2026-04-30 15:40:32]       done 377.9s  ntok=8192  hit_cap=True  think=0c  ans=41076c  ETA 4h 48m
[2026-04-30 15:40:32]     [436/576] E4-taxi-social: generating (cap=8192)...
[2026-04-30 15:46:50]       done 378.1s  ntok=8192  hit_cap=True  think=0c  ans=40355c  ETA 4h 47m
[2026-04-30 15:46:50]     [437/576] E5-ecological-fallacy: generating (cap=2048)...
[2026-04-30 15:48:20]       done 90.5s  ntok=2048  hit_cap=True  think=0c  ans=9001c  ETA 4h 45m
[2026-04-30 15:48:20]     [438/576] N1-simpsons-paradox: generating (cap=4096)...
[2026-04-30 15:51:22]       done 181.4s  ntok=4096  hit_cap=True  think=0c  ans=20122c  ETA 4h 43m
[2026-04-30 15:51:22]     [439/576] N2-conjunction-fallacy: generating (cap=2048)...
[2026-04-30 15:52:52]       done 90.3s  ntok=2048  hit_cap=True  think=0c  ans=8804c  ETA 4h 41m
[2026-04-30 15:52:52]     [440/576] N3-survivorship-bias: generating (cap=2048)...
[2026-04-30 15:53:40]       done 48.6s  ntok=1098  hit_cap=False  think=3547c  ans=1805c  ETA 4h 38m
[2026-04-30 15:53:40]   ─ α=+8.00 (a+08.00) ─
[2026-04-30 15:53:40]     [441/576] E1-confabulation: generating (cap=2048)...
[2026-04-30 15:55:11]       done 90.3s  ntok=2048  hit_cap=True  think=0c  ans=8433c  ETA 4h 36m
[2026-04-30 15:55:11]     [442/576] E2-contested-science: generating (cap=2048)...
[2026-04-30 15:56:40]       done 89.6s  ntok=2048  hit_cap=True  think=0c  ans=9601c  ETA 4h 34m
[2026-04-30 15:56:40]     [443/576] E3-bayesian-update: generating (cap=8192)...
[2026-04-30 16:02:58]       done 377.6s  ntok=8192  hit_cap=True  think=0c  ans=43232c  ETA 4h 33m
[2026-04-30 16:02:58]     [444/576] E4-taxi-social: generating (cap=8192)...
[2026-04-30 16:09:16]       done 377.6s  ntok=8192  hit_cap=True  think=0c  ans=40121c  ETA 4h 32m
[2026-04-30 16:09:16]     [445/576] E5-ecological-fallacy: generating (cap=2048)...
[2026-04-30 16:10:46]       done 90.5s  ntok=2048  hit_cap=True  think=0c  ans=11051c  ETA 4h 30m
[2026-04-30 16:10:46]     [446/576] N1-simpsons-paradox: generating (cap=4096)...
[2026-04-30 16:13:47]       done 181.0s  ntok=4096  hit_cap=True  think=0c  ans=22207c  ETA 4h 28m
[2026-04-30 16:13:47]     [447/576] N2-conjunction-fallacy: generating (cap=2048)...
[2026-04-30 16:15:18]       done 90.5s  ntok=2048  hit_cap=True  think=0c  ans=9255c  ETA 4h 26m
[2026-04-30 16:15:18]     [448/576] N3-survivorship-bias: generating (cap=2048)...
[2026-04-30 16:16:48]       done 90.1s  ntok=2048  hit_cap=True  think=0c  ans=10757c  ETA 4h 24m
[2026-04-30 16:16:48]   ─ α=+10.00 (a+10.00) ─
[2026-04-30 16:16:48]     [449/576] E1-confabulation: generating (cap=2048)...
[2026-04-30 16:18:17]       done 89.5s  ntok=2048  hit_cap=True  think=0c  ans=9065c  ETA 4h 22m
[2026-04-30 16:18:17]     [450/576] E2-contested-science: generating (cap=2048)...
[2026-04-30 16:19:46]       done 89.2s  ntok=2048  hit_cap=True  think=0c  ans=9665c  ETA 4h 19m
[2026-04-30 16:19:46]     [451/576] E3-bayesian-update: generating (cap=8192)...
[2026-04-30 16:26:04]       done 377.4s  ntok=8192  hit_cap=True  think=0c  ans=44473c  ETA 4h 19m
[2026-04-30 16:26:04]     [452/576] E4-taxi-social: generating (cap=8192)...
[2026-04-30 16:32:22]       done 378.0s  ntok=8192  hit_cap=True  think=0c  ans=41867c  ETA 4h 18m
[2026-04-30 16:32:22]     [453/576] E5-ecological-fallacy: generating (cap=2048)...
[2026-04-30 16:33:51]       done 89.7s  ntok=2048  hit_cap=True  think=0c  ans=7675c  ETA 4h 15m
[2026-04-30 16:33:51]     [454/576] N1-simpsons-paradox: generating (cap=4096)...
[2026-04-30 16:36:51]       done 179.6s  ntok=4096  hit_cap=True  think=0c  ans=18334c  ETA 4h 14m
[2026-04-30 16:36:51]     [455/576] N2-conjunction-fallacy: generating (cap=2048)...
[2026-04-30 16:38:21]       done 89.7s  ntok=2048  hit_cap=True  think=0c  ans=9877c  ETA 4h 11m
[2026-04-30 16:38:21]     [456/576] N3-survivorship-bias: generating (cap=2048)...
[2026-04-30 16:39:51]       done 89.9s  ntok=2048  hit_cap=True  think=0c  ans=8783c  ETA 4h 09m
[2026-04-30 16:39:51]   ─ α=+12.00 (a+12.00) ─
[2026-04-30 16:39:51]     [457/576] E1-confabulation: generating (cap=2048)...
[2026-04-30 16:39:52]       done 1.0s  ntok=22  hit_cap=False  think=0c  ans=87c  ETA 4h 06m
[2026-04-30 16:39:52]     [458/576] E2-contested-science: generating (cap=2048)...
[2026-04-30 16:41:21]       done 89.2s  ntok=2048  hit_cap=True  think=0c  ans=8779c  ETA 4h 04m
[2026-04-30 16:41:21]     [459/576] E3-bayesian-update: generating (cap=8192)...
[2026-04-30 16:41:23]       done 2.0s  ntok=46  hit_cap=False  think=0c  ans=178c  ETA 4h 02m
[2026-04-30 16:41:23]     [460/576] E4-taxi-social: generating (cap=8192)...
[2026-04-30 16:41:24]       done 1.7s  ntok=39  hit_cap=False  think=0c  ans=180c  ETA 3h 59m
[2026-04-30 16:41:24]     [461/576] E5-ecological-fallacy: generating (cap=2048)...
[2026-04-30 16:41:27]       done 2.6s  ntok=61  hit_cap=False  think=0c  ans=291c  ETA 3h 56m
[2026-04-30 16:41:27]     [462/576] N1-simpsons-paradox: generating (cap=4096)...
[2026-04-30 16:44:28]       done 180.5s  ntok=4096  hit_cap=True  think=0c  ans=20264c  ETA 3h 55m
[2026-04-30 16:44:28]     [463/576] N2-conjunction-fallacy: generating (cap=2048)...
[2026-04-30 16:45:57]       done 89.5s  ntok=2048  hit_cap=True  think=0c  ans=9152c  ETA 3h 52m
[2026-04-30 16:45:57]     [464/576] N3-survivorship-bias: generating (cap=2048)...
[2026-04-30 16:47:26]       done 89.1s  ntok=2048  hit_cap=True  think=0c  ans=8193c  ETA 3h 50m
[2026-04-30 16:47:26]   ─ α=+16.00 (a+16.00) ─
[2026-04-30 16:47:26]     [465/576] E1-confabulation: generating (cap=2048)...
[2026-04-30 16:48:55]       done 89.2s  ntok=2048  hit_cap=True  think=0c  ans=4095c  ETA 3h 48m
[2026-04-30 16:48:55]     [466/576] E2-contested-science: generating (cap=2048)...
[2026-04-30 16:48:57]       done 1.2s  ntok=27  hit_cap=False  think=0c  ans=121c  ETA 3h 46m
[2026-04-30 16:48:57]     [467/576] E3-bayesian-update: generating (cap=8192)...
[2026-04-30 16:55:13]       done 376.3s  ntok=8192  hit_cap=True  think=0c  ans=42933c  ETA 3h 44m
[2026-04-30 16:55:13]     [468/576] E4-taxi-social: generating (cap=8192)...
[2026-04-30 17:01:31]       done 377.7s  ntok=8192  hit_cap=True  think=0c  ans=41873c  ETA 3h 43m
[2026-04-30 17:01:31]     [469/576] E5-ecological-fallacy: generating (cap=2048)...
[2026-04-30 17:03:00]       done 89.7s  ntok=2048  hit_cap=True  think=0c  ans=8397c  ETA 3h 41m
[2026-04-30 17:03:00]     [470/576] N1-simpsons-paradox: generating (cap=4096)...
[2026-04-30 17:05:59]       done 179.1s  ntok=4096  hit_cap=True  think=0c  ans=13336c  ETA 3h 39m
[2026-04-30 17:05:59]     [471/576] N2-conjunction-fallacy: generating (cap=2048)...
[2026-04-30 17:07:29]       done 89.2s  ntok=2048  hit_cap=True  think=0c  ans=4095c  ETA 3h 37m
[2026-04-30 17:07:29]     [472/576] N3-survivorship-bias: generating (cap=2048)...
[2026-04-30 17:08:58]       done 89.8s  ntok=2048  hit_cap=True  think=0c  ans=6826c  ETA 3h 35m
[2026-04-30 17:08:58]   ─ α=+20.00 (a+20.00) ─
[2026-04-30 17:08:58]     [473/576] E1-confabulation: generating (cap=2048)...
[2026-04-30 17:10:28]       done 89.7s  ntok=2048  hit_cap=True  think=0c  ans=7137c  ETA 3h 33m
[2026-04-30 17:10:28]     [474/576] E2-contested-science: generating (cap=2048)...
[2026-04-30 17:11:58]       done 89.5s  ntok=2048  hit_cap=True  think=0c  ans=7040c  ETA 3h 30m
[2026-04-30 17:11:58]     [475/576] E3-bayesian-update: generating (cap=8192)...
[2026-04-30 17:18:14]       done 376.9s  ntok=8192  hit_cap=True  think=0c  ans=36180c  ETA 3h 29m
[2026-04-30 17:18:14]     [476/576] E4-taxi-social: generating (cap=8192)...
[2026-04-30 17:24:32]       done 377.7s  ntok=8192  hit_cap=True  think=0c  ans=31093c  ETA 3h 28m
[2026-04-30 17:24:32]     [477/576] E5-ecological-fallacy: generating (cap=2048)...
[2026-04-30 17:26:02]       done 89.5s  ntok=2048  hit_cap=True  think=0c  ans=3156c  ETA 3h 26m
[2026-04-30 17:26:02]     [478/576] N1-simpsons-paradox: generating (cap=4096)...
[2026-04-30 17:29:02]       done 180.2s  ntok=4096  hit_cap=True  think=0c  ans=14332c  ETA 3h 24m
[2026-04-30 17:29:02]     [479/576] N2-conjunction-fallacy: generating (cap=2048)...
[2026-04-30 17:30:32]       done 89.7s  ntok=2048  hit_cap=True  think=0c  ans=2907c  ETA 3h 22m
[2026-04-30 17:30:32]     [480/576] N3-survivorship-bias: generating (cap=2048)...
[2026-04-30 17:32:01]       done 89.4s  ntok=2048  hit_cap=True  think=0c  ans=3719c  ETA 3h 20m
[2026-04-30 17:32:01] ════════════════════════════════════════════════════════════════════════
[2026-04-30 17:32:01] VECTOR CC_num_L3 — corpus=triplets-cc-numeric-only-symlinks  layer=L3  norm=1.30
[2026-04-30 17:32:01]   ─ α=-8.00 (a-08.00) ─
[2026-04-30 17:32:01]     [481/576] E1-confabulation: generating (cap=2048)...
[2026-04-30 17:33:30]       done 89.1s  ntok=2048  hit_cap=True  think=0c  ans=7765c  ETA 3h 17m
[2026-04-30 17:33:30]     [482/576] E2-contested-science: generating (cap=2048)...
[2026-04-30 17:35:00]       done 89.4s  ntok=2048  hit_cap=True  think=0c  ans=4368c  ETA 3h 15m
[2026-04-30 17:35:00]     [483/576] E3-bayesian-update: generating (cap=8192)...
[2026-04-30 17:41:16]       done 376.4s  ntok=8192  hit_cap=True  think=0c  ans=39625c  ETA 3h 14m
[2026-04-30 17:41:16]     [484/576] E4-taxi-social: generating (cap=8192)...
[2026-04-30 17:47:34]       done 378.4s  ntok=8192  hit_cap=True  think=0c  ans=35913c  ETA 3h 13m
[2026-04-30 17:47:34]     [485/576] E5-ecological-fallacy: generating (cap=2048)...
[2026-04-30 17:47:51]       done 17.0s  ntok=391  hit_cap=False  think=1940c  ans=26c  ETA 3h 10m
[2026-04-30 17:47:51]     [486/576] N1-simpsons-paradox: generating (cap=4096)...
[2026-04-30 17:50:52]       done 180.4s  ntok=4096  hit_cap=True  think=0c  ans=18848c  ETA 3h 08m
[2026-04-30 17:50:52]     [487/576] N2-conjunction-fallacy: generating (cap=2048)...
[2026-04-30 17:52:22]       done 90.2s  ntok=2048  hit_cap=True  think=0c  ans=8679c  ETA 3h 06m
[2026-04-30 17:52:22]     [488/576] N3-survivorship-bias: generating (cap=2048)...
[2026-04-30 17:53:52]       done 89.7s  ntok=2048  hit_cap=True  think=0c  ans=10141c  ETA 3h 04m
[2026-04-30 17:53:52]   ─ α=-4.00 (a-04.00) ─
[2026-04-30 17:53:52]     [489/576] E1-confabulation: generating (cap=2048)...
[2026-04-30 17:55:00]       done 68.5s  ntok=1565  hit_cap=False  think=6525c  ans=82c  ETA 3h 02m
[2026-04-30 17:55:00]     [490/576] E2-contested-science: generating (cap=2048)...
[2026-04-30 17:55:38]       done 37.9s  ntok=866  hit_cap=False  think=0c  ans=4480c  ETA 2h 59m
[2026-04-30 17:55:38]     [491/576] E3-bayesian-update: generating (cap=8192)...
[2026-04-30 17:57:15]       done 97.2s  ntok=2217  hit_cap=False  think=7250c  ans=979c  ETA 2h 57m
[2026-04-30 17:57:15]     [492/576] E4-taxi-social: generating (cap=8192)...
[2026-04-30 18:03:33]       done 377.4s  ntok=8192  hit_cap=True  think=0c  ans=42359c  ETA 2h 56m
[2026-04-30 18:03:33]     [493/576] E5-ecological-fallacy: generating (cap=2048)...
[2026-04-30 18:04:09]       done 36.1s  ntok=824  hit_cap=False  think=2979c  ans=1354c  ETA 2h 53m
[2026-04-30 18:04:09]     [494/576] N1-simpsons-paradox: generating (cap=4096)...
[2026-04-30 18:05:11]       done 61.8s  ntok=1415  hit_cap=False  think=4385c  ans=1813c  ETA 2h 51m
[2026-04-30 18:05:11]     [495/576] N2-conjunction-fallacy: generating (cap=2048)...
[2026-04-30 18:06:40]       done 89.5s  ntok=2048  hit_cap=True  think=8893c  ans=878c  ETA 2h 49m
[2026-04-30 18:06:40]     [496/576] N3-survivorship-bias: generating (cap=2048)...
[2026-04-30 18:08:09]       done 89.3s  ntok=2048  hit_cap=True  think=4469c  ans=5818c  ETA 2h 47m
[2026-04-30 18:08:09]   ─ α=-2.00 (a-02.00) ─
[2026-04-30 18:08:09]     [497/576] E1-confabulation: generating (cap=2048)...
[2026-04-30 18:09:38]       done 88.4s  ntok=2026  hit_cap=False  think=8902c  ans=299c  ETA 2h 45m
[2026-04-30 18:09:38]     [498/576] E2-contested-science: generating (cap=2048)...
[2026-04-30 18:10:13]       done 34.8s  ntok=796  hit_cap=False  think=0c  ans=4217c  ETA 2h 42m
[2026-04-30 18:10:13]     [499/576] E3-bayesian-update: generating (cap=8192)...
[2026-04-30 18:12:17]       done 124.8s  ntok=2858  hit_cap=False  think=7462c  ans=1393c  ETA 2h 40m
[2026-04-30 18:12:17]     [500/576] E4-taxi-social: generating (cap=8192)...
[2026-04-30 18:18:34]       done 376.9s  ntok=8192  hit_cap=True  think=0c  ans=43503c  ETA 2h 39m
[2026-04-30 18:18:34]     [501/576] E5-ecological-fallacy: generating (cap=2048)...
[2026-04-30 18:19:04]       done 30.1s  ntok=685  hit_cap=False  think=2470c  ans=1102c  ETA 2h 36m
[2026-04-30 18:19:04]     [502/576] N1-simpsons-paradox: generating (cap=4096)...
[2026-04-30 18:20:17]       done 72.5s  ntok=1664  hit_cap=False  think=5681c  ans=1791c  ETA 2h 34m
[2026-04-30 18:20:17]     [503/576] N2-conjunction-fallacy: generating (cap=2048)...
[2026-04-30 18:21:46]       done 89.1s  ntok=2048  hit_cap=True  think=0c  ans=9565c  ETA 2h 32m
[2026-04-30 18:21:46]     [504/576] N3-survivorship-bias: generating (cap=2048)...
[2026-04-30 18:22:48]       done 62.2s  ntok=1429  hit_cap=False  think=4115c  ans=2915c  ETA 2h 30m
[2026-04-30 18:22:48]   ─ α=+1.00 (a+01.00) ─
[2026-04-30 18:22:48]     [505/576] E1-confabulation: generating (cap=2048)...
[2026-04-30 18:23:37]       done 48.6s  ntok=1115  hit_cap=False  think=4793c  ans=270c  ETA 2h 27m
[2026-04-30 18:23:37]     [506/576] E2-contested-science: generating (cap=2048)...
[2026-04-30 18:24:27]       done 49.7s  ntok=1144  hit_cap=False  think=4250c  ans=1484c  ETA 2h 25m
[2026-04-30 18:24:27]     [507/576] E3-bayesian-update: generating (cap=8192)...
[2026-04-30 18:30:44]       done 377.1s  ntok=8192  hit_cap=True  think=0c  ans=37823c  ETA 2h 24m
[2026-04-30 18:30:44]     [508/576] E4-taxi-social: generating (cap=8192)...
[2026-04-30 18:37:01]       done 377.2s  ntok=8192  hit_cap=True  think=0c  ans=42173c  ETA 2h 22m
[2026-04-30 18:37:01]     [509/576] E5-ecological-fallacy: generating (cap=2048)...
[2026-04-30 18:37:41]       done 40.1s  ntok=926  hit_cap=False  think=2775c  ans=2037c  ETA 2h 20m
[2026-04-30 18:37:41]     [510/576] N1-simpsons-paradox: generating (cap=4096)...
[2026-04-30 18:38:26]       done 45.2s  ntok=1045  hit_cap=False  think=2768c  ans=1896c  ETA 2h 18m
[2026-04-30 18:38:26]     [511/576] N2-conjunction-fallacy: generating (cap=2048)...
[2026-04-30 18:39:55]       done 89.1s  ntok=2048  hit_cap=True  think=0c  ans=9278c  ETA 2h 15m
[2026-04-30 18:39:55]     [512/576] N3-survivorship-bias: generating (cap=2048)...
[2026-04-30 18:40:58]       done 63.2s  ntok=1449  hit_cap=False  think=4672c  ans=2403c  ETA 2h 13m
[2026-04-30 18:40:58]   ─ α=+2.00 (a+02.00) ─
[2026-04-30 18:40:58]     [513/576] E1-confabulation: generating (cap=2048)...
[2026-04-30 18:41:31]       done 33.0s  ntok=758  hit_cap=False  think=3230c  ans=249c  ETA 2h 11m
[2026-04-30 18:41:31]     [514/576] E2-contested-science: generating (cap=2048)...
[2026-04-30 18:42:23]       done 51.8s  ntok=1191  hit_cap=False  think=3492c  ans=2152c  ETA 2h 09m
[2026-04-30 18:42:23]     [515/576] E3-bayesian-update: generating (cap=8192)...
[2026-04-30 18:48:39]       done 375.5s  ntok=8192  hit_cap=True  think=0c  ans=36538c  ETA 2h 07m
[2026-04-30 18:48:39]     [516/576] E4-taxi-social: generating (cap=8192)...
[2026-04-30 18:54:55]       done 376.4s  ntok=8192  hit_cap=True  think=0c  ans=42735c  ETA 2h 05m
[2026-04-30 18:54:55]     [517/576] E5-ecological-fallacy: generating (cap=2048)...
[2026-04-30 18:55:34]       done 38.5s  ntok=883  hit_cap=False  think=2611c  ans=2042c  ETA 2h 03m
[2026-04-30 18:55:34]     [518/576] N1-simpsons-paradox: generating (cap=4096)...
[2026-04-30 18:57:08]       done 94.5s  ntok=2167  hit_cap=False  think=7622c  ans=1274c  ETA 2h 01m
[2026-04-30 18:57:08]     [519/576] N2-conjunction-fallacy: generating (cap=2048)...
[2026-04-30 18:58:37]       done 88.8s  ntok=2048  hit_cap=True  think=0c  ans=8929c  ETA 1h 59m
[2026-04-30 18:58:37]     [520/576] N3-survivorship-bias: generating (cap=2048)...
[2026-04-30 18:59:35]       done 58.3s  ntok=1332  hit_cap=False  think=4166c  ans=2561c  ETA 1h 57m
[2026-04-30 18:59:35]   ─ α=+4.00 (a+04.00) ─
[2026-04-30 18:59:35]     [521/576] E1-confabulation: generating (cap=2048)...
[2026-04-30 19:00:45]       done 69.3s  ntok=1595  hit_cap=False  think=6403c  ans=234c  ETA 1h 54m
[2026-04-30 19:00:45]     [522/576] E2-contested-science: generating (cap=2048)...
[2026-04-30 19:01:28]       done 43.2s  ntok=997  hit_cap=False  think=3397c  ans=1382c  ETA 1h 52m
[2026-04-30 19:01:28]     [523/576] E3-bayesian-update: generating (cap=8192)...
[2026-04-30 19:07:43]       done 375.0s  ntok=8192  hit_cap=True  think=0c  ans=36522c  ETA 1h 51m
[2026-04-30 19:07:43]     [524/576] E4-taxi-social: generating (cap=8192)...
[2026-04-30 19:13:58]       done 375.2s  ntok=8192  hit_cap=True  think=0c  ans=41780c  ETA 1h 49m
[2026-04-30 19:13:58]     [525/576] E5-ecological-fallacy: generating (cap=2048)...
[2026-04-30 19:14:50]       done 51.5s  ntok=1188  hit_cap=False  think=4780c  ans=1328c  ETA 1h 47m
[2026-04-30 19:14:50]     [526/576] N1-simpsons-paradox: generating (cap=4096)...
[2026-04-30 19:17:47]       done 177.7s  ntok=4096  hit_cap=True  think=0c  ans=18205c  ETA 1h 45m
[2026-04-30 19:17:47]     [527/576] N2-conjunction-fallacy: generating (cap=2048)...
[2026-04-30 19:19:17]       done 89.2s  ntok=2048  hit_cap=True  think=0c  ans=7481c  ETA 1h 42m
[2026-04-30 19:19:17]     [528/576] N3-survivorship-bias: generating (cap=2048)...
[2026-04-30 19:20:08]       done 51.7s  ntok=1187  hit_cap=False  think=3730c  ans=1716c  ETA 1h 40m
[2026-04-30 19:20:08]   ─ α=+6.00 (a+06.00) ─
[2026-04-30 19:20:08]     [529/576] E1-confabulation: generating (cap=2048)...
[2026-04-30 19:21:23]       done 74.4s  ntok=1720  hit_cap=False  think=6540c  ans=713c  ETA 1h 38m
[2026-04-30 19:21:23]     [530/576] E2-contested-science: generating (cap=2048)...
[2026-04-30 19:22:11]       done 48.2s  ntok=1122  hit_cap=False  think=3912c  ans=1378c  ETA 1h 36m
[2026-04-30 19:22:11]     [531/576] E3-bayesian-update: generating (cap=8192)...
[2026-04-30 19:28:23]       done 371.6s  ntok=8192  hit_cap=True  think=0c  ans=38791c  ETA 1h 34m
[2026-04-30 19:28:23]     [532/576] E4-taxi-social: generating (cap=8192)...
[2026-04-30 19:34:32]       done 369.6s  ntok=8192  hit_cap=True  think=0c  ans=40393c  ETA 1h 32m
[2026-04-30 19:34:32]     [533/576] E5-ecological-fallacy: generating (cap=2048)...
[2026-04-30 19:35:19]       done 46.9s  ntok=1104  hit_cap=False  think=4233c  ans=1521c  ETA 1h 30m
[2026-04-30 19:35:19]     [534/576] N1-simpsons-paradox: generating (cap=4096)...
[2026-04-30 19:38:14]       done 174.9s  ntok=4096  hit_cap=True  think=0c  ans=16011c  ETA 1h 28m
[2026-04-30 19:38:14]     [535/576] N2-conjunction-fallacy: generating (cap=2048)...
[2026-04-30 19:39:41]       done 87.1s  ntok=2048  hit_cap=True  think=0c  ans=8061c  ETA 1h 26m
[2026-04-30 19:39:41]     [536/576] N3-survivorship-bias: generating (cap=2048)...
[2026-04-30 19:40:55]       done 73.6s  ntok=1735  hit_cap=False  think=6427c  ans=1508c  ETA 1h 24m
[2026-04-30 19:40:55]   ─ α=+8.00 (a+08.00) ─
[2026-04-30 19:40:55]     [537/576] E1-confabulation: generating (cap=2048)...
[2026-04-30 19:41:52]       done 57.3s  ntok=1353  hit_cap=False  think=5379c  ans=337c  ETA 1h 22m
[2026-04-30 19:41:52]     [538/576] E2-contested-science: generating (cap=2048)...
[2026-04-30 19:42:37]       done 44.9s  ntok=1062  hit_cap=False  think=4003c  ans=547c  ETA 1h 19m
[2026-04-30 19:42:37]     [539/576] E3-bayesian-update: generating (cap=8192)...
[2026-04-30 19:48:45]       done 368.1s  ntok=8192  hit_cap=True  think=0c  ans=35948c  ETA 1h 18m
[2026-04-30 19:48:45]     [540/576] E4-taxi-social: generating (cap=8192)...
[2026-04-30 19:54:56]       done 371.2s  ntok=8192  hit_cap=True  think=0c  ans=37634c  ETA 1h 16m
[2026-04-30 19:54:56]     [541/576] E5-ecological-fallacy: generating (cap=2048)...
[2026-04-30 19:55:27]       done 31.1s  ntok=716  hit_cap=False  think=2289c  ans=1053c  ETA 1h 14m
[2026-04-30 19:55:27]     [542/576] N1-simpsons-paradox: generating (cap=4096)...
[2026-04-30 19:58:26]       done 178.2s  ntok=4096  hit_cap=True  think=0c  ans=19390c  ETA 1h 11m
[2026-04-30 19:58:26]     [543/576] N2-conjunction-fallacy: generating (cap=2048)...
[2026-04-30 19:59:54]       done 88.6s  ntok=2048  hit_cap=True  think=0c  ans=7813c  ETA 1h 09m
[2026-04-30 19:59:54]     [544/576] N3-survivorship-bias: generating (cap=2048)...
[2026-04-30 20:00:32]       done 37.3s  ntok=875  hit_cap=False  think=2465c  ans=1582c  ETA 1h 07m
[2026-04-30 20:00:32]   ─ α=+10.00 (a+10.00) ─
[2026-04-30 20:00:32]     [545/576] E1-confabulation: generating (cap=2048)...
[2026-04-30 20:02:00]       done 88.1s  ntok=2048  hit_cap=True  think=0c  ans=2715c  ETA 1h 05m
[2026-04-30 20:02:00]     [546/576] E2-contested-science: generating (cap=2048)...
[2026-04-30 20:03:28]       done 88.0s  ntok=2048  hit_cap=True  think=0c  ans=6491c  ETA 1h 03m
[2026-04-30 20:03:28]     [547/576] E3-bayesian-update: generating (cap=8192)...
[2026-04-30 20:09:37]       done 369.1s  ntok=8192  hit_cap=True  think=0c  ans=34053c  ETA 1h 01m
[2026-04-30 20:09:37]     [548/576] E4-taxi-social: generating (cap=8192)...
[2026-04-30 20:15:46]       done 369.4s  ntok=8192  hit_cap=True  think=0c  ans=33465c  ETA 59m 29s
[2026-04-30 20:15:46]     [549/576] E5-ecological-fallacy: generating (cap=2048)...
[2026-04-30 20:17:13]       done 86.6s  ntok=2048  hit_cap=True  think=0c  ans=3565c  ETA 57m 19s
[2026-04-30 20:17:13]     [550/576] N1-simpsons-paradox: generating (cap=4096)...
[2026-04-30 20:20:07]       done 174.3s  ntok=4096  hit_cap=True  think=0c  ans=10251c  ETA 55m 14s
[2026-04-30 20:20:07]     [551/576] N2-conjunction-fallacy: generating (cap=2048)...
[2026-04-30 20:21:34]       done 86.9s  ntok=2048  hit_cap=True  think=0c  ans=5542c  ETA 53m 05s
[2026-04-30 20:21:34]     [552/576] N3-survivorship-bias: generating (cap=2048)...
[2026-04-30 20:23:01]       done 86.8s  ntok=2048  hit_cap=True  think=0c  ans=7008c  ETA 50m 56s
[2026-04-30 20:23:01]   ─ α=+12.00 (a+12.00) ─
[2026-04-30 20:23:01]     [553/576] E1-confabulation: generating (cap=2048)...
[2026-04-30 20:24:27]       done 86.2s  ntok=2048  hit_cap=True  think=0c  ans=3930c  ETA 48m 47s
[2026-04-30 20:24:27]     [554/576] E2-contested-science: generating (cap=2048)...
[2026-04-30 20:25:54]       done 86.6s  ntok=2048  hit_cap=True  think=0c  ans=6458c  ETA 46m 38s
[2026-04-30 20:25:54]     [555/576] E3-bayesian-update: generating (cap=8192)...
[2026-04-30 20:32:01]       done 367.0s  ntok=8192  hit_cap=True  think=0c  ans=38156c  ETA 44m 40s
[2026-04-30 20:32:01]     [556/576] E4-taxi-social: generating (cap=8192)...
[2026-04-30 20:38:09]       done 368.0s  ntok=8192  hit_cap=True  think=0c  ans=29363c  ETA 42m 41s
[2026-04-30 20:38:09]     [557/576] E5-ecological-fallacy: generating (cap=2048)...
[2026-04-30 20:39:35]       done 86.8s  ntok=2048  hit_cap=True  think=1690c  ans=5868c  ETA 40m 31s
[2026-04-30 20:39:35]     [558/576] N1-simpsons-paradox: generating (cap=4096)...
[2026-04-30 20:42:30]       done 174.5s  ntok=4096  hit_cap=True  think=0c  ans=12070c  ETA 38m 25s
[2026-04-30 20:42:30]     [559/576] N2-conjunction-fallacy: generating (cap=2048)...
[2026-04-30 20:43:57]       done 86.8s  ntok=2048  hit_cap=True  think=0c  ans=9620c  ETA 36m 15s
[2026-04-30 20:43:57]     [560/576] N3-survivorship-bias: generating (cap=2048)...
[2026-04-30 20:45:23]       done 86.7s  ntok=2048  hit_cap=True  think=0c  ans=2846c  ETA 34m 06s
[2026-04-30 20:45:23]   ─ α=+16.00 (a+16.00) ─
[2026-04-30 20:45:23]     [561/576] E1-confabulation: generating (cap=2048)...
[2026-04-30 20:46:50]       done 86.5s  ntok=2048  hit_cap=True  think=0c  ans=6754c  ETA 31m 57s
[2026-04-30 20:46:50]     [562/576] E2-contested-science: generating (cap=2048)...
[2026-04-30 20:48:16]       done 86.5s  ntok=2048  hit_cap=True  think=0c  ans=2313c  ETA 29m 48s
[2026-04-30 20:48:16]     [563/576] E3-bayesian-update: generating (cap=8192)...
[2026-04-30 20:48:17]       done 0.7s  ntok=17  hit_cap=False  think=0c  ans=59c  ETA 27m 38s
[2026-04-30 20:48:17]     [564/576] E4-taxi-social: generating (cap=8192)...
[2026-04-30 20:54:24]       done 366.9s  ntok=8192  hit_cap=True  think=0c  ans=34804c  ETA 25m 35s
[2026-04-30 20:54:24]     [565/576] E5-ecological-fallacy: generating (cap=2048)...
[2026-04-30 20:55:51]       done 86.9s  ntok=2048  hit_cap=True  think=0c  ans=5714c  ETA 23m 26s
[2026-04-30 20:55:51]     [566/576] N1-simpsons-paradox: generating (cap=4096)...
[2026-04-30 20:58:45]       done 173.9s  ntok=4096  hit_cap=True  think=0c  ans=4987c  ETA 21m 19s
[2026-04-30 20:58:45]     [567/576] N2-conjunction-fallacy: generating (cap=2048)...
[2026-04-30 21:00:11]       done 86.5s  ntok=2048  hit_cap=True  think=0c  ans=6355c  ETA 19m 11s
[2026-04-30 21:00:11]     [568/576] N3-survivorship-bias: generating (cap=2048)...
[2026-04-30 21:01:38]       done 86.7s  ntok=2048  hit_cap=True  think=0c  ans=3279c  ETA 17m 02s
[2026-04-30 21:01:38]   ─ α=+20.00 (a+20.00) ─
[2026-04-30 21:01:38]     [569/576] E1-confabulation: generating (cap=2048)...
[2026-04-30 21:03:05]       done 86.6s  ntok=2048  hit_cap=True  think=0c  ans=5343c  ETA 14m 54s
[2026-04-30 21:03:05]     [570/576] E2-contested-science: generating (cap=2048)...
[2026-04-30 21:04:31]       done 86.6s  ntok=2048  hit_cap=True  think=0c  ans=1252c  ETA 12m 46s
[2026-04-30 21:04:31]     [571/576] E3-bayesian-update: generating (cap=8192)...
[2026-04-30 21:04:31]       done 0.1s  ntok=1  hit_cap=False  think=0c  ans=0c  ETA 10m 37s
[2026-04-30 21:04:31]     [572/576] E4-taxi-social: generating (cap=8192)...
[2026-04-30 21:04:31]       done 0.1s  ntok=1  hit_cap=False  think=0c  ans=0c  ETA 8m 28s
[2026-04-30 21:04:31]     [573/576] E5-ecological-fallacy: generating (cap=2048)...
[2026-04-30 21:04:31]       done 0.1s  ntok=1  hit_cap=False  think=0c  ans=0c  ETA 6m 21s
[2026-04-30 21:04:31]     [574/576] N1-simpsons-paradox: generating (cap=4096)...
[2026-04-30 21:04:32]       done 0.1s  ntok=1  hit_cap=False  think=0c  ans=0c  ETA 4m 13s
[2026-04-30 21:04:32]     [575/576] N2-conjunction-fallacy: generating (cap=2048)...
[2026-04-30 21:05:58]       done 86.8s  ntok=2048  hit_cap=True  think=0c  ans=2087c  ETA 2m 06s
[2026-04-30 21:05:58]     [576/576] N3-survivorship-bias: generating (cap=2048)...
[2026-04-30 21:07:25]       done 86.5s  ntok=2048  hit_cap=True  think=0c  ans=5137c  ETA 0m 00s
[2026-04-30 21:07:25] ========================================================================
[2026-04-30 21:07:25] SWEEP COMPLETE — 576 steered + 8 baselines in 20h 26m
